#
# A fatal error has been detected by the Java Runtime Environment:
#
#  SIGSEGV (0xb) at pc=0x000074cd9553f9e1, pid=1329509, tid=1329510
#
# JRE version: OpenJDK Runtime Environment (21.0.10+7) (build 21.0.10+7-Ubuntu-124.04)
# Java VM: OpenJDK 64-Bit Server VM (21.0.10+7-Ubuntu-124.04, mixed mode, sharing, tiered, compressed oops, compressed class ptrs, g1 gc, linux-amd64)
# Problematic frame:
# C  [libgtk-3.so.0+0x33f9e1]
#
# Core dump will be written. Default location: Core dumps may be processed with "/usr/share/apport/apport -p%p -s%s -c%c -d%d -P%P -u%u -g%g -F%F -- %E" (or dumping to /home/romaric/Documents/M1/INF2229-Informatique&Gestion_de_Donnees/Projet - Qualité des données IoT et Maintenance/core.1329509)
#
# If you would like to submit a bug report, please visit:
#   https://bugs.launchpad.net/ubuntu/+source/openjdk-21
# The crash happened outside the Java Virtual Machine in native code.
# See problematic frame for where to report the bug.
#

---------------  S U M M A R Y ------------

Command Line: -Xms512m -Xmx1536m -Dfile.encoding=UTF-8 -Dosgi.requiredJavaVersion=11 -XX:+UseG1GC -XX:+UseStringDeduplication -XX:MaxMetaspaceSize=512m --add-opens=java.base/java.lang=ALL-UNNAMED --add-opens=java.base/java.util=ALL-UNNAMED --add-modules=ALL-SYSTEM /home/romaric/TOS_BD-20211109_1610-V8.0.1/plugins/org.eclipse.equinox.launcher_1.6.200.v20210416-2027.jar -os linux -ws gtk -arch x86_64 -showsplash -launcher /home/romaric/TOS_BD-20211109_1610-V8.0.1/TOS_BD-linux-gtk-x86_64 -name TOS_BD-linux-gtk-x86_64 --launcher.library /home/romaric/TOS_BD-20211109_1610-V8.0.1/plugins/org.eclipse.equinox.launcher.gtk.linux.x86_64_1.2.200.v20210429-1609/eclipse_11401.so -startup /home/romaric/TOS_BD-20211109_1610-V8.0.1/plugins/org.eclipse.equinox.launcher_1.6.200.v20210416-2027.jar --launcher.overrideVmargs -exitdata 20011 -vm /usr/bin/java -vmargs -Xms512m -Xmx1536m -Dfile.encoding=UTF-8 -Dosgi.requiredJavaVersion=11 -XX:+UseG1GC -XX:+UseStringDeduplication -XX:MaxMetaspaceSize=512m --add-opens java.base/java.lang=ALL-UNNAMED --add-opens java.base/java.util=ALL-UNNAMED --add-modules=ALL-SYSTEM -jar /home/romaric/TOS_BD-20211109_1610-V8.0.1/plugins/org.eclipse.equinox.launcher_1.6.200.v20210416-2027.jar

Host: 13th Gen Intel(R) Core(TM) i7-1355U, 12 cores, 15G, Ubuntu 24.04.4 LTS
Time: Tue May 12 15:22:55 2026 GMT elapsed time: 948.417721 seconds (0d 0h 15m 48s)

---------------  T H R E A D  ---------------

Current thread (0x000074cdc001a880):  JavaThread "main"             [_thread_in_native, id=1329510, stack(0x000074cdc5100000,0x000074cdc5200000) (1024K)]

Stack: [0x000074cdc5100000,0x000074cdc5200000],  sp=0x000074cdc51faa90,  free space=1002k
Native frames: (J=compiled Java code, j=interpreted, Vv=VM code, C=native code)
C  [libgtk-3.so.0+0x33f9e1]
C  [libgobject-2.0.so.0+0x152fa]  g_closure_invoke+0x14a
C  [libgobject-2.0.so.0+0x4490c]
C  [libgobject-2.0.so.0+0x35591]
C  [libgobject-2.0.so.0+0x357c1]  g_signal_emit_valist+0x41
C  [libgobject-2.0.so.0+0x35883]  g_signal_emit+0x93
C  [libgtk-3.so.0+0x32ce46]  gtk_tree_store_set_valist+0x116
C  [libgtk-3.so.0+0x32cf1a]  gtk_tree_store_set+0x9a
C  [libswt-pi3-gtk-4944r26.so+0x4896f]  Java_org_eclipse_swt_internal_gtk_GTK_gtk_1tree_1store_1set__JJIII+0x1f
j  org.eclipse.swt.widgets.Tree.getId(JZ)I+116
j  org.eclipse.swt.widgets.Tree._getItem(J)Lorg/eclipse/swt/widgets/TreeItem;+3
j  org.eclipse.swt.widgets.Tree.cellDataProc(JJJJJ)J+14
J 37833 c2 org.eclipse.swt.widgets.Display.cellDataProc(JJJJJ)J (29 bytes) @ 0x000074cdb0ac049c [0x000074cdb0ac0340+0x000000000000015c]
v  ~StubRoutines::call_stub 0x000074cdafd37cc6
V  [libjvm.so+0x9140ba]  JavaCalls::call_helper(JavaValue*, methodHandle const&, JavaCallArguments*, JavaThread*)+0x2da
V  [libjvm.so+0x9b8a1a]  jni_invoke_nonstatic(JNIEnv_*, JavaValue*, _jobject*, JNICallType, _jmethodID*, JNI_ArgumentPusher*, JavaThread*) [clone .constprop.1]+0x20a
V  [libjvm.so+0x9c0464]  jni_CallLongMethodV+0x1d4
Java frames: (J=compiled Java code, j=interpreted, Vv=VM code)
J 36338  org.eclipse.swt.internal.gtk.GTK.gtk_tree_store_set(JJIII)V (0 bytes) @ 0x000074cdb085c906 [0x000074cdb085c8a0+0x0000000000000066]
j  org.eclipse.swt.widgets.Tree.getId(JZ)I+116
j  org.eclipse.swt.widgets.Tree._getItem(J)Lorg/eclipse/swt/widgets/TreeItem;+3
j  org.eclipse.swt.widgets.Tree.cellDataProc(JJJJJ)J+14
J 37833 c2 org.eclipse.swt.widgets.Display.cellDataProc(JJJJJ)J (29 bytes) @ 0x000074cdb0ac049c [0x000074cdb0ac0340+0x000000000000015c]
v  ~StubRoutines::call_stub 0x000074cdafd37cc6
J 39474  org.eclipse.swt.internal.gtk.GTK.gtk_widget_grab_focus(J)V (0 bytes) @ 0x000074cdb0adc0f9 [0x000074cdb0adc0a0+0x0000000000000059]
J 42645 c1 org.eclipse.swt.widgets.Control.forceFocus(J)Z (114 bytes) @ 0x000074cda91201ec [0x000074cda91200e0+0x000000000000010c]
J 43133 c1 org.eclipse.swt.widgets.Composite.forceFocus(J)Z (36 bytes) @ 0x000074cdaa3e466c [0x000074cdaa3e4560+0x000000000000010c]
J 31510 c1 org.eclipse.swt.widgets.Control.forceFocus()Z (58 bytes) @ 0x000074cda971f564 [0x000074cda971eec0+0x00000000000006a4]
j  org.eclipse.swt.widgets.Control.setTabItemFocus(Z)Z+10
j  org.eclipse.swt.widgets.Composite.setTabItemFocus(Z)Z+2
j  org.eclipse.swt.widgets.Composite.setTabGroupFocus(Z)Z+61
j  org.eclipse.swt.widgets.Control.traverseGroup(Z)Z+94
j  org.eclipse.swt.widgets.Shell.open()V+33
j  org.eclipse.jface.window.Window.open()I+34
j  org.talend.designer.core.ui.editor.update.UpdateManagerUtils.doExecuteUpdates(Ljava/util/List;ZZZ)Z+86
j  org.talend.designer.core.ui.editor.update.UpdateManagerUtils.access$1(Ljava/util/List;ZZZ)Z+4
j  org.talend.designer.core.ui.editor.update.UpdateManagerUtils$2.run()V+17
j  org.talend.repository.RepositoryWorkUnit.executeRun()V+1
j  org.talend.core.repository.model.AbstractRepositoryFactory.executeRepositoryWorkUnit(Lorg/talend/repository/RepositoryWorkUnit;)V+1
j  org.talend.repository.localprovider.model.LocalRepositoryFactory.executeRepositoryWorkUnit(Lorg/talend/repository/RepositoryWorkUnit;)V+31
j  org.talend.core.repository.model.ProxyRepositoryFactory.executeRepositoryWorkUnit(Lorg/talend/repository/RepositoryWorkUnit;)V+9
j  org.talend.designer.core.ui.editor.update.UpdateManagerUtils.executeUpdates(Ljava/util/List;ZZZZ)Z+43
j  org.talend.designer.core.ui.editor.update.UpdateManagerUtils.executeUpdates(Ljava/util/List;ZZZ)Z+5
j  org.talend.designer.core.ui.editor.update.UpdateManagerUtils.executeUpdates(Ljava/util/List;ZZ)Z+4
j  org.talend.designer.core.DesignerCoreService.executeUpdatesManager(Ljava/util/List;Z)Z+3
j  org.talend.core.model.update.RepositoryUpdateManager.doWork(ZZ)Z+308
j  org.talend.core.model.update.RepositoryUpdateManager.updateDBConnection(Lorg/talend/core/model/properties/ConnectionItem;Ljava/lang/String;ZZ)Z+39
j  org.talend.core.model.update.RepositoryUpdateManager.updateDBConnection(Lorg/talend/core/model/properties/ConnectionItem;ZZ)Z+6
j  org.talend.core.model.update.RepositoryUpdateManager.updateDBConnection(Lorg/talend/core/model/properties/ConnectionItem;)Z+3
j  org.talend.repository.ui.wizards.metadata.connection.database.DatabaseWizard.handleDatabasePart(Lorg/talend/core/model/metadata/IMetadataConnection;Lorg/talend/core/ITDQRepositoryService;)Lorg/talend/utils/sugars/TypedReturnCode;+259
j  org.talend.repository.ui.wizards.metadata.connection.database.DatabaseWizard.handleDatabaseUpdate(Lorg/talend/core/model/metadata/IMetadataConnection;Lorg/talend/core/ITDQRepositoryService;)Z+3
j  org.talend.repository.ui.wizards.metadata.connection.database.DatabaseWizard.performFinish()Z+931
j  org.eclipse.jface.wizard.WizardDialog.finishPressed()V+4
j  org.eclipse.jface.wizard.WizardDialog.buttonPressed(I)V+54
j  org.eclipse.jface.dialogs.Dialog.lambda$0(Lorg/eclipse/swt/events/SelectionEvent;)V+14
j  org.eclipse.jface.dialogs.Dialog$$Lambda+0x000074cd7273e000.accept(Ljava/lang/Object;)V+8
j  org.eclipse.swt.events.SelectionListener$1.widgetSelected(Lorg/eclipse/swt/events/SelectionEvent;)V+5
J 44364 c2 org.eclipse.swt.widgets.TypedListener.handleEvent(Lorg/eclipse/swt/widgets/Event;)V (1291 bytes) @ 0x000074cdb1712380 [0x000074cdb170e220+0x0000000000004160]
J 28972 c2 org.eclipse.swt.widgets.EventTable.sendEvent(Lorg/eclipse/swt/widgets/Event;)V (592 bytes) @ 0x000074cdb12a0ecc [0x000074cdb12a0e20+0x00000000000000ac]
J 43962 c2 org.eclipse.swt.widgets.Display.runDeferredEvents()Z (109 bytes) @ 0x000074cdb03d7818 [0x000074cdb03d72e0+0x0000000000000538]
J 44081 c2 org.eclipse.swt.widgets.Display.readAndDispatch()Z (88 bytes) @ 0x000074cdb14a4420 [0x000074cdb14a3fa0+0x0000000000000480]
j  org.eclipse.jface.window.Window.runEventLoop(Lorg/eclipse/swt/widgets/Shell;)V+23
j  org.eclipse.jface.window.Window.open()I+49
j  org.talend.repository.metadata.ui.actions.metadata.CreateConnectionAction.doRun()V+445
j  org.talend.repository.ui.actions.AContextualAction$2.run()V+73
j  org.talend.repository.RepositoryWorkUnit.executeRun()V+1
j  org.talend.core.repository.model.AbstractRepositoryFactory.executeRepositoryWorkUnit(Lorg/talend/repository/RepositoryWorkUnit;)V+1
j  org.talend.repository.localprovider.model.LocalRepositoryFactory.executeRepositoryWorkUnit(Lorg/talend/repository/RepositoryWorkUnit;)V+31
j  org.talend.core.repository.model.ProxyRepositoryFactory.executeRepositoryWorkUnit(Lorg/talend/repository/RepositoryWorkUnit;)V+9
j  org.talend.repository.ui.actions.AContextualAction.run()V+154
j  org.eclipse.jface.action.Action.runWithEvent(Lorg/eclipse/swt/widgets/Event;)V+1
j  org.eclipse.jface.action.ActionContributionItem.handleWidgetSelection(Lorg/eclipse/swt/widgets/Event;Z)V+361
j  org.eclipse.jface.action.ActionContributionItem.lambda$4(Lorg/eclipse/swt/widgets/Event;)V+54
j  org.eclipse.jface.action.ActionContributionItem$$Lambda+0x000074cd73406360.handleEvent(Lorg/eclipse/swt/widgets/Event;)V+5
J 28972 c2 org.eclipse.swt.widgets.EventTable.sendEvent(Lorg/eclipse/swt/widgets/Event;)V (592 bytes) @ 0x000074cdb12a0ecc [0x000074cdb12a0e20+0x00000000000000ac]
J 43962 c2 org.eclipse.swt.widgets.Display.runDeferredEvents()Z (109 bytes) @ 0x000074cdb03d7818 [0x000074cdb03d72e0+0x0000000000000538]
J 43489 c1 org.eclipse.swt.widgets.Display.readAndDispatch()Z (88 bytes) @ 0x000074cda8c230ac [0x000074cda8c22be0+0x00000000000004cc]
J 39314% c2 org.eclipse.e4.ui.internal.workbench.swt.PartRenderingEngine$5.run()V (690 bytes) @ 0x000074cdb07a4948 [0x000074cdb07a46e0+0x0000000000000268]
j  org.eclipse.core.databinding.observable.Realm.runWithDefault(Lorg/eclipse/core/databinding/observable/Realm;Ljava/lang/Runnable;)V+12
j  org.eclipse.e4.ui.internal.workbench.swt.PartRenderingEngine.run(Lorg/eclipse/e4/ui/model/application/MApplicationElement;Lorg/eclipse/e4/core/contexts/IEclipseContext;)Ljava/lang/Object;+57
j  org.eclipse.e4.ui.internal.workbench.E4Workbench.createAndRunUI(Lorg/eclipse/e4/ui/model/application/MApplicationElement;)V+20
j  org.eclipse.ui.internal.Workbench.lambda$3(Lorg/eclipse/swt/widgets/Display;Lorg/eclipse/ui/application/WorkbenchAdvisor;[I)V+393
j  org.eclipse.ui.internal.Workbench$$Lambda+0x000074cd72279dd8.run()V+12
j  org.eclipse.core.databinding.observable.Realm.runWithDefault(Lorg/eclipse/core/databinding/observable/Realm;Ljava/lang/Runnable;)V+12
j  org.eclipse.ui.internal.Workbench.createAndRunWorkbench(Lorg/eclipse/swt/widgets/Display;Lorg/eclipse/ui/application/WorkbenchAdvisor;)I+16
j  org.eclipse.ui.PlatformUI.createAndRunWorkbench(Lorg/eclipse/swt/widgets/Display;Lorg/eclipse/ui/application/WorkbenchAdvisor;)I+2
j  org.talend.rcp.intro.Application.start(Lorg/eclipse/equinox/app/IApplicationContext;)Ljava/lang/Object;+956
j  org.eclipse.equinox.internal.app.EclipseAppHandle.run(Ljava/lang/Object;)Ljava/lang/Object;+138
j  org.eclipse.core.runtime.internal.adaptor.EclipseAppLauncher.runApplication(Ljava/lang/Object;)Ljava/lang/Object;+85
j  org.eclipse.core.runtime.internal.adaptor.EclipseAppLauncher.start(Ljava/lang/Object;)Ljava/lang/Object;+79
j  org.eclipse.core.runtime.adaptor.EclipseStarter.run(Ljava/lang/Object;)Ljava/lang/Object;+99
j  org.eclipse.core.runtime.adaptor.EclipseStarter.run([Ljava/lang/String;Ljava/lang/Runnable;)Ljava/lang/Object;+132
j  java.lang.invoke.DirectMethodHandle$Holder.invokeStatic(Ljava/lang/Object;Ljava/lang/Object;Ljava/lang/Object;)Ljava/lang/Object;+11 java.base@21.0.10
j  java.lang.invoke.LambdaForm$MH+0x000074cd72007800.invoke(Ljava/lang/Object;Ljava/lang/Object;Ljava/lang/Object;Ljava/lang/Object;)Ljava/lang/Object;+54 java.base@21.0.10
j  java.lang.invoke.LambdaForm$MH+0x000074cd72007c00.invokeExact_MT(Ljava/lang/Object;Ljava/lang/Object;Ljava/lang/Object;Ljava/lang/Object;Ljava/lang/Object;)Ljava/lang/Object;+22 java.base@21.0.10
j  jdk.internal.reflect.DirectMethodHandleAccessor.invokeImpl(Ljava/lang/Object;[Ljava/lang/Object;)Ljava/lang/Object;+72 java.base@21.0.10
j  jdk.internal.reflect.DirectMethodHandleAccessor.invoke(Ljava/lang/Object;[Ljava/lang/Object;)Ljava/lang/Object;+23 java.base@21.0.10
j  java.lang.reflect.Method.invoke(Ljava/lang/Object;[Ljava/lang/Object;)Ljava/lang/Object;+102 java.base@21.0.10
j  org.eclipse.equinox.launcher.Main.invokeFramework([Ljava/lang/String;[Ljava/net/URL;)V+201
j  org.eclipse.equinox.launcher.Main.basicRun([Ljava/lang/String;)V+159
j  org.eclipse.equinox.launcher.Main.run([Ljava/lang/String;)I+4
j  org.eclipse.equinox.launcher.Main.main([Ljava/lang/String;)V+10
v  ~StubRoutines::call_stub 0x000074cdafd37cc6

siginfo: si_signo: 11 (SIGSEGV), si_code: 1 (SEGV_MAPERR), si_addr: 0x0000000000000188

Registers:
RAX=0x0000000000000000, RBX=0x000074cbcdc74e10, RCX=0x0000000040000002, RDX=0x0000000000000000
RSP=0x000074cdc51faa90, RBP=0x000074cdc51fab30, RSI=0x0000000000000050, RDI=0x000074cbcd5a0040
R8 =0x000074cdc00008e0, R9 =0x0000000000000007, R10=0x000074cbcd5f73a0, R11=0x7041e4df62db20e8
R12=0x0000000000000000, R13=0x000074cbcc9f13b0, R14=0x000074cbcd5c4750, R15=0x000074cbcd5ef530
RIP=0x000074cd9553f9e1, EFLAGS=0x0000000000010202, CSGSFS=0x002b000000000033, ERR=0x0000000000000004
  TRAPNO=0x000000000000000e

XMM[0]=0x2525252525252525 0x2525252525252525
XMM[1]=0x0000000000000000 0x0000000000000000
XMM[2]=0x00000000000000ff 0x00000000000000ff
XMM[3]=0x00000000000000ff 0x00000000000000ff
XMM[4]=0x000074cdc001b050 0x000074cdc001afd0
XMM[5]=0x0000000000000000 0x000074cdc001b050
XMM[6]=0x000074cdc0417de0 0x0000000000000000
XMM[7]=0x0000000000000000 0x000074cdafd3ea90
XMM[8]=0x0000000000000000 0x000074cd95a9ee70
XMM[9]=0x0000000000000000 0x000000003f800000
XMM[10]=0x0000000000000000 0x407c880000000000
XMM[11]=0x0000000000000000 0x4016000000000000
XMM[12]=0x0000000000000000 0x3ff8000000000000
XMM[13]=0x0000000000000000 0x0000000000000000
XMM[14]=0x0000000000000000 0x3ff0000000000000
XMM[15]=0x0000000000000000 0x0000000000000000
  MXCSR=0x00001fa7


Register to memory mapping:

RAX=0x0 is null
RBX=0x000074cbcdc74e10 points into unknown readable memory: 0x000074cdc07e77a0 | a0 77 7e c0 cd 74 00 00
RCX=0x0000000040000002 is an unknown value
RDX=0x0 is null
RSP=0x000074cdc51faa90 is pointing into the stack for thread: 0x000074cdc001a880
RBP=0x000074cdc51fab30 is pointing into the stack for thread: 0x000074cdc001a880
RSI=0x0000000000000050 is an unknown value
RDI=0x000074cbcd5a0040 points into unknown readable memory: 0x000074cdc15b8fb0 | b0 8f 5b c1 cd 74 00 00
R8 =0x000074cdc00008e0 points into unknown readable memory: 0x0006000300060006 | 06 00 06 00 03 00 06 00
R9 =0x0000000000000007 is an unknown value
R10=0x000074cbcd5f73a0 points into unknown readable memory: 0x3638782f62696c2f | 2f 6c 69 62 2f 78 38 36
R11=0x7041e4df62db20e8 is an unknown value
R12=0x0 is null
R13=0x000074cbcc9f13b0 points into unknown readable memory: 0x0000000100000001 | 01 00 00 00 01 00 00 00
R14=0x000074cbcd5c4750 points into unknown readable memory: 0x000074cdc11db0a0 | a0 b0 1d c1 cd 74 00 00
R15=0x000074cbcd5ef530 points into unknown readable memory: 0x0000000000000000 | 00 00 00 00 00 00 00 00

Top of Stack: (sp=0x000074cdc51faa90)
0x000074cdc51faa90:   00000000cc9fdc54 000074cbcd5c4f70
0x000074cdc51faaa0:   000074cbcd5c4f50 000074cdc51faad0
0x000074cdc51faab0:   000074cbcd5c4f50 000074cbcd5c4f70
0x000074cdc51faac0:   000074cbcd5c4f70 000074cbcd5c4f50
0x000074cdc51faad0:   000074cbcd5a3710 000074cbcd5c4f50
0x000074cdc51faae0:   000074cbcd5c4f70 000074cbcca0a0d0
0x000074cdc51faaf0:   0000000000000000 3d2af12b4a664e00
0x000074cdc51fab00:   000074cdc51fab30 0000000000000000
0x000074cdc51fab10:   000074cbcd5a3710 000074cdc51fad20
0x000074cdc51fab20:   000074cdc51fac70 000074cd952961b0
0x000074cdc51fab30:   000074cdc51fabb0 000074cd96ab72fa
0x000074cdc51fab40:   0000000000000014 0000000000000000
0x000074cdc51fab50:   0000000300000020 0000000000000000
0x000074cdc51fab60:   000074cd40000002 000074cd9670073c
0x000074cdc51fab70:   000074cbcd459620 000074cbcd5cf2f0
0x000074cdc51fab80:   000074cd00000005 000074cbcdd00f80
0x000074cdc51fab90:   000074cdc51fae20 0000000000000000
0x000074cdc51faba0:   000074cbcdd00f80 000074cd96b04110
0x000074cdc51fabb0:   000074cdc51fad10 000074cd96ae690c
0x000074cdc51fabc0:   000074cdc51fac40 000074cdc51fac60
0x000074cdc51fabd0:   000000000000000b 000074cdc15b8ba0
0x000074cdc51fabe0:   000074cdc51fadb0 000074cdc51fae20
0x000074cdc51fabf0:   000000000161013a 0000000000000000
0x000074cdc51fac00:   0000000000000000 00000000000d56db
0x000074cdc51fac10:   000074cbcd459620 0000000300000145
0x000074cdc51fac20:   000074cdc51fad20 000074cd00000020
0x000074cdc51fac30:   000074cbcd5b7310 000074cdc51fac70
0x000074cdc51fac40:   000074cd00000145 000074cd95cdd47a
0x000074cdc51fac50:   0000000000000000 3d2af12b4a664e00
0x000074cdc51fac60:   000074cdc51fbc60 000074cbcd459620
0x000074cdc51fac70:   0000000000000145 0000000100020001
0x000074cdc51fac80:   0000000000000004 000074cd96af3680 

Instructions: (pc=0x000074cd9553f9e1)
0x000074cd9553f8e1:   89 f7 e8 08 97 fd ff 85 c0 75 14 48 8b 43 28 48
0x000074cd9553f8f1:   8b b8 d0 00 00 00 48 85 ff 0f 85 dc 01 00 00 4c
0x000074cd9553f901:   89 f7 e8 68 70 fd ff 4d 85 ed 0f 85 fe 01 00 00
0x000074cd9553f911:   4c 89 e6 4c 89 ff e8 d4 a4 fd ff c7 85 64 ff ff
0x000074cd9553f921:   ff 01 00 00 00 49 89 c5 48 8b 7b 28 48 8d 4d 90
0x000074cd9553f931:   48 8d 55 98 4c 89 ee e8 d3 a9 0e 00 85 c0 0f 85
0x000074cd9553f941:   46 01 00 00 48 8b 45 98 48 89 85 70 ff ff ff 48
0x000074cd9553f951:   85 c0 0f 84 32 01 00 00 48 8b 45 90 48 89 df 45
0x000074cd9553f961:   31 e4 f3 0f 7e 8d 70 ff ff ff 48 89 85 68 ff ff
0x000074cd9553f971:   ff 0f 16 8d 68 ff ff ff 0f 29 4d 80 e8 5e 41 02
0x000074cd9553f981:   00 49 89 c6 48 8d 45 a0 48 89 85 78 ff ff ff eb
0x000074cd9553f991:   69 66 0f 1f 44 00 00 44 89 e6 48 89 df e8 ad ab
0x000074cd9553f9a1:   ff ff 49 8b 56 60 66 0f 6f 45 80 48 89 45 b8 48
0x000074cd9553f9b1:   8b b5 78 ff ff ff 0f 11 45 a8 48 8b 3a e8 fd 07
0x000074cd9553f9c1:   d5 ff 48 85 c0 74 2f 4c 8b 38 4d 85 ff 74 27 4c
0x000074cd9553f9d1:   89 fa 4c 89 f6 48 89 df e8 a2 1e 0d 00 49 8b 17
0x000074cd9553f9e1:   48 8b 92 88 01 00 00 48 85 d2 74 0a be 01 00 00
0x000074cd9553f9f1:   00 4c 89 ff ff d2 41 83 c4 01 48 89 df e8 cd aa
0x000074cd9553fa01:   ff ff 41 39 c4 72 90 31 c0 48 8d 35 e9 20 10 00
0x000074cd9553fa11:   4c 89 f7 e8 d7 4b d5 ff 48 8b 43 28 0f b6 90 9c
0x000074cd9553fa21:   02 00 00 f6 c2 08 0f 84 83 01 00 00 8b 90 94 01
0x000074cd9553fa31:   00 00 85 d2 0f 89 05 02 00 00 48 8b b5 68 ff ff
0x000074cd9553fa41:   ff 48 8b bd 70 ff ff ff e8 22 e1 f2 ff 48 8b 43
0x000074cd9553fa51:   28 4c 8b a0 f0 00 00 00 4d 85 e4 74 31 66 90 4d
0x000074cd9553fa61:   8b 34 24 4c 89 f7 e8 c4 ff 00 00 85 c0 74 11 4c
0x000074cd9553fa71:   89 f7 e8 48 02 01 00 83 f8 01 0f 84 8f 01 00 00
0x000074cd9553fa81:   4d 8b 64 24 08 4d 85 e4 75 d5 48 8b 43 28 f6 80
0x000074cd9553fa91:   9c 02 00 00 02 0f 84 94 00 00 00 8b 85 64 ff ff
0x000074cd9553faa1:   ff 85 c0 0f 85 b6 00 00 00 48 8b 45 c8 64 48 2b
0x000074cd9553fab1:   04 25 28 00 00 00 0f 85 b3 01 00 00 48 83 c4 78
0x000074cd9553fac1:   5b 41 5c 41 5d 41 5e 41 5f 5d c3 0f 1f 40 00 48
0x000074cd9553fad1:   8b b8 d0 00 00 00 48 85 ff 74 2a e8 8f af da ff 


Stack slot to memory mapping:

stack at sp + 0 slots: 0x00000000cc9fdc54 points into unknown readable memory: 20 72 67 62
stack at sp + 1 slots: 0x000074cbcd5c4f70 points into unknown readable memory: 0x00000001c000028d | 8d 02 00 c0 01 00 00 00
stack at sp + 2 slots: 0x000074cbcd5c4f50 points into unknown readable memory: 0x000074cbcc9f0320 | 20 03 9f cc cb 74 00 00
stack at sp + 3 slots: 0x000074cdc51faad0 is pointing into the stack for thread: 0x000074cdc001a880
stack at sp + 4 slots: 0x000074cbcd5c4f50 points into unknown readable memory: 0x000074cbcc9f0320 | 20 03 9f cc cb 74 00 00
stack at sp + 5 slots: 0x000074cbcd5c4f70 points into unknown readable memory: 0x00000001c000028d | 8d 02 00 c0 01 00 00 00
stack at sp + 6 slots: 0x000074cbcd5c4f70 points into unknown readable memory: 0x00000001c000028d | 8d 02 00 c0 01 00 00 00
stack at sp + 7 slots: 0x000074cbcd5c4f50 points into unknown readable memory: 0x000074cbcc9f0320 | 20 03 9f cc cb 74 00 00


Compiled method (c2) 948446 37833       4       org.eclipse.swt.widgets.Display::cellDataProc (29 bytes)
 total in heap  [0x000074cdb0ac0190,0x000074cdb0ac08a8] = 1816
 relocation     [0x000074cdb0ac02e8,0x000074cdb0ac0338] = 80
 main code      [0x000074cdb0ac0340,0x000074cdb0ac0660] = 800
 stub code      [0x000074cdb0ac0660,0x000074cdb0ac0698] = 56
 oops           [0x000074cdb0ac0698,0x000074cdb0ac06a0] = 8
 metadata       [0x000074cdb0ac06a0,0x000074cdb0ac06c0] = 32
 scopes data    [0x000074cdb0ac06c0,0x000074cdb0ac07c0] = 256
 scopes pcs     [0x000074cdb0ac07c0,0x000074cdb0ac0860] = 160
 dependencies   [0x000074cdb0ac0860,0x000074cdb0ac0868] = 8
 handler table  [0x000074cdb0ac0868,0x000074cdb0ac0898] = 48
 nul chk table  [0x000074cdb0ac0898,0x000074cdb0ac08a8] = 16

[Constant Pool (empty)]

[MachCode]
[Entry Point]
  # {method} {0x000074cd68edccf8} 'cellDataProc' '(JJJJJ)J' in 'org/eclipse/swt/widgets/Display'
  # this:     rsi:rsi   = 'org/eclipse/swt/widgets/Display'
  # parm0:    rdx:rdx   = long
  # parm1:    rcx:rcx   = long
  # parm2:    r8:r8     = long
  # parm3:    r9:r9     = long
  # parm4:    rdi:rdi   = long
  #           [sp+0x60]  (sp of caller)
  0x000074cdb0ac0340: 448b 5608 | 49bb 0000 | 0071 cd74 | 0000 4d03 | d349 3bc2 

  0x000074cdb0ac0354: ;   {runtime_call ic_miss_stub}
  0x000074cdb0ac0354: 0f85 264d | 2cff 6690 | 0f1f 4000 
[Verified Entry Point]
  0x000074cdb0ac0360: 8984 2400 | c0fe ff55 | 4883 ec50 | 4181 7f20 | 2500 0000 | 0f85 d802 | 0000 4c89 | 4c24 184c 
  0x000074cdb0ac0380: 8944 2410 | 4889 4c24 | 0848 8914 | 2448 897c | 2420 4885 | ff0f 8411 | 0200 0048 | 8974 2428 
  0x000074cdb0ac03a0: 448b aef8 | 0200 0045 | 85ed 7410 | 4c8b 9640 | 0100 004c | 3bd7 0f84 | ad00 0000 | bae4 0500 
  0x000074cdb0ac03c0: 0048 8bf7 

  0x000074cdb0ac03c4: ;   {static_call}
  0x000074cdb0ac03c4: 488b efe8 

  0x000074cdb0ac03c8: ; ImmutableOopMap {[40]=Oop }
                      ;*invokestatic g_object_get_qdata {reexecute=0 rethrow=0 return_oop=0}
                      ; - org.eclipse.swt.widgets.Display::getWidget@33 (line 3476)
                      ; - org.eclipse.swt.widgets.Display::cellDataProc@3 (line 959)
  0x000074cdb0ac03c8: f45d a7ff 

  0x000074cdb0ac03cc: ;   {other}
  0x000074cdb0ac03cc: 0f1f 8400 | 3c02 0000 | 48ff c848 | 85c0 0f8c | b801 0000 | 4c8b 5424 | 2841 8b9a | fc02 0000 
  0x000074cdb0ac03ec: ; implicit exception: dispatches to 0x000074cdb0ac062a
  0x000074cdb0ac03ec: 448b 530c | 4d63 da49 | 3bc3 0f8d | f501 0000 | 4c8b 5c24 | 2849 89ab | 4001 0000 | 8be8 413b 
  0x000074cdb0ac040c: ea0f 836d | 0100 0041 | 807f 4000 | 0f85 9900 | 0000 448b | 6cab 104c | 8b54 2428 | 4589 aaf8 
  0x000074cdb0ac042c: 0200 0049 | 8bed 4c8b | dd4d 33da | 49c1 eb14 | 4d85 db74 | 1f45 85ed | 741a 49c1 | ea09 48bf 
  0x000074cdb0ac044c: 0000 00a8 | cd74 0000 | 4903 fa80 | 3f02 0f85 | 8d00 0000 | 4585 ed0f | 8431 0100 | 0045 8b55 
  0x000074cdb0ac046c: ;   {metadata('org/eclipse/swt/widgets/Tree')}
  0x000074cdb0ac046c: 0841 81fa | 0080 2f02 | 0f85 c100 | 0000 498b | f548 8b14 | 2448 8b4c | 2408 4c8b | 4424 104c 
  0x000074cdb0ac048c: 8b4c 2418 | 488b 7c24 

  0x000074cdb0ac0494: ;   {optimized virtual_call}
  0x000074cdb0ac0494: 2066 90e8 

  0x000074cdb0ac0498: ; ImmutableOopMap {}
                      ;*invokevirtual cellDataProc {reexecute=0 rethrow=0 return_oop=0}
                      ; - org.eclipse.swt.widgets.Display::cellDataProc@25 (line 961)
  0x000074cdb0ac0498: c401 0000 

  0x000074cdb0ac049c: ;   {other}
  0x000074cdb0ac049c: 0f1f 8400 | 0c03 0001 | 4883 c450 

  0x000074cdb0ac04a8: ;   {poll_return}
  0x000074cdb0ac04a8: 5d49 3ba7 | 5004 0000 | 0f87 8601 | 0000 c345 | 8b93 f802 | 0000 4585 | d20f 8457 | ffff ff4d 
  0x000074cdb0ac04c8: 8b5f 2849 | 8bfa 4d85 | db0f 84fd | 0000 004d | 8b57 384b | 897c 1af8 | 4983 c3f8 | 4d89 5f28 
  0x000074cdb0ac04e8: e931 ffff | ff4d 8b57 | 584d 8b5f | 48f0 8344 | 24c0 0080 | 3f00 0f84 | 5cff ffff | 4488 274d 
  0x000074cdb0ac0508: 85db 751d | 498b f749 | ba20 89db | c5cd 7400 | 0041 ffd2 

  0x000074cdb0ac051c: ;   {other}
  0x000074cdb0ac051c: 0f1f 8400 | 0000 0000 | e937 ffff | ff4b 897c | 1af8 4983 | c3f8 4d89 | 5f48 e925 | ffff ffbe 
  0x000074cdb0ac053c: deff ffff | 488b 2c24 | 4c8b 5424 | 084c 8914 | 244c 8b54 | 2410 4c89 | 5424 084c | 8b54 2418 
  0x000074cdb0ac055c: 4c89 5424 | 1048 ff74 | 2420 488f | 4424 1844 | 896c 2420 

  0x000074cdb0ac0570: ;   {runtime_call UncommonTrapBlob}
  0x000074cdb0ac0570: 6666 90e8 

  0x000074cdb0ac0574: ; ImmutableOopMap {[32]=NarrowOop }
                      ;*invokevirtual cellDataProc {reexecute=0 rethrow=0 return_oop=0}
                      ; - org.eclipse.swt.widgets.Display::cellDataProc@25 (line 961)
  0x000074cdb0ac0574: 88a9 2cff 

  0x000074cdb0ac0578: ;   {other}
  0x000074cdb0ac0578: 0f1f 8400 | e803 0002 | bee4 ffff | ff89 5c24 

  0x000074cdb0ac0588: ;   {runtime_call UncommonTrapBlob}
  0x000074cdb0ac0588: 3066 90e8 

  0x000074cdb0ac058c: ; ImmutableOopMap {[40]=Oop [48]=NarrowOop }
                      ;*aaload {reexecute=0 rethrow=0 return_oop=0}
                      ; - org.eclipse.swt.widgets.Display::getWidget@68 (line 3479)
                      ; - org.eclipse.swt.widgets.Display::cellDataProc@3 (line 959)
  0x000074cdb0ac058c: 70a9 2cff 

  0x000074cdb0ac0590: ;   {other}
  0x000074cdb0ac0590: 0f1f 8400 | 0004 0003 | 33ed be45 

  0x000074cdb0ac059c: ;   {runtime_call UncommonTrapBlob}
  0x000074cdb0ac059c: ffff ffe8 

  0x000074cdb0ac05a0: ; ImmutableOopMap {rbp=Oop }
                      ;*ifnonnull {reexecute=1 rethrow=0 return_oop=0}
                      ; - (reexecute) org.eclipse.swt.widgets.Display::cellDataProc@10 (line 960)
  0x000074cdb0ac05a0: 5ca9 2cff 

  0x000074cdb0ac05a4: ;   {other}
  0x000074cdb0ac05a4: 0f1f 8400 | 1404 0004 | 4533 d249 | 3bfa bdff | ffff ff7c | 0840 0f95 | c540 0fb6 | edbe 45ff 
  0x000074cdb0ac05c4: ;   {runtime_call UncommonTrapBlob}
  0x000074cdb0ac05c4: ffff 90e8 

  0x000074cdb0ac05c8: ; ImmutableOopMap {}
                      ;*ifne {reexecute=1 rethrow=0 return_oop=0}
                      ; - (reexecute) org.eclipse.swt.widgets.Display::getWidget@3 (line 3474)
                      ; - org.eclipse.swt.widgets.Display::cellDataProc@3 (line 959)
  0x000074cdb0ac05c8: 34a9 2cff 

  0x000074cdb0ac05cc: ;   {other}
  0x000074cdb0ac05cc: 0f1f 8400 | 3c04 0005 | 498b f749 | baf0 88db | c5cd 7400 | 0041 ffd2 

  0x000074cdb0ac05e4: ;   {other}
  0x000074cdb0ac05e4: 0f1f 8400 | 0000 0000 | e92d feff | ff49 3bc3 | bdff ffff | ff7c 0840 | 0f95 c540 | 0fb6 edbe 
  0x000074cdb0ac0604: 45ff ffff 

  0x000074cdb0ac0608: ;   {runtime_call UncommonTrapBlob}
  0x000074cdb0ac0608: 6666 90e8 

  0x000074cdb0ac060c: ; ImmutableOopMap {}
                      ;*ifge {reexecute=1 rethrow=0 return_oop=0}
                      ; - (reexecute) org.eclipse.swt.widgets.Display::getWidget@53 (line 3477)
                      ; - org.eclipse.swt.widgets.Display::cellDataProc@3 (line 959)
  0x000074cdb0ac060c: f0a8 2cff 

  0x000074cdb0ac0610: ;   {other}
  0x000074cdb0ac0610: 0f1f 8400 | 8004 0006 | 488b f0eb | 0348 8bf0 | 4883 c450 

  0x000074cdb0ac0624: ;   {runtime_call _rethrow_Java}
  0x000074cdb0ac0624: 5de9 d681 | 39ff bef6 

  0x000074cdb0ac062c: ;   {runtime_call UncommonTrapBlob}
  0x000074cdb0ac062c: ffff ffe8 

  0x000074cdb0ac0630: ; ImmutableOopMap {}
                      ;*arraylength {reexecute=0 rethrow=0 return_oop=0}
                      ; - org.eclipse.swt.widgets.Display::getWidget@50 (line 3477)
                      ; - org.eclipse.swt.widgets.Display::cellDataProc@3 (line 959)
  0x000074cdb0ac0630: cca8 2cff 

  0x000074cdb0ac0634: ;   {other}
  0x000074cdb0ac0634: 0f1f 8400 | a404 0007 

  0x000074cdb0ac063c: ;   {internal_word}
  0x000074cdb0ac063c: 49ba a904 | acb0 cd74 | 0000 4d89 | 9768 0400 

  0x000074cdb0ac064c: ;   {runtime_call SafepointBlob}
  0x000074cdb0ac064c: 00e9 aeb9 

  0x000074cdb0ac0650: ;   {runtime_call StubRoutines (final stubs)}
  0x000074cdb0ac0650: 2cff e829 | ae2a ffe9 | 1efd ffff | f4f4 f4f4 
[Stub Code]
  0x000074cdb0ac0660: ;   {no_reloc}
  0x000074cdb0ac0660: 48bb a046 | 738b cc74 

  0x000074cdb0ac0668: ;   {runtime_call I2C/C2I adapters}
  0x000074cdb0ac0668: 0000 e988 

  0x000074cdb0ac066c: ;   {static_stub}
  0x000074cdb0ac066c: 623e ff48 | bb00 0000 | 0000 0000 

  0x000074cdb0ac0678: ;   {runtime_call nmethod}
  0x000074cdb0ac0678: 00e9 fbff 

  0x000074cdb0ac067c: ;   {runtime_call ExceptionBlob}
  0x000074cdb0ac067c: ffff e97d | cc38 ffe8 | 0000 0000 | 4883 2c24 

  0x000074cdb0ac068c: ;   {runtime_call DeoptimizationBlob}
  0x000074cdb0ac068c: 05e9 0eac | 2cff f4f4 | f4f4 f4f4 
[/MachCode]


Compiled method (n/a) 948458 36338     n 0       org.eclipse.swt.internal.gtk.GTK::gtk_tree_store_set (native)
 total in heap  [0x000074cdb085c710,0x000074cdb085ca90] = 896
 relocation     [0x000074cdb085c868,0x000074cdb085c8a0] = 56
 main code      [0x000074cdb085c8a0,0x000074cdb085ca81] = 481
 stub code      [0x000074cdb085ca81,0x000074cdb085ca88] = 7
 oops           [0x000074cdb085ca88,0x000074cdb085ca90] = 8

[Constant Pool (empty)]

[MachCode]
[Entry Point]
  # {method} {0x000074cd69402fb8} 'gtk_tree_store_set' '(JJIII)V' in 'org/eclipse/swt/internal/gtk/GTK'
  # parm0:    rsi:rsi   = long
  # parm1:    rdx:rdx   = long
  # parm2:    rcx       = int
  # parm3:    r8        = int
  # parm4:    r9        = int
  #           [sp+0x60]  (sp of caller)
  0x000074cdb085c8a0: 448b 5608 | 49bb 0000 | 0071 cd74 | 0000 4d03 | d349 3bc2 | 0f84 0600 

  0x000074cdb085c8b8: ;   {runtime_call ic_miss_stub}
  0x000074cdb085c8b8: 0000 e9c1 | 8752 ff90 
[Verified Entry Point]
  0x000074cdb085c8c0: 8984 2400 | c0fe ff55 | 488b ec48 | 83ec 5090 | 4181 7f20 | 2500 0000 

  0x000074cdb085c8d8: ;   {runtime_call StubRoutines (final stubs)}
  0x000074cdb085c8d8: 7405 e8a1 | eb50 ff4c | 890c 244d | 8bc8 4c8b | c148 8bca 

  0x000074cdb085c8ec: ;   {oop(a 'java/lang/Class'{0x00000000a26d7220} = 'org/eclipse/swt/internal/gtk/GTK')}
  0x000074cdb085c8ec: 488b d649 | be20 726d | a200 0000 | 004c 8974 | 2438 4c8d | 7424 3849 | 8bf6 c5f8 

  0x000074cdb085c908: ;   {internal_word}
  0x000074cdb085c908: 7749 ba06 | c985 b0cd | 7400 004d | 8997 a803 | 0000 4989 | a7a0 0300 

  0x000074cdb085c920: ;   {external_word}
  0x000074cdb085c920: 0080 3dad | f72a 1600 | 0f84 3c00 | 0000 5652 | 5141 5041 

  0x000074cdb085c934: ;   {metadata({method} {0x000074cd69402fb8} 'gtk_tree_store_set' '(JJIII)V' in 'org/eclipse/swt/internal/gtk/GTK')}
  0x000074cdb085c934: 5148 beb8 | 2f40 69cd | 7400 0049 | 8bff 40f6 | c40f 0f84 | 1200 0000 | 4883 ec08 

  0x000074cdb085c950: ;   {runtime_call SharedRuntime::dtrace_method_entry(JavaThread*, Method*)}
  0x000074cdb085c950: e80b 78b6 | 1548 83c4 | 08e9 0500 

  0x000074cdb085c95c: ;   {runtime_call SharedRuntime::dtrace_method_entry(JavaThread*, Method*)}
  0x000074cdb085c95c: 0000 e8fd | 77b6 1541 | 5941 5859 | 5a5e 498d | bfc0 0300 | 0041 c787 | 4c04 0000 | 0400 0000 
  0x000074cdb085c97c: ;   {runtime_call Java_org_eclipse_swt_internal_gtk_GTK_gtk_1tree_1store_1set__JJIII}
  0x000074cdb085c97c: 48b8 5089 | 4434 cd74 | 0000 ffd0 | c5f8 7741 | c787 4c04 | 0000 0500 | 0000 f083 | 4424 c000 
  0x000074cdb085c99c: 493b af50 | 0400 000f | 870e 0000 | 0041 83bf | 4804 0000 | 000f 841c | 0000 00c5 | f877 498b 
  0x000074cdb085c9bc: ff4c 8be4 | 4883 ec00 | 4883 e4f0 

  0x000074cdb085c9c8: ;   {runtime_call JavaThread::check_special_condition_for_native_trans(JavaThread*)}
  0x000074cdb085c9c8: e833 016d | 1549 8be4 | 4d33 e441 | c787 4c04 | 0000 0800 | 0000 4183 | bfc8 0400 | 0002 0f84 
  0x000074cdb085c9e8: 7700 0000 

  0x000074cdb085c9ec: ;   {external_word}
  0x000074cdb085c9ec: 803d e2f6 | 2a16 000f | 842e 0000 

  0x000074cdb085c9f8: ;   {metadata({method} {0x000074cd69402fb8} 'gtk_tree_store_set' '(JJIII)V' in 'org/eclipse/swt/internal/gtk/GTK')}
  0x000074cdb085c9f8: 0048 beb8 | 2f40 69cd | 7400 0049 | 8bff 40f6 | c40f 0f84 | 1200 0000 | 4883 ec08 

  0x000074cdb085ca14: ;   {runtime_call SharedRuntime::dtrace_method_exit(JavaThread*, Method*)}
  0x000074cdb085ca14: e837 78b6 | 1548 83c4 | 08e9 0500 

  0x000074cdb085ca20: ;   {runtime_call SharedRuntime::dtrace_method_exit(JavaThread*, Method*)}
  0x000074cdb085ca20: 0000 e829 | 78b6 1549 | c787 a003 | 0000 0000 | 0000 49c7 | 87a8 0300 | 0000 0000 | 00c5 f877 
  0x000074cdb085ca40: 498b 8f30 | 0400 00c7 | 8100 0100 | 0000 0000 | 00c9 4983 | 7f08 000f | 8501 0000 

  0x000074cdb085ca5c: ;   {runtime_call StubRoutines (initial stubs)}
  0x000074cdb085ca5c: 00c3 e99d | b14d ffc5 | f877 4c8b | e448 83ec | 0048 83e4 

  0x000074cdb085ca70: ;   {runtime_call SharedRuntime::reguard_yellow_pages()}
  0x000074cdb085ca70: f0e8 4a87 | b615 498b | e44d 33e4 | e96b ffff | fff4 f4f4 | f4f4 f4f4 
[/MachCode]


Compiled method (n/a) 948470 39474     n 0       org.eclipse.swt.internal.gtk.GTK::gtk_widget_grab_focus (native)
 total in heap  [0x000074cdb0adbf10,0x000074cdb0adc278] = 872
 relocation     [0x000074cdb0adc068,0x000074cdb0adc0a0] = 56
 main code      [0x000074cdb0adc0a0,0x000074cdb0adc26a] = 458
 stub code      [0x000074cdb0adc26a,0x000074cdb0adc270] = 6
 oops           [0x000074cdb0adc270,0x000074cdb0adc278] = 8

[Constant Pool (empty)]

[MachCode]
[Entry Point]
  # {method} {0x000074cd69406e38} 'gtk_widget_grab_focus' '(J)V' in 'org/eclipse/swt/internal/gtk/GTK'
  # parm0:    rsi:rsi   = long
  #           [sp+0x50]  (sp of caller)
  0x000074cdb0adc0a0: 448b 5608 | 49bb 0000 | 0071 cd74 | 0000 4d03 | d349 3bc2 | 0f84 0600 

  0x000074cdb0adc0b8: ;   {runtime_call ic_miss_stub}
  0x000074cdb0adc0b8: 0000 e9c1 | 8f2a ff90 
[Verified Entry Point]
  0x000074cdb0adc0c0: 8984 2400 | c0fe ff55 | 488b ec48 | 83ec 4090 | 4181 7f20 | 2500 0000 

  0x000074cdb0adc0d8: ;   {runtime_call StubRoutines (final stubs)}
  0x000074cdb0adc0d8: 7405 e8a1 | f328 ff48 

  0x000074cdb0adc0e0: ;   {oop(a 'java/lang/Class'{0x00000000a26d7220} = 'org/eclipse/swt/internal/gtk/GTK')}
  0x000074cdb0adc0e0: 8bd6 49be | 2072 6da2 | 0000 0000 | 4c89 7424 | 304c 8d74 | 2430 498b | f6c5 f877 

  0x000074cdb0adc0fc: ;   {internal_word}
  0x000074cdb0adc0fc: 49ba f9c0 | adb0 cd74 | 0000 4d89 | 97a8 0300 | 0049 89a7 | a003 0000 

  0x000074cdb0adc114: ;   {external_word}
  0x000074cdb0adc114: 803d baff | 0216 000f | 8432 0000 

  0x000074cdb0adc120: ;   {metadata({method} {0x000074cd69406e38} 'gtk_widget_grab_focus' '(J)V' in 'org/eclipse/swt/internal/gtk/GTK')}
  0x000074cdb0adc120: 0056 5248 | be38 6e40 | 69cd 7400 | 0049 8bff | 40f6 c40f | 0f84 1200 | 0000 4883 

  0x000074cdb0adc13c: ;   {runtime_call SharedRuntime::dtrace_method_entry(JavaThread*, Method*)}
  0x000074cdb0adc13c: ec08 e81d | 808e 1548 | 83c4 08e9 | 0500 0000 

  0x000074cdb0adc14c: ;   {runtime_call SharedRuntime::dtrace_method_entry(JavaThread*, Method*)}
  0x000074cdb0adc14c: e80f 808e | 155a 5e49 | 8dbf c003 | 0000 41c7 | 874c 0400 | 0004 0000 

  0x000074cdb0adc164: ;   {runtime_call Java_org_eclipse_swt_internal_gtk_GTK_gtk_1widget_1grab_1focus}
  0x000074cdb0adc164: 0048 b8dd | 9e44 34cd | 7400 00ff | d0c5 f877 | 41c7 874c | 0400 0005 | 0000 00f0 | 8344 24c0 
  0x000074cdb0adc184: 0049 3baf | 5004 0000 | 0f87 0e00 | 0000 4183 | bf48 0400 | 0000 0f84 | 1c00 0000 | c5f8 7749 
  0x000074cdb0adc1a4: 8bff 4c8b | e448 83ec | 0048 83e4 

  0x000074cdb0adc1b0: ;   {runtime_call JavaThread::check_special_condition_for_native_trans(JavaThread*)}
  0x000074cdb0adc1b0: f0e8 4a09 | 4515 498b | e44d 33e4 | 41c7 874c | 0400 0008 | 0000 0041 | 83bf c804 | 0000 020f 
  0x000074cdb0adc1d0: 8477 0000 

  0x000074cdb0adc1d4: ;   {external_word}
  0x000074cdb0adc1d4: 0080 3df9 | fe02 1600 | 0f84 2e00 

  0x000074cdb0adc1e0: ;   {metadata({method} {0x000074cd69406e38} 'gtk_widget_grab_focus' '(J)V' in 'org/eclipse/swt/internal/gtk/GTK')}
  0x000074cdb0adc1e0: 0000 48be | 386e 4069 | cd74 0000 | 498b ff40 | f6c4 0f0f | 8412 0000 | 0048 83ec 

  0x000074cdb0adc1fc: ;   {runtime_call SharedRuntime::dtrace_method_exit(JavaThread*, Method*)}
  0x000074cdb0adc1fc: 08e8 4e80 | 8e15 4883 | c408 e905 

  0x000074cdb0adc208: ;   {runtime_call SharedRuntime::dtrace_method_exit(JavaThread*, Method*)}
  0x000074cdb0adc208: 0000 00e8 | 4080 8e15 | 49c7 87a0 | 0300 0000 | 0000 0049 | c787 a803 | 0000 0000 | 0000 c5f8 
  0x000074cdb0adc228: 7749 8b8f | 3004 0000 | c781 0001 | 0000 0000 | 0000 c949 | 837f 0800 | 0f85 0100 

  0x000074cdb0adc244: ;   {runtime_call StubRoutines (initial stubs)}
  0x000074cdb0adc244: 0000 c3e9 | b4b9 25ff | c5f8 774c | 8be4 4883 | ec00 4883 

  0x000074cdb0adc258: ;   {runtime_call SharedRuntime::reguard_yellow_pages()}
  0x000074cdb0adc258: e4f0 e861 | 8f8e 1549 | 8be4 4d33 | e4e9 6bff | ffff f4f4 | f4f4 f4f4 
[/MachCode]


---------------  P R O C E S S  ---------------

Threads class SMR info:
_java_thread_list=0x000074cd4ca76040, length=71, elements={
0x000074cdc001a880, 0x000074cdc02a04b0, 0x000074cdc02a1a30, 0x000074cdc02a31d0,
0x000074cdc02a4820, 0x000074cdc02a5dd0, 0x000074cdc02a7920, 0x000074cdc02b0fe0,
0x000074cdc02b2db0, 0x000074cdc0307950, 0x000074cdc0309df0, 0x000074cdc06fd620,
0x000074cdc07d0f50, 0x000074ccf0019cc0, 0x000074cdc07fb220, 0x000074cce80344b0,
0x000074cce80de620, 0x000074cce8a9cd30, 0x000074cce40834c0, 0x000074cdc0670c00,
0x000074ccb0001230, 0x000074cd200c0cc0, 0x000074cca03aaaf0, 0x000074cc984cf0c0,
0x000074cca03b0080, 0x000074cca03b1ba0, 0x000074cca03b29e0, 0x000074cca03b3cf0,
0x000074cca03b5000, 0x000074cca03b61e0, 0x000074cca03b7500, 0x000074cca03b8830,
0x000074cca03b9b60, 0x000074cca03baea0, 0x000074cca03be9b0, 0x000074cca03c00e0,
0x000074cce06f8b80, 0x000074cd2002cf20, 0x000074cc80016c50, 0x000074cd20619620,
0x000074cc940023c0, 0x000074cc78010250, 0x000074cc7801b280, 0x000074ccb02c7aa0,
0x000074cc74010660, 0x000074cc6c0030a0, 0x000074cdc1a6dc00, 0x000074cc9003fde0,
0x000074cdc1ab9040, 0x000074cc14026e40, 0x000074cc14028880, 0x000074cc74013230,
0x000074cc2801ee90, 0x000074cdc32b82f0, 0x000074cdc1dfca20, 0x000074cdc3936a90,
0x000074cdc3a236e0, 0x000074cdc3b44dd0, 0x000074cdc3cd62f0, 0x000074cbcc036e90,
0x000074cbcc042a30, 0x000074cdc3fcd090, 0x000074cbcc27ef60, 0x000074cbcc4038c0,
0x000074cbcc577f30, 0x000074cbcc6a05c0, 0x000074cbcc8f57d0, 0x000074cdc3f61db0,
0x000074cc342e1db0, 0x000074cc101cd4d0, 0x000074cd4ccee430
}

Java Threads: ( => current thread )
=>0x000074cdc001a880 JavaThread "main"                              [_thread_in_native, id=1329510, stack(0x000074cdc5100000,0x000074cdc5200000) (1024K)]
  0x000074cdc02a04b0 JavaThread "Reference Handler"          daemon [_thread_blocked, id=1329518, stack(0x000074cda8400000,0x000074cda8500000) (1024K)]
  0x000074cdc02a1a30 JavaThread "Finalizer"                  daemon [_thread_blocked, id=1329519, stack(0x000074cd97bfd000,0x000074cd97cfd000) (1024K)]
  0x000074cdc02a31d0 JavaThread "Signal Dispatcher"          daemon [_thread_blocked, id=1329520, stack(0x000074cd97300000,0x000074cd97400000) (1024K)]
  0x000074cdc02a4820 JavaThread "Service Thread"             daemon [_thread_blocked, id=1329521, stack(0x000074cd97200000,0x000074cd97300000) (1024K)]
  0x000074cdc02a5dd0 JavaThread "Monitor Deflation Thread"   daemon [_thread_blocked, id=1329522, stack(0x000074cd97100000,0x000074cd97200000) (1024K)]
  0x000074cdc02a7920 JavaThread "C2 CompilerThread0"         daemon [_thread_in_native, id=1329523, stack(0x000074cd97000000,0x000074cd97100000) (1024K)]
  0x000074cdc02b0fe0 JavaThread "C1 CompilerThread0"         daemon [_thread_blocked, id=1329524, stack(0x000074cd96f00000,0x000074cd97000000) (1024K)]
  0x000074cdc02b2db0 JavaThread "StringDedupThread"          daemon [_thread_blocked, id=1329525, stack(0x000074cd96e00000,0x000074cd96f00000) (1024K)]
  0x000074cdc0307950 JavaThread "Notification Thread"        daemon [_thread_blocked, id=1329526, stack(0x000074cd96d00000,0x000074cd96e00000) (1024K)]
  0x000074cdc0309df0 JavaThread "Common-Cleaner"             daemon [_thread_blocked, id=1329527, stack(0x000074cd96c00000,0x000074cd96d00000) (1024K)]
  0x000074cdc06fd620 JavaThread "Active Thread: Equinox Container: 67052768-30d8-40cb-a781-3fec94168f94"        [_thread_blocked, id=1329571, stack(0x000074cd358f6000,0x000074cd359f6000) (1024K)]
  0x000074cdc07d0f50 JavaThread "Refresh Thread: Equinox Container: 67052768-30d8-40cb-a781-3fec94168f94" daemon [_thread_blocked, id=1329572, stack(0x000074cd357f6000,0x000074cd358f6000) (1024K)]
  0x000074ccf0019cc0 JavaThread "Framework Event Dispatcher: Equinox Container: 67052768-30d8-40cb-a781-3fec94168f94" daemon [_thread_blocked, id=1329573, stack(0x000074cd356f6000,0x000074cd357f6000) (1024K)]
  0x000074cdc07fb220 JavaThread "Start Level: Equinox Container: 67052768-30d8-40cb-a781-3fec94168f94" daemon [_thread_blocked, id=1329574, stack(0x000074cd355f6000,0x000074cd356f6000) (1024K)]
  0x000074cce80344b0 JavaThread "SCR Component Actor"        daemon [_thread_blocked, id=1329575, stack(0x000074cd354f6000,0x000074cd355f6000) (1024K)]
  0x000074cce80de620 JavaThread "Bundle File Closer"         daemon [_thread_blocked, id=1329625, stack(0x000074cd703ef000,0x000074cd704ef000) (1024K)]
  0x000074cce8a9cd30 JavaThread "EMF Reference Cleaner"      daemon [_thread_blocked, id=1329666, stack(0x000074cd351f6000,0x000074cd352f6000) (1024K)]
  0x000074cce40834c0 JavaThread "Worker-JM"                         [_thread_blocked, id=1329681, stack(0x000074cd350f6000,0x000074cd351f6000) (1024K)]
  0x000074cdc0670c00 JavaThread "Gogo shell"                        [_thread_blocked, id=1329682, stack(0x000074cd34ff6000,0x000074cd350f6000) (1024K)]
  0x000074ccb0001230 JavaThread "Worker-1"                          [_thread_blocked, id=1329693, stack(0x000074cd34bf4000,0x000074cd34cf4000) (1024K)]
  0x000074cd200c0cc0 JavaThread "org.talend.sdk.component.studio.ProcessManager-server"        [_thread_blocked, id=1329757, stack(0x000074ccb763a000,0x000074ccb773a000) (1024K)]
  0x000074cca03aaaf0 JavaThread "Catalina-utility-1"                [_thread_blocked, id=1329785, stack(0x000074ccb7200000,0x000074ccb7300000) (1024K)]
  0x000074cc984cf0c0 JavaThread "Catalina-utility-2"                [_thread_blocked, id=1329786, stack(0x000074ccb7100000,0x000074ccb7200000) (1024K)]
  0x000074cca03b0080 JavaThread "talend-component-kit-http-nio-37251-exec-1" daemon [_thread_blocked, id=1329787, stack(0x000074ccb6d00000,0x000074ccb6e00000) (1024K)]
  0x000074cca03b1ba0 JavaThread "talend-component-kit-http-nio-37251-exec-2" daemon [_thread_blocked, id=1329788, stack(0x000074ccb6c00000,0x000074ccb6d00000) (1024K)]
  0x000074cca03b29e0 JavaThread "talend-component-kit-http-nio-37251-exec-3" daemon [_thread_blocked, id=1329789, stack(0x000074ccb6b00000,0x000074ccb6c00000) (1024K)]
  0x000074cca03b3cf0 JavaThread "talend-component-kit-http-nio-37251-exec-4" daemon [_thread_blocked, id=1329790, stack(0x000074ccb6a00000,0x000074ccb6b00000) (1024K)]
  0x000074cca03b5000 JavaThread "talend-component-kit-http-nio-37251-exec-5" daemon [_thread_blocked, id=1329791, stack(0x000074ccb6900000,0x000074ccb6a00000) (1024K)]
  0x000074cca03b61e0 JavaThread "talend-component-kit-http-nio-37251-exec-6" daemon [_thread_blocked, id=1329792, stack(0x000074ccb6800000,0x000074ccb6900000) (1024K)]
  0x000074cca03b7500 JavaThread "talend-component-kit-http-nio-37251-exec-7" daemon [_thread_blocked, id=1329793, stack(0x000074ccb6700000,0x000074ccb6800000) (1024K)]
  0x000074cca03b8830 JavaThread "talend-component-kit-http-nio-37251-exec-8" daemon [_thread_blocked, id=1329794, stack(0x000074ccb6600000,0x000074ccb6700000) (1024K)]
  0x000074cca03b9b60 JavaThread "talend-component-kit-http-nio-37251-exec-9" daemon [_thread_blocked, id=1329795, stack(0x000074ccb6500000,0x000074ccb6600000) (1024K)]
  0x000074cca03baea0 JavaThread "talend-component-kit-http-nio-37251-exec-10" daemon [_thread_blocked, id=1329796, stack(0x000074ccb6400000,0x000074ccb6500000) (1024K)]
  0x000074cca03be9b0 JavaThread "talend-component-kit-http-nio-37251-Poller" daemon [_thread_in_native, id=1329797, stack(0x000074ccb6300000,0x000074ccb6400000) (1024K)]
  0x000074cca03c00e0 JavaThread "talend-component-kit-http-nio-37251-Acceptor" daemon [_thread_in_native, id=1329798, stack(0x000074ccb6200000,0x000074ccb6300000) (1024K)]
  0x000074cce06f8b80 JavaThread "Java indexing"              daemon [_thread_blocked, id=1329828, stack(0x000074ccb6000000,0x000074ccb6100000) (1024K)]
  0x000074cd2002cf20 JavaThread "Thread-11"                  daemon [_thread_in_native, id=1329843, stack(0x000074ccb7300000,0x000074ccb7400000) (1024K)]
  0x000074cc80016c50 JavaThread "WebSocket background processing" daemon [_thread_blocked, id=1329844, stack(0x000074ccb7f00000,0x000074ccb8000000) (1024K)]
  0x000074cd20619620 JavaThread "WebSocket background processing" daemon [_thread_blocked, id=1329845, stack(0x000074ccb5e3a000,0x000074ccb5f3a000) (1024K)]
  0x000074cc940023c0 JavaThread "WebSocketClient-AsyncIO-1"  daemon [_thread_blocked, id=1329846, stack(0x000074ccb5d3a000,0x000074ccb5e3a000) (1024K)]
  0x000074cc78010250 JavaThread "org.talend.sdk.component.server.service.jcache.FrontCacheResolver-refresher"        [_thread_blocked, id=1329848, stack(0x000074ccb5b3a000,0x000074ccb5c3a000) (1024K)]
  0x000074cc7801b280 JavaThread "geronimo-simple-jcache-[geronimo://simple-jcache.properties]-"        [_thread_blocked, id=1329849, stack(0x000074ccb5a3a000,0x000074ccb5b3a000) (1024K)]
  0x000074ccb02c7aa0 JavaThread "Worker-4"                          [_thread_blocked, id=1329850, stack(0x000074ccb593a000,0x000074ccb5a3a000) (1024K)]
  0x000074cc74010660 JavaThread "geronimo-simple-jcache-[geronimo://simple-jcache.properties]-"        [_thread_blocked, id=1329854, stack(0x000074cd704ef000,0x000074cd705ef000) (1024K)]
  0x000074cc6c0030a0 JavaThread "geronimo-simple-jcache-[geronimo://simple-jcache.properties]-"        [_thread_blocked, id=1329855, stack(0x000074cd3409b000,0x000074cd3419b000) (1024K)]
  0x000074cdc1a6dc00 JavaThread "Thread-21"                         [_thread_blocked, id=1329869, stack(0x000074ccb553a000,0x000074ccb563a000) (1024K)]
  0x000074cc9003fde0 JavaThread "geronimo-simple-jcache-[geronimo://simple-jcache.properties]-"        [_thread_blocked, id=1329885, stack(0x000074ccb473a000,0x000074ccb483a000) (1024K)]
  0x000074cdc1ab9040 JavaThread "EventAdmin Async Event Dispatcher Thread" daemon [_thread_blocked, id=1329907, stack(0x000074ccb543a000,0x000074ccb553a000) (1024K)]
  0x000074cc14026e40 JavaThread "pool-4-thread-1"                   [_thread_blocked, id=1329908, stack(0x000074ccb533a000,0x000074ccb543a000) (1024K)]
  0x000074cc14028880 JavaThread "pool-5-thread-1"                   [_thread_blocked, id=1329909, stack(0x000074ccb523a000,0x000074ccb533a000) (1024K)]
  0x000074cc74013230 JavaThread "geronimo-simple-jcache-[geronimo://simple-jcache.properties]-"        [_thread_blocked, id=1329972, stack(0x000074ccb4a3a000,0x000074ccb4b3a000) (1024K)]
  0x000074cc2801ee90 JavaThread "pool-6-thread-1"                   [_thread_blocked, id=1329987, stack(0x000074ccb503a000,0x000074ccb513a000) (1024K)]
  0x000074cdc32b82f0 JavaThread "org.eclipse.jdt.internal.ui.text.JavaReconciler" daemon [_thread_blocked, id=1330172, stack(0x000074cd353f6000,0x000074cd354f6000) (1024K)]
  0x000074cdc1dfca20 JavaThread "ExecutionLimiterImproved_pool-8-thread-1"        [_thread_blocked, id=1330468, stack(0x000074ccb563a000,0x000074ccb573a000) (1024K)]
  0x000074cdc3936a90 JavaThread "org.eclipse.jdt.internal.ui.text.JavaReconciler" daemon [_thread_blocked, id=1330526, stack(0x000074cc4c34b000,0x000074cc4c44b000) (1024K)]
  0x000074cdc3a236e0 JavaThread "org.eclipse.jdt.internal.ui.text.JavaReconciler" daemon [_thread_blocked, id=1330597, stack(0x000074ccb4e3a000,0x000074ccb4f3a000) (1024K)]
  0x000074cdc3b44dd0 JavaThread "org.eclipse.jdt.internal.ui.text.JavaReconciler" daemon [_thread_blocked, id=1330718, stack(0x000074cc4c44b000,0x000074cc4c54b000) (1024K)]
  0x000074cdc3cd62f0 JavaThread "org.eclipse.jdt.internal.ui.text.JavaReconciler" daemon [_thread_blocked, id=1330847, stack(0x000074ccb6100000,0x000074ccb6200000) (1024K)]
  0x000074cbcc036e90 JavaThread "org.eclipse.jdt.internal.ui.text.JavaReconciler" daemon [_thread_blocked, id=1331046, stack(0x000074ccb7b00000,0x000074ccb7c00000) (1024K)]
  0x000074cbcc042a30 JavaThread "org.eclipse.jdt.internal.ui.text.JavaReconciler" daemon [_thread_blocked, id=1331204, stack(0x000074ccb483a000,0x000074ccb493a000) (1024K)]
  0x000074cdc3fcd090 JavaThread "org.eclipse.jdt.internal.ui.text.JavaReconciler" daemon [_thread_blocked, id=1331274, stack(0x000074ccb493a000,0x000074ccb4a3a000) (1024K)]
  0x000074cbcc27ef60 JavaThread "org.eclipse.jdt.internal.ui.text.JavaReconciler" daemon [_thread_blocked, id=1331491, stack(0x000074ccb573a000,0x000074ccb583a000) (1024K)]
  0x000074cbcc4038c0 JavaThread "org.eclipse.jdt.internal.ui.text.JavaReconciler" daemon [_thread_blocked, id=1331565, stack(0x000074cc4c74b000,0x000074cc4c84b000) (1024K)]
  0x000074cbcc577f30 JavaThread "org.eclipse.jdt.internal.ui.text.JavaReconciler" daemon [_thread_blocked, id=1331595, stack(0x000074cc57f00000,0x000074cc58000000) (1024K)]
  0x000074cbcc6a05c0 JavaThread "org.eclipse.jdt.internal.ui.text.JavaReconciler" daemon [_thread_blocked, id=1331634, stack(0x000074ccb4b3a000,0x000074ccb4c3a000) (1024K)]
  0x000074cbcc8f57d0 JavaThread "org.eclipse.jdt.internal.ui.text.JavaReconciler" daemon [_thread_blocked, id=1331704, stack(0x000074ccb40ed000,0x000074ccb41ed000) (1024K)]
  0x000074cdc3f61db0 JavaThread "EventConflaterChain-17"            [_thread_blocked, id=1331718, stack(0x000074cc4c64b000,0x000074cc4c74b000) (1024K)]
  0x000074cc342e1db0 JavaThread "Worker-8"                          [_thread_blocked, id=1336464, stack(0x000074ccb513a000,0x000074ccb523a000) (1024K)]
  0x000074cc101cd4d0 JavaThread "Worker-9"                          [_thread_blocked, id=1336519, stack(0x000074cd34cf4000,0x000074cd34df4000) (1024K)]
  0x000074cd4ccee430 JavaThread "C2 CompilerThread1"         daemon [_thread_in_native, id=1336740, stack(0x000074ccb4f3a000,0x000074ccb503a000) (1024K)]
Total: 71

Other Threads:
  0x000074cdc0297430 VMThread "VM Thread"                           [id=1329517, stack(0x000074cd97cfe000,0x000074cd97dfe000) (1024K)]
  0x000074cdc02812c0 WatcherThread "VM Periodic Task Thread"        [id=1329516, stack(0x000074cd97dff000,0x000074cd97eff000) (1024K)]
  0x000074cdc00664d0 WorkerThread "GC Thread#0"                     [id=1329511, stack(0x000074cdc4120000,0x000074cdc4220000) (1024K)]
  0x000074cd600081c0 WorkerThread "GC Thread#1"                     [id=1329562, stack(0x000074cd702ef000,0x000074cd703ef000) (1024K)]
  0x000074cd60008c80 WorkerThread "GC Thread#2"                     [id=1329563, stack(0x000074cd701ee000,0x000074cd702ee000) (1024K)]
  0x000074cd600097c0 WorkerThread "GC Thread#3"                     [id=1329564, stack(0x000074cd700ed000,0x000074cd701ed000) (1024K)]
  0x000074cd6000a6f0 WorkerThread "GC Thread#4"                     [id=1329565, stack(0x000074cd35efc000,0x000074cd35ffc000) (1024K)]
  0x000074cd6000b660 WorkerThread "GC Thread#5"                     [id=1329566, stack(0x000074cd35dfb000,0x000074cd35efb000) (1024K)]
  0x000074cd6000c600 WorkerThread "GC Thread#6"                     [id=1329567, stack(0x000074cd35cfa000,0x000074cd35dfa000) (1024K)]
  0x000074cd6000d1b0 WorkerThread "GC Thread#7"                     [id=1329568, stack(0x000074cd35bf9000,0x000074cd35cf9000) (1024K)]
  0x000074cd6000dd60 WorkerThread "GC Thread#8"                     [id=1329569, stack(0x000074cd35af8000,0x000074cd35bf8000) (1024K)]
  0x000074cd6000ed00 WorkerThread "GC Thread#9"                     [id=1329570, stack(0x000074cd359f7000,0x000074cd35af7000) (1024K)]
  0x000074cdc0073b10 ConcurrentGCThread "G1 Main Marker"            [id=1329512, stack(0x000074cdc401f000,0x000074cdc411f000) (1024K)]
  0x000074cdc0074ac0 WorkerThread "G1 Conc#0"                       [id=1329513, stack(0x000074cdbff00000,0x000074cdc0000000) (1024K)]
  0x000074cd98000d80 WorkerThread "G1 Conc#1"                       [id=1329683, stack(0x000074cd34ef6000,0x000074cd34ff6000) (1024K)]
  0x000074cd98001900 WorkerThread "G1 Conc#2"                       [id=1329684, stack(0x000074cd34df5000,0x000074cd34ef5000) (1024K)]
  0x000074cdc026e930 ConcurrentGCThread "G1 Refine#0"               [id=1329514, stack(0x000074cda40f6000,0x000074cda41f6000) (1024K)]
  0x000074cdc026f900 ConcurrentGCThread "G1 Service"                [id=1329515, stack(0x000074cd97f00000,0x000074cd98000000) (1024K)]
Total: 18

Threads with active compile tasks:
C2 CompilerThread0  948482 44421   !   4       org.talend.designer.core.model.components.Expression::evaluateSimpleExpression (3188 bytes)
C2 CompilerThread1  948482 44424       4       org.eclipse.swt.widgets.Synchronizer::asyncExec (37 bytes)
Total: 2

VM state: not at safepoint (normal execution)

VM Mutex/Monitor currently owned by a thread: None

Heap address: 0x00000000a0000000, size: 1536 MB, Compressed Oops mode: 32-bit

CDS archive(s) mapped at: [0x000074cd71000000-0x000074cd71c9c000-0x000074cd71c9c000), size 13221888, SharedBaseAddress: 0x000074cd71000000, ArchiveRelocationMode: 1.
Compressed class space mapped at: 0x000074cd72000000-0x000074cd8c000000, reserved size: 436207616
Narrow klass base: 0x000074cd71000000, Narrow klass shift: 0, Narrow klass range: 0x100000000

GC Precious Log:
 CardTable entry size: 512
 Card Set container configuration: InlinePtr #cards 5 size 8 Array Of Cards #cards 12 size 40 Howl #buckets 4 coarsen threshold 1843 Howl Bitmap #cards 512 size 80 coarsen threshold 460 Card regions per heap region 1 cards per card region 2048
 CPUs: 12 total, 12 available
 Memory: 15676M
 Large Page Support: Disabled
 NUMA Support: Disabled
 Compressed Oops: Enabled (32-bit)
 Heap Region Size: 1M
 Heap Min Capacity: 512M
 Heap Initial Capacity: 512M
 Heap Max Capacity: 1536M
 Pre-touch: Disabled
 Parallel Workers: 10
 Concurrent Workers: 3
 Concurrent Refinement Workers: 10
 Periodic GC: Disabled
 String Deduplication is enabled

Heap:
 garbage-first heap   total 835584K, used 491613K [0x00000000a0000000, 0x0000000100000000)
  region size 1024K, 73 young (74752K), 19 survivors (19456K)
 Metaspace       used 226880K, committed 230784K, reserved 688128K
  class space    used 27919K, committed 29568K, reserved 425984K

Heap Regions: E=young(eden), S=young(survivor), O=old, HS=humongous(starts), HC=humongous(continues), CS=collection set, F=free, TAMS=top-at-mark-start, PB=parsable bottom
|   0|0x00000000a0000000, 0x00000000a0100000, 0x00000000a0100000|100%| O|  |TAMS 0x00000000a0000000| PB 0x00000000a0000000| Untracked 
|   1|0x00000000a0100000, 0x00000000a0200000, 0x00000000a0200000|100%| O|  |TAMS 0x00000000a0100000| PB 0x00000000a0100000| Untracked 
|   2|0x00000000a0200000, 0x00000000a0300000, 0x00000000a0300000|100%| O|  |TAMS 0x00000000a0200000| PB 0x00000000a0200000| Untracked 
|   3|0x00000000a0300000, 0x00000000a0400000, 0x00000000a0400000|100%| O|  |TAMS 0x00000000a0300000| PB 0x00000000a0300000| Untracked 
|   4|0x00000000a0400000, 0x00000000a0500000, 0x00000000a0500000|100%| O|  |TAMS 0x00000000a0400000| PB 0x00000000a0400000| Untracked 
|   5|0x00000000a0500000, 0x00000000a0600000, 0x00000000a0600000|100%| O|  |TAMS 0x00000000a0500000| PB 0x00000000a0500000| Untracked 
|   6|0x00000000a0600000, 0x00000000a0700000, 0x00000000a0700000|100%| O|  |TAMS 0x00000000a0600000| PB 0x00000000a0600000| Untracked 
|   7|0x00000000a0700000, 0x00000000a0800000, 0x00000000a0800000|100%| O|  |TAMS 0x00000000a0700000| PB 0x00000000a0700000| Untracked 
|   8|0x00000000a0800000, 0x00000000a0900000, 0x00000000a0900000|100%| O|  |TAMS 0x00000000a0800000| PB 0x00000000a0800000| Untracked 
|   9|0x00000000a0900000, 0x00000000a0a00000, 0x00000000a0a00000|100%| O|  |TAMS 0x00000000a0900000| PB 0x00000000a0900000| Untracked 
|  10|0x00000000a0a00000, 0x00000000a0b00000, 0x00000000a0b00000|100%| O|  |TAMS 0x00000000a0a00000| PB 0x00000000a0a00000| Untracked 
|  11|0x00000000a0b00000, 0x00000000a0c00000, 0x00000000a0c00000|100%| O|  |TAMS 0x00000000a0b00000| PB 0x00000000a0b00000| Untracked 
|  12|0x00000000a0c00000, 0x00000000a0d00000, 0x00000000a0d00000|100%| O|  |TAMS 0x00000000a0c00000| PB 0x00000000a0c00000| Untracked 
|  13|0x00000000a0d00000, 0x00000000a0e00000, 0x00000000a0e00000|100%| O|  |TAMS 0x00000000a0d00000| PB 0x00000000a0d00000| Untracked 
|  14|0x00000000a0e00000, 0x00000000a0f00000, 0x00000000a0f00000|100%| O|  |TAMS 0x00000000a0e00000| PB 0x00000000a0e00000| Untracked 
|  15|0x00000000a0f00000, 0x00000000a1000000, 0x00000000a1000000|100%| O|  |TAMS 0x00000000a0f00000| PB 0x00000000a0f00000| Untracked 
|  16|0x00000000a1000000, 0x00000000a1100000, 0x00000000a1100000|100%| O|  |TAMS 0x00000000a1000000| PB 0x00000000a1000000| Untracked 
|  17|0x00000000a1100000, 0x00000000a1200000, 0x00000000a1200000|100%| O|  |TAMS 0x00000000a1100000| PB 0x00000000a1100000| Untracked 
|  18|0x00000000a1200000, 0x00000000a1300000, 0x00000000a1300000|100%|HS|  |TAMS 0x00000000a1200000| PB 0x00000000a1200000| Complete 
|  19|0x00000000a1300000, 0x00000000a1400000, 0x00000000a1400000|100%| O|  |TAMS 0x00000000a1300000| PB 0x00000000a1300000| Untracked 
|  20|0x00000000a1400000, 0x00000000a1500000, 0x00000000a1500000|100%| O|  |TAMS 0x00000000a1400000| PB 0x00000000a1400000| Untracked 
|  21|0x00000000a1500000, 0x00000000a1600000, 0x00000000a1600000|100%| O|  |TAMS 0x00000000a1500000| PB 0x00000000a1500000| Untracked 
|  22|0x00000000a1600000, 0x00000000a1700000, 0x00000000a1700000|100%| O|  |TAMS 0x00000000a1600000| PB 0x00000000a1600000| Untracked 
|  23|0x00000000a1700000, 0x00000000a1800000, 0x00000000a1800000|100%| O|  |TAMS 0x00000000a1700000| PB 0x00000000a1700000| Untracked 
|  24|0x00000000a1800000, 0x00000000a1900000, 0x00000000a1900000|100%| O|  |TAMS 0x00000000a1800000| PB 0x00000000a1800000| Untracked 
|  25|0x00000000a1900000, 0x00000000a1a00000, 0x00000000a1a00000|100%| O|  |TAMS 0x00000000a1900000| PB 0x00000000a1900000| Untracked 
|  26|0x00000000a1a00000, 0x00000000a1b00000, 0x00000000a1b00000|100%| O|  |TAMS 0x00000000a1a00000| PB 0x00000000a1a00000| Untracked 
|  27|0x00000000a1b00000, 0x00000000a1c00000, 0x00000000a1c00000|100%| O|  |TAMS 0x00000000a1b00000| PB 0x00000000a1b00000| Untracked 
|  28|0x00000000a1c00000, 0x00000000a1d00000, 0x00000000a1d00000|100%| O|  |TAMS 0x00000000a1c00000| PB 0x00000000a1c00000| Untracked 
|  29|0x00000000a1d00000, 0x00000000a1e00000, 0x00000000a1e00000|100%| O|  |TAMS 0x00000000a1d00000| PB 0x00000000a1d00000| Untracked 
|  30|0x00000000a1e00000, 0x00000000a1f00000, 0x00000000a1f00000|100%| O|  |TAMS 0x00000000a1e00000| PB 0x00000000a1e00000| Untracked 
|  31|0x00000000a1f00000, 0x00000000a2000000, 0x00000000a2000000|100%| O|  |TAMS 0x00000000a1f00000| PB 0x00000000a1f00000| Untracked 
|  32|0x00000000a2000000, 0x00000000a2100000, 0x00000000a2100000|100%| O|  |TAMS 0x00000000a2000000| PB 0x00000000a2000000| Untracked 
|  33|0x00000000a2100000, 0x00000000a2200000, 0x00000000a2200000|100%| O|  |TAMS 0x00000000a2100000| PB 0x00000000a2100000| Untracked 
|  34|0x00000000a2200000, 0x00000000a2300000, 0x00000000a2300000|100%| O|Cm|TAMS 0x00000000a2200000| PB 0x00000000a2200000| Complete 
|  35|0x00000000a2300000, 0x00000000a2400000, 0x00000000a2400000|100%| O|  |TAMS 0x00000000a2300000| PB 0x00000000a2300000| Untracked 
|  36|0x00000000a2400000, 0x00000000a2500000, 0x00000000a2500000|100%| O|  |TAMS 0x00000000a2400000| PB 0x00000000a2400000| Untracked 
|  37|0x00000000a2500000, 0x00000000a2600000, 0x00000000a2600000|100%| O|  |TAMS 0x00000000a2500000| PB 0x00000000a2500000| Untracked 
|  38|0x00000000a2600000, 0x00000000a2700000, 0x00000000a2700000|100%| O|  |TAMS 0x00000000a2600000| PB 0x00000000a2600000| Untracked 
|  39|0x00000000a2700000, 0x00000000a2800000, 0x00000000a2800000|100%| O|  |TAMS 0x00000000a2700000| PB 0x00000000a2700000| Untracked 
|  40|0x00000000a2800000, 0x00000000a2900000, 0x00000000a2900000|100%| O|  |TAMS 0x00000000a2800000| PB 0x00000000a2800000| Untracked 
|  41|0x00000000a2900000, 0x00000000a2a00000, 0x00000000a2a00000|100%| O|  |TAMS 0x00000000a2900000| PB 0x00000000a2900000| Untracked 
|  42|0x00000000a2a00000, 0x00000000a2b00000, 0x00000000a2b00000|100%| O|  |TAMS 0x00000000a2a00000| PB 0x00000000a2a00000| Untracked 
|  43|0x00000000a2b00000, 0x00000000a2b00000, 0x00000000a2c00000|  0%| F|  |TAMS 0x00000000a2b00000| PB 0x00000000a2b00000| Untracked 
|  44|0x00000000a2c00000, 0x00000000a2d00000, 0x00000000a2d00000|100%| O|  |TAMS 0x00000000a2c00000| PB 0x00000000a2c00000| Untracked 
|  45|0x00000000a2d00000, 0x00000000a2e00000, 0x00000000a2e00000|100%| O|  |TAMS 0x00000000a2d00000| PB 0x00000000a2d00000| Untracked 
|  46|0x00000000a2e00000, 0x00000000a2f00000, 0x00000000a2f00000|100%| O|  |TAMS 0x00000000a2e00000| PB 0x00000000a2e00000| Untracked 
|  47|0x00000000a2f00000, 0x00000000a3000000, 0x00000000a3000000|100%| O|  |TAMS 0x00000000a2f00000| PB 0x00000000a2f00000| Untracked 
|  48|0x00000000a3000000, 0x00000000a3100000, 0x00000000a3100000|100%| O|  |TAMS 0x00000000a3000000| PB 0x00000000a3000000| Untracked 
|  49|0x00000000a3100000, 0x00000000a3200000, 0x00000000a3200000|100%| O|  |TAMS 0x00000000a3100000| PB 0x00000000a3100000| Untracked 
|  50|0x00000000a3200000, 0x00000000a3300000, 0x00000000a3300000|100%| O|  |TAMS 0x00000000a3200000| PB 0x00000000a3200000| Untracked 
|  51|0x00000000a3300000, 0x00000000a3400000, 0x00000000a3400000|100%| O|  |TAMS 0x00000000a3300000| PB 0x00000000a3300000| Untracked 
|  52|0x00000000a3400000, 0x00000000a3500000, 0x00000000a3500000|100%| O|  |TAMS 0x00000000a3400000| PB 0x00000000a3400000| Untracked 
|  53|0x00000000a3500000, 0x00000000a3600000, 0x00000000a3600000|100%| O|  |TAMS 0x00000000a3500000| PB 0x00000000a3500000| Untracked 
|  54|0x00000000a3600000, 0x00000000a3700000, 0x00000000a3700000|100%| O|  |TAMS 0x00000000a3600000| PB 0x00000000a3600000| Untracked 
|  55|0x00000000a3700000, 0x00000000a3800000, 0x00000000a3800000|100%| O|  |TAMS 0x00000000a3700000| PB 0x00000000a3700000| Untracked 
|  56|0x00000000a3800000, 0x00000000a3900000, 0x00000000a3900000|100%| O|  |TAMS 0x00000000a3800000| PB 0x00000000a3800000| Untracked 
|  57|0x00000000a3900000, 0x00000000a3a00000, 0x00000000a3a00000|100%| O|  |TAMS 0x00000000a3900000| PB 0x00000000a3900000| Untracked 
|  58|0x00000000a3a00000, 0x00000000a3b00000, 0x00000000a3b00000|100%| O|  |TAMS 0x00000000a3a00000| PB 0x00000000a3a00000| Untracked 
|  59|0x00000000a3b00000, 0x00000000a3c00000, 0x00000000a3c00000|100%| O|  |TAMS 0x00000000a3b00000| PB 0x00000000a3b00000| Untracked 
|  60|0x00000000a3c00000, 0x00000000a3d00000, 0x00000000a3d00000|100%| O|  |TAMS 0x00000000a3c00000| PB 0x00000000a3c00000| Untracked 
|  61|0x00000000a3d00000, 0x00000000a3e00000, 0x00000000a3e00000|100%| O|  |TAMS 0x00000000a3d00000| PB 0x00000000a3d00000| Untracked 
|  62|0x00000000a3e00000, 0x00000000a3f00000, 0x00000000a3f00000|100%| O|  |TAMS 0x00000000a3e00000| PB 0x00000000a3e00000| Untracked 
|  63|0x00000000a3f00000, 0x00000000a4000000, 0x00000000a4000000|100%| O|  |TAMS 0x00000000a3f00000| PB 0x00000000a3f00000| Untracked 
|  64|0x00000000a4000000, 0x00000000a4100000, 0x00000000a4100000|100%| O|  |TAMS 0x00000000a4000000| PB 0x00000000a4000000| Untracked 
|  65|0x00000000a4100000, 0x00000000a4200000, 0x00000000a4200000|100%| O|  |TAMS 0x00000000a4100000| PB 0x00000000a4100000| Untracked 
|  66|0x00000000a4200000, 0x00000000a4300000, 0x00000000a4300000|100%| O|  |TAMS 0x00000000a4200000| PB 0x00000000a4200000| Untracked 
|  67|0x00000000a4300000, 0x00000000a4400000, 0x00000000a4400000|100%| O|  |TAMS 0x00000000a4300000| PB 0x00000000a4300000| Untracked 
|  68|0x00000000a4400000, 0x00000000a4500000, 0x00000000a4500000|100%| O|  |TAMS 0x00000000a4400000| PB 0x00000000a4400000| Untracked 
|  69|0x00000000a4500000, 0x00000000a4600000, 0x00000000a4600000|100%| O|  |TAMS 0x00000000a4500000| PB 0x00000000a4500000| Untracked 
|  70|0x00000000a4600000, 0x00000000a4700000, 0x00000000a4700000|100%| O|Cm|TAMS 0x00000000a4600000| PB 0x00000000a4600000| Complete 
|  71|0x00000000a4700000, 0x00000000a4800000, 0x00000000a4800000|100%| O|  |TAMS 0x00000000a4700000| PB 0x00000000a4700000| Untracked 
|  72|0x00000000a4800000, 0x00000000a4900000, 0x00000000a4900000|100%| O|  |TAMS 0x00000000a4800000| PB 0x00000000a4800000| Untracked 
|  73|0x00000000a4900000, 0x00000000a4a00000, 0x00000000a4a00000|100%| O|  |TAMS 0x00000000a4900000| PB 0x00000000a4900000| Untracked 
|  74|0x00000000a4a00000, 0x00000000a4b00000, 0x00000000a4b00000|100%| O|  |TAMS 0x00000000a4a00000| PB 0x00000000a4a00000| Untracked 
|  75|0x00000000a4b00000, 0x00000000a4c00000, 0x00000000a4c00000|100%| O|  |TAMS 0x00000000a4b00000| PB 0x00000000a4b00000| Untracked 
|  76|0x00000000a4c00000, 0x00000000a4d00000, 0x00000000a4d00000|100%| O|  |TAMS 0x00000000a4c00000| PB 0x00000000a4c00000| Untracked 
|  77|0x00000000a4d00000, 0x00000000a4e00000, 0x00000000a4e00000|100%| O|  |TAMS 0x00000000a4d00000| PB 0x00000000a4d00000| Untracked 
|  78|0x00000000a4e00000, 0x00000000a4f00000, 0x00000000a4f00000|100%| O|  |TAMS 0x00000000a4e00000| PB 0x00000000a4e00000| Untracked 
|  79|0x00000000a4f00000, 0x00000000a5000000, 0x00000000a5000000|100%| O|Cm|TAMS 0x00000000a4f00000| PB 0x00000000a4f00000| Complete 
|  80|0x00000000a5000000, 0x00000000a5100000, 0x00000000a5100000|100%|HS|  |TAMS 0x00000000a5000000| PB 0x00000000a5000000| Complete 
|  81|0x00000000a5100000, 0x00000000a5200000, 0x00000000a5200000|100%|HS|  |TAMS 0x00000000a5100000| PB 0x00000000a5100000| Complete 
|  82|0x00000000a5200000, 0x00000000a5300000, 0x00000000a5300000|100%|HC|  |TAMS 0x00000000a5200000| PB 0x00000000a5200000| Complete 
|  83|0x00000000a5300000, 0x00000000a5400000, 0x00000000a5400000|100%| O|  |TAMS 0x00000000a5300000| PB 0x00000000a5300000| Untracked 
|  84|0x00000000a5400000, 0x00000000a5500000, 0x00000000a5500000|100%| O|  |TAMS 0x00000000a5400000| PB 0x00000000a5400000| Untracked 
|  85|0x00000000a5500000, 0x00000000a5600000, 0x00000000a5600000|100%| O|  |TAMS 0x00000000a5500000| PB 0x00000000a5500000| Untracked 
|  86|0x00000000a5600000, 0x00000000a5700000, 0x00000000a5700000|100%| O|  |TAMS 0x00000000a5600000| PB 0x00000000a5600000| Untracked 
|  87|0x00000000a5700000, 0x00000000a5800000, 0x00000000a5800000|100%| O|  |TAMS 0x00000000a5700000| PB 0x00000000a5700000| Untracked 
|  88|0x00000000a5800000, 0x00000000a5900000, 0x00000000a5900000|100%| O|  |TAMS 0x00000000a5800000| PB 0x00000000a5800000| Untracked 
|  89|0x00000000a5900000, 0x00000000a5a00000, 0x00000000a5a00000|100%| O|  |TAMS 0x00000000a5900000| PB 0x00000000a5900000| Untracked 
|  90|0x00000000a5a00000, 0x00000000a5b00000, 0x00000000a5b00000|100%| O|  |TAMS 0x00000000a5a00000| PB 0x00000000a5a00000| Untracked 
|  91|0x00000000a5b00000, 0x00000000a5c00000, 0x00000000a5c00000|100%| O|  |TAMS 0x00000000a5b00000| PB 0x00000000a5b00000| Untracked 
|  92|0x00000000a5c00000, 0x00000000a5d00000, 0x00000000a5d00000|100%| O|  |TAMS 0x00000000a5c00000| PB 0x00000000a5c00000| Untracked 
|  93|0x00000000a5d00000, 0x00000000a5e00000, 0x00000000a5e00000|100%| O|  |TAMS 0x00000000a5d00000| PB 0x00000000a5d00000| Untracked 
|  94|0x00000000a5e00000, 0x00000000a5f00000, 0x00000000a5f00000|100%| O|  |TAMS 0x00000000a5e00000| PB 0x00000000a5e00000| Untracked 
|  95|0x00000000a5f00000, 0x00000000a6000000, 0x00000000a6000000|100%| O|  |TAMS 0x00000000a5f00000| PB 0x00000000a5f00000| Untracked 
|  96|0x00000000a6000000, 0x00000000a6100000, 0x00000000a6100000|100%| O|  |TAMS 0x00000000a6000000| PB 0x00000000a6000000| Untracked 
|  97|0x00000000a6100000, 0x00000000a6200000, 0x00000000a6200000|100%| O|  |TAMS 0x00000000a6100000| PB 0x00000000a6100000| Untracked 
|  98|0x00000000a6200000, 0x00000000a6300000, 0x00000000a6300000|100%| O|  |TAMS 0x00000000a6200000| PB 0x00000000a6200000| Untracked 
|  99|0x00000000a6300000, 0x00000000a6400000, 0x00000000a6400000|100%| O|  |TAMS 0x00000000a6300000| PB 0x00000000a6300000| Untracked 
| 100|0x00000000a6400000, 0x00000000a6500000, 0x00000000a6500000|100%| O|  |TAMS 0x00000000a6400000| PB 0x00000000a6400000| Untracked 
| 101|0x00000000a6500000, 0x00000000a6600000, 0x00000000a6600000|100%| O|  |TAMS 0x00000000a6500000| PB 0x00000000a6500000| Untracked 
| 102|0x00000000a6600000, 0x00000000a6700000, 0x00000000a6700000|100%| O|  |TAMS 0x00000000a6600000| PB 0x00000000a6600000| Untracked 
| 103|0x00000000a6700000, 0x00000000a6800000, 0x00000000a6800000|100%| O|  |TAMS 0x00000000a6700000| PB 0x00000000a6700000| Untracked 
| 104|0x00000000a6800000, 0x00000000a6900000, 0x00000000a6900000|100%| O|  |TAMS 0x00000000a6800000| PB 0x00000000a6800000| Untracked 
| 105|0x00000000a6900000, 0x00000000a6a00000, 0x00000000a6a00000|100%| O|  |TAMS 0x00000000a6900000| PB 0x00000000a6900000| Untracked 
| 106|0x00000000a6a00000, 0x00000000a6b00000, 0x00000000a6b00000|100%| O|  |TAMS 0x00000000a6a00000| PB 0x00000000a6a00000| Untracked 
| 107|0x00000000a6b00000, 0x00000000a6c00000, 0x00000000a6c00000|100%| O|  |TAMS 0x00000000a6b00000| PB 0x00000000a6b00000| Untracked 
| 108|0x00000000a6c00000, 0x00000000a6d00000, 0x00000000a6d00000|100%| O|  |TAMS 0x00000000a6c00000| PB 0x00000000a6c00000| Untracked 
| 109|0x00000000a6d00000, 0x00000000a6e00000, 0x00000000a6e00000|100%| O|  |TAMS 0x00000000a6d00000| PB 0x00000000a6d00000| Untracked 
| 110|0x00000000a6e00000, 0x00000000a6f00000, 0x00000000a6f00000|100%| O|  |TAMS 0x00000000a6e00000| PB 0x00000000a6e00000| Untracked 
| 111|0x00000000a6f00000, 0x00000000a7000000, 0x00000000a7000000|100%| O|Cm|TAMS 0x00000000a6f00000| PB 0x00000000a6f00000| Complete 
| 112|0x00000000a7000000, 0x00000000a7100000, 0x00000000a7100000|100%| O|  |TAMS 0x00000000a7000000| PB 0x00000000a7000000| Untracked 
| 113|0x00000000a7100000, 0x00000000a7200000, 0x00000000a7200000|100%| O|  |TAMS 0x00000000a7100000| PB 0x00000000a7100000| Untracked 
| 114|0x00000000a7200000, 0x00000000a7300000, 0x00000000a7300000|100%| O|  |TAMS 0x00000000a7200000| PB 0x00000000a7200000| Untracked 
| 115|0x00000000a7300000, 0x00000000a7400000, 0x00000000a7400000|100%| O|  |TAMS 0x00000000a7300000| PB 0x00000000a7300000| Untracked 
| 116|0x00000000a7400000, 0x00000000a7500000, 0x00000000a7500000|100%| O|  |TAMS 0x00000000a7400000| PB 0x00000000a7400000| Untracked 
| 117|0x00000000a7500000, 0x00000000a7500000, 0x00000000a7600000|  0%| F|  |TAMS 0x00000000a7500000| PB 0x00000000a7500000| Untracked 
| 118|0x00000000a7600000, 0x00000000a7700000, 0x00000000a7700000|100%|HS|  |TAMS 0x00000000a7600000| PB 0x00000000a7600000| Complete 
| 119|0x00000000a7700000, 0x00000000a7800000, 0x00000000a7800000|100%| O|  |TAMS 0x00000000a7700000| PB 0x00000000a7700000| Untracked 
| 120|0x00000000a7800000, 0x00000000a7800000, 0x00000000a7900000|  0%| F|  |TAMS 0x00000000a7800000| PB 0x00000000a7800000| Untracked 
| 121|0x00000000a7900000, 0x00000000a7900000, 0x00000000a7a00000|  0%| F|  |TAMS 0x00000000a7900000| PB 0x00000000a7900000| Untracked 
| 122|0x00000000a7a00000, 0x00000000a7b00000, 0x00000000a7b00000|100%| O|  |TAMS 0x00000000a7a00000| PB 0x00000000a7a00000| Untracked 
| 123|0x00000000a7b00000, 0x00000000a7c00000, 0x00000000a7c00000|100%| O|  |TAMS 0x00000000a7b00000| PB 0x00000000a7b00000| Untracked 
| 124|0x00000000a7c00000, 0x00000000a7d00000, 0x00000000a7d00000|100%| O|  |TAMS 0x00000000a7c00000| PB 0x00000000a7c00000| Untracked 
| 125|0x00000000a7d00000, 0x00000000a7e00000, 0x00000000a7e00000|100%| O|  |TAMS 0x00000000a7d00000| PB 0x00000000a7d00000| Untracked 
| 126|0x00000000a7e00000, 0x00000000a7f00000, 0x00000000a7f00000|100%| O|  |TAMS 0x00000000a7e00000| PB 0x00000000a7e00000| Untracked 
| 127|0x00000000a7f00000, 0x00000000a8000000, 0x00000000a8000000|100%| O|  |TAMS 0x00000000a7f00000| PB 0x00000000a7f00000| Untracked 
| 128|0x00000000a8000000, 0x00000000a8100000, 0x00000000a8100000|100%| O|  |TAMS 0x00000000a8000000| PB 0x00000000a8000000| Untracked 
| 129|0x00000000a8100000, 0x00000000a8200000, 0x00000000a8200000|100%| O|  |TAMS 0x00000000a8100000| PB 0x00000000a8100000| Untracked 
| 130|0x00000000a8200000, 0x00000000a8300000, 0x00000000a8300000|100%| O|  |TAMS 0x00000000a8200000| PB 0x00000000a8200000| Untracked 
| 131|0x00000000a8300000, 0x00000000a8400000, 0x00000000a8400000|100%| O|  |TAMS 0x00000000a8300000| PB 0x00000000a8300000| Untracked 
| 132|0x00000000a8400000, 0x00000000a8500000, 0x00000000a8500000|100%| O|  |TAMS 0x00000000a8400000| PB 0x00000000a8400000| Untracked 
| 133|0x00000000a8500000, 0x00000000a8600000, 0x00000000a8600000|100%| O|  |TAMS 0x00000000a8500000| PB 0x00000000a8500000| Untracked 
| 134|0x00000000a8600000, 0x00000000a8700000, 0x00000000a8700000|100%| O|  |TAMS 0x00000000a8600000| PB 0x00000000a8600000| Untracked 
| 135|0x00000000a8700000, 0x00000000a8800000, 0x00000000a8800000|100%| O|  |TAMS 0x00000000a8700000| PB 0x00000000a8700000| Untracked 
| 136|0x00000000a8800000, 0x00000000a8900000, 0x00000000a8900000|100%| O|  |TAMS 0x00000000a8800000| PB 0x00000000a8800000| Untracked 
| 137|0x00000000a8900000, 0x00000000a8a00000, 0x00000000a8a00000|100%| O|  |TAMS 0x00000000a8900000| PB 0x00000000a8900000| Untracked 
| 138|0x00000000a8a00000, 0x00000000a8b00000, 0x00000000a8b00000|100%| O|  |TAMS 0x00000000a8a00000| PB 0x00000000a8a00000| Untracked 
| 139|0x00000000a8b00000, 0x00000000a8c00000, 0x00000000a8c00000|100%| O|  |TAMS 0x00000000a8b00000| PB 0x00000000a8b00000| Untracked 
| 140|0x00000000a8c00000, 0x00000000a8d00000, 0x00000000a8d00000|100%| O|  |TAMS 0x00000000a8c00000| PB 0x00000000a8c00000| Untracked 
| 141|0x00000000a8d00000, 0x00000000a8e00000, 0x00000000a8e00000|100%| O|  |TAMS 0x00000000a8d00000| PB 0x00000000a8d00000| Untracked 
| 142|0x00000000a8e00000, 0x00000000a8f00000, 0x00000000a8f00000|100%| O|  |TAMS 0x00000000a8e00000| PB 0x00000000a8e00000| Untracked 
| 143|0x00000000a8f00000, 0x00000000a9000000, 0x00000000a9000000|100%| O|  |TAMS 0x00000000a8f00000| PB 0x00000000a8f00000| Untracked 
| 144|0x00000000a9000000, 0x00000000a9100000, 0x00000000a9100000|100%| O|  |TAMS 0x00000000a9000000| PB 0x00000000a9000000| Untracked 
| 145|0x00000000a9100000, 0x00000000a9200000, 0x00000000a9200000|100%| O|  |TAMS 0x00000000a9100000| PB 0x00000000a9100000| Untracked 
| 146|0x00000000a9200000, 0x00000000a9300000, 0x00000000a9300000|100%| O|Cm|TAMS 0x00000000a9200000| PB 0x00000000a9200000| Complete 
| 147|0x00000000a9300000, 0x00000000a9400000, 0x00000000a9400000|100%| O|  |TAMS 0x00000000a9300000| PB 0x00000000a9300000| Untracked 
| 148|0x00000000a9400000, 0x00000000a9500000, 0x00000000a9500000|100%| O|  |TAMS 0x00000000a9400000| PB 0x00000000a9400000| Untracked 
| 149|0x00000000a9500000, 0x00000000a9500000, 0x00000000a9600000|  0%| F|  |TAMS 0x00000000a9500000| PB 0x00000000a9500000| Untracked 
| 150|0x00000000a9600000, 0x00000000a9700000, 0x00000000a9700000|100%| O|  |TAMS 0x00000000a9600000| PB 0x00000000a9600000| Untracked 
| 151|0x00000000a9700000, 0x00000000a9800000, 0x00000000a9800000|100%| O|  |TAMS 0x00000000a9700000| PB 0x00000000a9700000| Untracked 
| 152|0x00000000a9800000, 0x00000000a9900000, 0x00000000a9900000|100%| O|  |TAMS 0x00000000a9800000| PB 0x00000000a9800000| Untracked 
| 153|0x00000000a9900000, 0x00000000a9a00000, 0x00000000a9a00000|100%| O|  |TAMS 0x00000000a9900000| PB 0x00000000a9900000| Untracked 
| 154|0x00000000a9a00000, 0x00000000a9b00000, 0x00000000a9b00000|100%| O|  |TAMS 0x00000000a9a00000| PB 0x00000000a9a00000| Untracked 
| 155|0x00000000a9b00000, 0x00000000a9c00000, 0x00000000a9c00000|100%| O|  |TAMS 0x00000000a9b00000| PB 0x00000000a9b00000| Untracked 
| 156|0x00000000a9c00000, 0x00000000a9d00000, 0x00000000a9d00000|100%| O|  |TAMS 0x00000000a9c00000| PB 0x00000000a9c00000| Untracked 
| 157|0x00000000a9d00000, 0x00000000a9e00000, 0x00000000a9e00000|100%| O|  |TAMS 0x00000000a9d00000| PB 0x00000000a9d00000| Untracked 
| 158|0x00000000a9e00000, 0x00000000a9f00000, 0x00000000a9f00000|100%| O|  |TAMS 0x00000000a9e00000| PB 0x00000000a9e00000| Untracked 
| 159|0x00000000a9f00000, 0x00000000aa000000, 0x00000000aa000000|100%| O|  |TAMS 0x00000000a9f00000| PB 0x00000000a9f00000| Untracked 
| 160|0x00000000aa000000, 0x00000000aa100000, 0x00000000aa100000|100%| O|  |TAMS 0x00000000aa000000| PB 0x00000000aa000000| Untracked 
| 161|0x00000000aa100000, 0x00000000aa200000, 0x00000000aa200000|100%| O|  |TAMS 0x00000000aa100000| PB 0x00000000aa100000| Untracked 
| 162|0x00000000aa200000, 0x00000000aa300000, 0x00000000aa300000|100%| O|  |TAMS 0x00000000aa200000| PB 0x00000000aa200000| Untracked 
| 163|0x00000000aa300000, 0x00000000aa400000, 0x00000000aa400000|100%| O|  |TAMS 0x00000000aa300000| PB 0x00000000aa300000| Untracked 
| 164|0x00000000aa400000, 0x00000000aa500000, 0x00000000aa500000|100%| O|  |TAMS 0x00000000aa400000| PB 0x00000000aa400000| Untracked 
| 165|0x00000000aa500000, 0x00000000aa600000, 0x00000000aa600000|100%| O|  |TAMS 0x00000000aa500000| PB 0x00000000aa500000| Untracked 
| 166|0x00000000aa600000, 0x00000000aa700000, 0x00000000aa700000|100%| O|  |TAMS 0x00000000aa600000| PB 0x00000000aa600000| Untracked 
| 167|0x00000000aa700000, 0x00000000aa800000, 0x00000000aa800000|100%| O|  |TAMS 0x00000000aa700000| PB 0x00000000aa700000| Untracked 
| 168|0x00000000aa800000, 0x00000000aa900000, 0x00000000aa900000|100%| O|  |TAMS 0x00000000aa800000| PB 0x00000000aa800000| Untracked 
| 169|0x00000000aa900000, 0x00000000aaa00000, 0x00000000aaa00000|100%| O|  |TAMS 0x00000000aa900000| PB 0x00000000aa900000| Untracked 
| 170|0x00000000aaa00000, 0x00000000aab00000, 0x00000000aab00000|100%| O|  |TAMS 0x00000000aaa00000| PB 0x00000000aaa00000| Untracked 
| 171|0x00000000aab00000, 0x00000000aac00000, 0x00000000aac00000|100%| O|  |TAMS 0x00000000aab00000| PB 0x00000000aab00000| Untracked 
| 172|0x00000000aac00000, 0x00000000aad00000, 0x00000000aad00000|100%| O|  |TAMS 0x00000000aac00000| PB 0x00000000aac00000| Untracked 
| 173|0x00000000aad00000, 0x00000000aae00000, 0x00000000aae00000|100%| O|  |TAMS 0x00000000aad00000| PB 0x00000000aad00000| Untracked 
| 174|0x00000000aae00000, 0x00000000aaf00000, 0x00000000aaf00000|100%| O|  |TAMS 0x00000000aae00000| PB 0x00000000aae00000| Untracked 
| 175|0x00000000aaf00000, 0x00000000ab000000, 0x00000000ab000000|100%| O|  |TAMS 0x00000000aaf00000| PB 0x00000000aaf00000| Untracked 
| 176|0x00000000ab000000, 0x00000000ab100000, 0x00000000ab100000|100%| O|  |TAMS 0x00000000ab000000| PB 0x00000000ab000000| Untracked 
| 177|0x00000000ab100000, 0x00000000ab200000, 0x00000000ab200000|100%| O|  |TAMS 0x00000000ab100000| PB 0x00000000ab100000| Untracked 
| 178|0x00000000ab200000, 0x00000000ab300000, 0x00000000ab300000|100%| O|  |TAMS 0x00000000ab200000| PB 0x00000000ab200000| Untracked 
| 179|0x00000000ab300000, 0x00000000ab300000, 0x00000000ab400000|  0%| F|  |TAMS 0x00000000ab300000| PB 0x00000000ab300000| Untracked 
| 180|0x00000000ab400000, 0x00000000ab500000, 0x00000000ab500000|100%| O|  |TAMS 0x00000000ab400000| PB 0x00000000ab400000| Untracked 
| 181|0x00000000ab500000, 0x00000000ab600000, 0x00000000ab600000|100%| O|  |TAMS 0x00000000ab500000| PB 0x00000000ab500000| Untracked 
| 182|0x00000000ab600000, 0x00000000ab700000, 0x00000000ab700000|100%| O|  |TAMS 0x00000000ab600000| PB 0x00000000ab600000| Untracked 
| 183|0x00000000ab700000, 0x00000000ab800000, 0x00000000ab800000|100%| O|  |TAMS 0x00000000ab700000| PB 0x00000000ab700000| Untracked 
| 184|0x00000000ab800000, 0x00000000ab900000, 0x00000000ab900000|100%| O|  |TAMS 0x00000000ab800000| PB 0x00000000ab800000| Untracked 
| 185|0x00000000ab900000, 0x00000000ab900000, 0x00000000aba00000|  0%| F|  |TAMS 0x00000000ab900000| PB 0x00000000ab900000| Untracked 
| 186|0x00000000aba00000, 0x00000000aba00000, 0x00000000abb00000|  0%| F|  |TAMS 0x00000000aba00000| PB 0x00000000aba00000| Untracked 
| 187|0x00000000abb00000, 0x00000000abc00000, 0x00000000abc00000|100%| O|  |TAMS 0x00000000abb00000| PB 0x00000000abb00000| Untracked 
| 188|0x00000000abc00000, 0x00000000abd00000, 0x00000000abd00000|100%| O|  |TAMS 0x00000000abc00000| PB 0x00000000abc00000| Untracked 
| 189|0x00000000abd00000, 0x00000000abe00000, 0x00000000abe00000|100%| O|  |TAMS 0x00000000abd00000| PB 0x00000000abd00000| Untracked 
| 190|0x00000000abe00000, 0x00000000abf00000, 0x00000000abf00000|100%| O|  |TAMS 0x00000000abe00000| PB 0x00000000abe00000| Untracked 
| 191|0x00000000abf00000, 0x00000000ac000000, 0x00000000ac000000|100%| O|  |TAMS 0x00000000abf00000| PB 0x00000000abf00000| Untracked 
| 192|0x00000000ac000000, 0x00000000ac100000, 0x00000000ac100000|100%| O|  |TAMS 0x00000000ac000000| PB 0x00000000ac000000| Untracked 
| 193|0x00000000ac100000, 0x00000000ac200000, 0x00000000ac200000|100%| O|  |TAMS 0x00000000ac100000| PB 0x00000000ac100000| Untracked 
| 194|0x00000000ac200000, 0x00000000ac300000, 0x00000000ac300000|100%| O|  |TAMS 0x00000000ac200000| PB 0x00000000ac200000| Untracked 
| 195|0x00000000ac300000, 0x00000000ac400000, 0x00000000ac400000|100%| O|  |TAMS 0x00000000ac300000| PB 0x00000000ac300000| Untracked 
| 196|0x00000000ac400000, 0x00000000ac500000, 0x00000000ac500000|100%| O|  |TAMS 0x00000000ac400000| PB 0x00000000ac400000| Untracked 
| 197|0x00000000ac500000, 0x00000000ac500000, 0x00000000ac600000|  0%| F|  |TAMS 0x00000000ac500000| PB 0x00000000ac500000| Untracked 
| 198|0x00000000ac600000, 0x00000000ac700000, 0x00000000ac700000|100%| O|  |TAMS 0x00000000ac600000| PB 0x00000000ac600000| Untracked 
| 199|0x00000000ac700000, 0x00000000ac800000, 0x00000000ac800000|100%| O|  |TAMS 0x00000000ac700000| PB 0x00000000ac700000| Untracked 
| 200|0x00000000ac800000, 0x00000000ac900000, 0x00000000ac900000|100%| O|  |TAMS 0x00000000ac800000| PB 0x00000000ac800000| Untracked 
| 201|0x00000000ac900000, 0x00000000aca00000, 0x00000000aca00000|100%| O|  |TAMS 0x00000000ac900000| PB 0x00000000ac900000| Untracked 
| 202|0x00000000aca00000, 0x00000000acb00000, 0x00000000acb00000|100%| O|  |TAMS 0x00000000aca00000| PB 0x00000000aca00000| Untracked 
| 203|0x00000000acb00000, 0x00000000acc00000, 0x00000000acc00000|100%| O|  |TAMS 0x00000000acb00000| PB 0x00000000acb00000| Untracked 
| 204|0x00000000acc00000, 0x00000000acd00000, 0x00000000acd00000|100%| O|  |TAMS 0x00000000acc00000| PB 0x00000000acc00000| Untracked 
| 205|0x00000000acd00000, 0x00000000ace00000, 0x00000000ace00000|100%| O|  |TAMS 0x00000000acd00000| PB 0x00000000acd00000| Untracked 
| 206|0x00000000ace00000, 0x00000000acf00000, 0x00000000acf00000|100%|HS|  |TAMS 0x00000000ace00000| PB 0x00000000ace00000| Complete 
| 207|0x00000000acf00000, 0x00000000ad000000, 0x00000000ad000000|100%|HC|  |TAMS 0x00000000acf00000| PB 0x00000000acf00000| Complete 
| 208|0x00000000ad000000, 0x00000000ad100000, 0x00000000ad100000|100%| O|  |TAMS 0x00000000ad000000| PB 0x00000000ad000000| Untracked 
| 209|0x00000000ad100000, 0x00000000ad200000, 0x00000000ad200000|100%| O|  |TAMS 0x00000000ad100000| PB 0x00000000ad100000| Untracked 
| 210|0x00000000ad200000, 0x00000000ad300000, 0x00000000ad300000|100%| O|  |TAMS 0x00000000ad200000| PB 0x00000000ad200000| Untracked 
| 211|0x00000000ad300000, 0x00000000ad400000, 0x00000000ad400000|100%| O|  |TAMS 0x00000000ad300000| PB 0x00000000ad300000| Untracked 
| 212|0x00000000ad400000, 0x00000000ad500000, 0x00000000ad500000|100%| O|Cm|TAMS 0x00000000ad400000| PB 0x00000000ad400000| Complete 
| 213|0x00000000ad500000, 0x00000000ad600000, 0x00000000ad600000|100%| O|  |TAMS 0x00000000ad500000| PB 0x00000000ad500000| Untracked 
| 214|0x00000000ad600000, 0x00000000ad700000, 0x00000000ad700000|100%|HS|  |TAMS 0x00000000ad600000| PB 0x00000000ad600000| Complete 
| 215|0x00000000ad700000, 0x00000000ad800000, 0x00000000ad800000|100%| O|  |TAMS 0x00000000ad700000| PB 0x00000000ad700000| Untracked 
| 216|0x00000000ad800000, 0x00000000ad900000, 0x00000000ad900000|100%| O|  |TAMS 0x00000000ad800000| PB 0x00000000ad800000| Untracked 
| 217|0x00000000ad900000, 0x00000000ada00000, 0x00000000ada00000|100%| O|  |TAMS 0x00000000ad900000| PB 0x00000000ad900000| Untracked 
| 218|0x00000000ada00000, 0x00000000adb00000, 0x00000000adb00000|100%| O|  |TAMS 0x00000000ada00000| PB 0x00000000ada00000| Untracked 
| 219|0x00000000adb00000, 0x00000000adb00000, 0x00000000adc00000|  0%| F|  |TAMS 0x00000000adb00000| PB 0x00000000adb00000| Untracked 
| 220|0x00000000adc00000, 0x00000000adc00000, 0x00000000add00000|  0%| F|  |TAMS 0x00000000adc00000| PB 0x00000000adc00000| Untracked 
| 221|0x00000000add00000, 0x00000000ade00000, 0x00000000ade00000|100%| O|Cm|TAMS 0x00000000add00000| PB 0x00000000add00000| Complete 
| 222|0x00000000ade00000, 0x00000000adf00000, 0x00000000adf00000|100%| O|  |TAMS 0x00000000ade00000| PB 0x00000000ade00000| Untracked 
| 223|0x00000000adf00000, 0x00000000ae000000, 0x00000000ae000000|100%| O|  |TAMS 0x00000000adf00000| PB 0x00000000adf00000| Untracked 
| 224|0x00000000ae000000, 0x00000000ae000000, 0x00000000ae100000|  0%| F|  |TAMS 0x00000000ae000000| PB 0x00000000ae000000| Untracked 
| 225|0x00000000ae100000, 0x00000000ae200000, 0x00000000ae200000|100%| O|  |TAMS 0x00000000ae100000| PB 0x00000000ae100000| Untracked 
| 226|0x00000000ae200000, 0x00000000ae300000, 0x00000000ae300000|100%| O|Cm|TAMS 0x00000000ae200000| PB 0x00000000ae200000| Complete 
| 227|0x00000000ae300000, 0x00000000ae400000, 0x00000000ae400000|100%| O|  |TAMS 0x00000000ae300000| PB 0x00000000ae300000| Untracked 
| 228|0x00000000ae400000, 0x00000000ae400000, 0x00000000ae500000|  0%| F|  |TAMS 0x00000000ae400000| PB 0x00000000ae400000| Untracked 
| 229|0x00000000ae500000, 0x00000000ae600000, 0x00000000ae600000|100%| O|  |TAMS 0x00000000ae500000| PB 0x00000000ae500000| Untracked 
| 230|0x00000000ae600000, 0x00000000ae700000, 0x00000000ae700000|100%| O|  |TAMS 0x00000000ae600000| PB 0x00000000ae600000| Untracked 
| 231|0x00000000ae700000, 0x00000000ae800000, 0x00000000ae800000|100%| O|  |TAMS 0x00000000ae700000| PB 0x00000000ae700000| Untracked 
| 232|0x00000000ae800000, 0x00000000ae800000, 0x00000000ae900000|  0%| F|  |TAMS 0x00000000ae800000| PB 0x00000000ae800000| Untracked 
| 233|0x00000000ae900000, 0x00000000aea00000, 0x00000000aea00000|100%| O|  |TAMS 0x00000000ae900000| PB 0x00000000ae900000| Untracked 
| 234|0x00000000aea00000, 0x00000000aeb00000, 0x00000000aeb00000|100%| O|  |TAMS 0x00000000aea00000| PB 0x00000000aea00000| Untracked 
| 235|0x00000000aeb00000, 0x00000000aec00000, 0x00000000aec00000|100%| O|  |TAMS 0x00000000aeb00000| PB 0x00000000aeb00000| Untracked 
| 236|0x00000000aec00000, 0x00000000aed00000, 0x00000000aed00000|100%| O|  |TAMS 0x00000000aec00000| PB 0x00000000aec00000| Untracked 
| 237|0x00000000aed00000, 0x00000000aed00000, 0x00000000aee00000|  0%| F|  |TAMS 0x00000000aed00000| PB 0x00000000aed00000| Untracked 
| 238|0x00000000aee00000, 0x00000000aef00000, 0x00000000aef00000|100%| O|  |TAMS 0x00000000aee00000| PB 0x00000000aee00000| Untracked 
| 239|0x00000000aef00000, 0x00000000aef00000, 0x00000000af000000|  0%| F|  |TAMS 0x00000000aef00000| PB 0x00000000aef00000| Untracked 
| 240|0x00000000af000000, 0x00000000af100000, 0x00000000af100000|100%| O|  |TAMS 0x00000000af000000| PB 0x00000000af000000| Untracked 
| 241|0x00000000af100000, 0x00000000af200000, 0x00000000af200000|100%| O|  |TAMS 0x00000000af100000| PB 0x00000000af100000| Untracked 
| 242|0x00000000af200000, 0x00000000af200000, 0x00000000af300000|  0%| F|  |TAMS 0x00000000af200000| PB 0x00000000af200000| Untracked 
| 243|0x00000000af300000, 0x00000000af400000, 0x00000000af400000|100%| O|  |TAMS 0x00000000af300000| PB 0x00000000af300000| Untracked 
| 244|0x00000000af400000, 0x00000000af500000, 0x00000000af500000|100%| O|  |TAMS 0x00000000af400000| PB 0x00000000af400000| Untracked 
| 245|0x00000000af500000, 0x00000000af600000, 0x00000000af600000|100%| O|  |TAMS 0x00000000af500000| PB 0x00000000af500000| Untracked 
| 246|0x00000000af600000, 0x00000000af600000, 0x00000000af700000|  0%| F|  |TAMS 0x00000000af600000| PB 0x00000000af600000| Untracked 
| 247|0x00000000af700000, 0x00000000af800000, 0x00000000af800000|100%| O|  |TAMS 0x00000000af700000| PB 0x00000000af700000| Untracked 
| 248|0x00000000af800000, 0x00000000af900000, 0x00000000af900000|100%| O|  |TAMS 0x00000000af800000| PB 0x00000000af800000| Untracked 
| 249|0x00000000af900000, 0x00000000af900000, 0x00000000afa00000|  0%| F|  |TAMS 0x00000000af900000| PB 0x00000000af900000| Untracked 
| 250|0x00000000afa00000, 0x00000000afb00000, 0x00000000afb00000|100%| O|  |TAMS 0x00000000afa00000| PB 0x00000000afa00000| Untracked 
| 251|0x00000000afb00000, 0x00000000afc00000, 0x00000000afc00000|100%| O|  |TAMS 0x00000000afb00000| PB 0x00000000afb00000| Untracked 
| 252|0x00000000afc00000, 0x00000000afd00000, 0x00000000afd00000|100%| O|  |TAMS 0x00000000afc00000| PB 0x00000000afc00000| Untracked 
| 253|0x00000000afd00000, 0x00000000afe00000, 0x00000000afe00000|100%| O|  |TAMS 0x00000000afd00000| PB 0x00000000afd00000| Untracked 
| 254|0x00000000afe00000, 0x00000000aff00000, 0x00000000aff00000|100%| O|  |TAMS 0x00000000afe00000| PB 0x00000000afe00000| Untracked 
| 255|0x00000000aff00000, 0x00000000b0000000, 0x00000000b0000000|100%| O|  |TAMS 0x00000000aff00000| PB 0x00000000aff00000| Untracked 
| 256|0x00000000b0000000, 0x00000000b0100000, 0x00000000b0100000|100%| O|  |TAMS 0x00000000b0000000| PB 0x00000000b0000000| Untracked 
| 257|0x00000000b0100000, 0x00000000b0100000, 0x00000000b0200000|  0%| F|  |TAMS 0x00000000b0100000| PB 0x00000000b0100000| Untracked 
| 258|0x00000000b0200000, 0x00000000b0300000, 0x00000000b0300000|100%| O|  |TAMS 0x00000000b0200000| PB 0x00000000b0200000| Untracked 
| 259|0x00000000b0300000, 0x00000000b0400000, 0x00000000b0400000|100%| O|  |TAMS 0x00000000b0300000| PB 0x00000000b0300000| Untracked 
| 260|0x00000000b0400000, 0x00000000b0400000, 0x00000000b0500000|  0%| F|  |TAMS 0x00000000b0400000| PB 0x00000000b0400000| Untracked 
| 261|0x00000000b0500000, 0x00000000b0500000, 0x00000000b0600000|  0%| F|  |TAMS 0x00000000b0500000| PB 0x00000000b0500000| Untracked 
| 262|0x00000000b0600000, 0x00000000b0600000, 0x00000000b0700000|  0%| F|  |TAMS 0x00000000b0600000| PB 0x00000000b0600000| Untracked 
| 263|0x00000000b0700000, 0x00000000b0800000, 0x00000000b0800000|100%| O|  |TAMS 0x00000000b0700000| PB 0x00000000b0700000| Untracked 
| 264|0x00000000b0800000, 0x00000000b0900000, 0x00000000b0900000|100%| O|  |TAMS 0x00000000b0800000| PB 0x00000000b0800000| Untracked 
| 265|0x00000000b0900000, 0x00000000b0900000, 0x00000000b0a00000|  0%| F|  |TAMS 0x00000000b0900000| PB 0x00000000b0900000| Untracked 
| 266|0x00000000b0a00000, 0x00000000b0b00000, 0x00000000b0b00000|100%| O|  |TAMS 0x00000000b0a00000| PB 0x00000000b0a00000| Untracked 
| 267|0x00000000b0b00000, 0x00000000b0c00000, 0x00000000b0c00000|100%| O|  |TAMS 0x00000000b0b00000| PB 0x00000000b0b00000| Untracked 
| 268|0x00000000b0c00000, 0x00000000b0c00000, 0x00000000b0d00000|  0%| F|  |TAMS 0x00000000b0c00000| PB 0x00000000b0c00000| Untracked 
| 269|0x00000000b0d00000, 0x00000000b0e00000, 0x00000000b0e00000|100%| O|  |TAMS 0x00000000b0d00000| PB 0x00000000b0d00000| Untracked 
| 270|0x00000000b0e00000, 0x00000000b0f00000, 0x00000000b0f00000|100%| O|  |TAMS 0x00000000b0e00000| PB 0x00000000b0e00000| Untracked 
| 271|0x00000000b0f00000, 0x00000000b1000000, 0x00000000b1000000|100%| O|  |TAMS 0x00000000b0f00000| PB 0x00000000b0f00000| Untracked 
| 272|0x00000000b1000000, 0x00000000b1100000, 0x00000000b1100000|100%| O|  |TAMS 0x00000000b1000000| PB 0x00000000b1000000| Untracked 
| 273|0x00000000b1100000, 0x00000000b1200000, 0x00000000b1200000|100%| O|  |TAMS 0x00000000b1100000| PB 0x00000000b1100000| Untracked 
| 274|0x00000000b1200000, 0x00000000b1300000, 0x00000000b1300000|100%| O|  |TAMS 0x00000000b1200000| PB 0x00000000b1200000| Untracked 
| 275|0x00000000b1300000, 0x00000000b1400000, 0x00000000b1400000|100%| O|  |TAMS 0x00000000b1300000| PB 0x00000000b1300000| Untracked 
| 276|0x00000000b1400000, 0x00000000b1400000, 0x00000000b1500000|  0%| F|  |TAMS 0x00000000b1400000| PB 0x00000000b1400000| Untracked 
| 277|0x00000000b1500000, 0x00000000b1600000, 0x00000000b1600000|100%| O|  |TAMS 0x00000000b1500000| PB 0x00000000b1500000| Untracked 
| 278|0x00000000b1600000, 0x00000000b1700000, 0x00000000b1700000|100%| O|  |TAMS 0x00000000b1600000| PB 0x00000000b1600000| Untracked 
| 279|0x00000000b1700000, 0x00000000b1800000, 0x00000000b1800000|100%| O|  |TAMS 0x00000000b1700000| PB 0x00000000b1700000| Untracked 
| 280|0x00000000b1800000, 0x00000000b1900000, 0x00000000b1900000|100%| O|  |TAMS 0x00000000b1800000| PB 0x00000000b1800000| Untracked 
| 281|0x00000000b1900000, 0x00000000b1a00000, 0x00000000b1a00000|100%| O|  |TAMS 0x00000000b1900000| PB 0x00000000b1900000| Untracked 
| 282|0x00000000b1a00000, 0x00000000b1b00000, 0x00000000b1b00000|100%| O|  |TAMS 0x00000000b1a00000| PB 0x00000000b1a00000| Untracked 
| 283|0x00000000b1b00000, 0x00000000b1c00000, 0x00000000b1c00000|100%| O|  |TAMS 0x00000000b1b00000| PB 0x00000000b1b00000| Untracked 
| 284|0x00000000b1c00000, 0x00000000b1d00000, 0x00000000b1d00000|100%| O|  |TAMS 0x00000000b1c00000| PB 0x00000000b1c00000| Untracked 
| 285|0x00000000b1d00000, 0x00000000b1e00000, 0x00000000b1e00000|100%| O|  |TAMS 0x00000000b1d00000| PB 0x00000000b1d00000| Untracked 
| 286|0x00000000b1e00000, 0x00000000b1f00000, 0x00000000b1f00000|100%| O|  |TAMS 0x00000000b1e00000| PB 0x00000000b1e00000| Untracked 
| 287|0x00000000b1f00000, 0x00000000b2000000, 0x00000000b2000000|100%| O|  |TAMS 0x00000000b1f00000| PB 0x00000000b1f00000| Untracked 
| 288|0x00000000b2000000, 0x00000000b2100000, 0x00000000b2100000|100%| O|Cm|TAMS 0x00000000b2000000| PB 0x00000000b2000000| Complete 
| 289|0x00000000b2100000, 0x00000000b2200000, 0x00000000b2200000|100%| O|  |TAMS 0x00000000b2100000| PB 0x00000000b2100000| Untracked 
| 290|0x00000000b2200000, 0x00000000b2300000, 0x00000000b2300000|100%| O|  |TAMS 0x00000000b2200000| PB 0x00000000b2200000| Untracked 
| 291|0x00000000b2300000, 0x00000000b2400000, 0x00000000b2400000|100%| O|Cm|TAMS 0x00000000b2300000| PB 0x00000000b2300000| Complete 
| 292|0x00000000b2400000, 0x00000000b2500000, 0x00000000b2500000|100%| O|  |TAMS 0x00000000b2400000| PB 0x00000000b2400000| Untracked 
| 293|0x00000000b2500000, 0x00000000b2500000, 0x00000000b2600000|  0%| F|  |TAMS 0x00000000b2500000| PB 0x00000000b2500000| Untracked 
| 294|0x00000000b2600000, 0x00000000b2600000, 0x00000000b2700000|  0%| F|  |TAMS 0x00000000b2600000| PB 0x00000000b2600000| Untracked 
| 295|0x00000000b2700000, 0x00000000b2700000, 0x00000000b2800000|  0%| F|  |TAMS 0x00000000b2700000| PB 0x00000000b2700000| Untracked 
| 296|0x00000000b2800000, 0x00000000b2800000, 0x00000000b2900000|  0%| F|  |TAMS 0x00000000b2800000| PB 0x00000000b2800000| Untracked 
| 297|0x00000000b2900000, 0x00000000b2a00000, 0x00000000b2a00000|100%| O|  |TAMS 0x00000000b2900000| PB 0x00000000b2900000| Untracked 
| 298|0x00000000b2a00000, 0x00000000b2b00000, 0x00000000b2b00000|100%| O|Cm|TAMS 0x00000000b2a00000| PB 0x00000000b2a00000| Complete 
| 299|0x00000000b2b00000, 0x00000000b2c00000, 0x00000000b2c00000|100%| O|  |TAMS 0x00000000b2b00000| PB 0x00000000b2b00000| Untracked 
| 300|0x00000000b2c00000, 0x00000000b2d00000, 0x00000000b2d00000|100%| O|  |TAMS 0x00000000b2c00000| PB 0x00000000b2c00000| Untracked 
| 301|0x00000000b2d00000, 0x00000000b2e00000, 0x00000000b2e00000|100%| O|  |TAMS 0x00000000b2d00000| PB 0x00000000b2d00000| Untracked 
| 302|0x00000000b2e00000, 0x00000000b2f00000, 0x00000000b2f00000|100%| O|  |TAMS 0x00000000b2e00000| PB 0x00000000b2e00000| Untracked 
| 303|0x00000000b2f00000, 0x00000000b3000000, 0x00000000b3000000|100%| O|  |TAMS 0x00000000b2f00000| PB 0x00000000b2f00000| Untracked 
| 304|0x00000000b3000000, 0x00000000b3100000, 0x00000000b3100000|100%| O|  |TAMS 0x00000000b3000000| PB 0x00000000b3000000| Untracked 
| 305|0x00000000b3100000, 0x00000000b3200000, 0x00000000b3200000|100%| O|  |TAMS 0x00000000b3100000| PB 0x00000000b3100000| Untracked 
| 306|0x00000000b3200000, 0x00000000b3200000, 0x00000000b3300000|  0%| F|  |TAMS 0x00000000b3200000| PB 0x00000000b3200000| Untracked 
| 307|0x00000000b3300000, 0x00000000b3400000, 0x00000000b3400000|100%| O|  |TAMS 0x00000000b3300000| PB 0x00000000b3300000| Untracked 
| 308|0x00000000b3400000, 0x00000000b3500000, 0x00000000b3500000|100%| O|  |TAMS 0x00000000b3400000| PB 0x00000000b3400000| Untracked 
| 309|0x00000000b3500000, 0x00000000b3600000, 0x00000000b3600000|100%| O|  |TAMS 0x00000000b3500000| PB 0x00000000b3500000| Untracked 
| 310|0x00000000b3600000, 0x00000000b3700000, 0x00000000b3700000|100%| O|  |TAMS 0x00000000b3600000| PB 0x00000000b3600000| Untracked 
| 311|0x00000000b3700000, 0x00000000b3800000, 0x00000000b3800000|100%| O|  |TAMS 0x00000000b3700000| PB 0x00000000b3700000| Untracked 
| 312|0x00000000b3800000, 0x00000000b3800000, 0x00000000b3900000|  0%| F|  |TAMS 0x00000000b3800000| PB 0x00000000b3800000| Untracked 
| 313|0x00000000b3900000, 0x00000000b3a00000, 0x00000000b3a00000|100%| O|  |TAMS 0x00000000b3900000| PB 0x00000000b3900000| Untracked 
| 314|0x00000000b3a00000, 0x00000000b3b00000, 0x00000000b3b00000|100%| O|  |TAMS 0x00000000b3a00000| PB 0x00000000b3a00000| Untracked 
| 315|0x00000000b3b00000, 0x00000000b3c00000, 0x00000000b3c00000|100%| O|  |TAMS 0x00000000b3b00000| PB 0x00000000b3b00000| Untracked 
| 316|0x00000000b3c00000, 0x00000000b3d00000, 0x00000000b3d00000|100%| O|  |TAMS 0x00000000b3c00000| PB 0x00000000b3c00000| Untracked 
| 317|0x00000000b3d00000, 0x00000000b3e00000, 0x00000000b3e00000|100%| O|  |TAMS 0x00000000b3d00000| PB 0x00000000b3d00000| Untracked 
| 318|0x00000000b3e00000, 0x00000000b3f00000, 0x00000000b3f00000|100%| O|  |TAMS 0x00000000b3e00000| PB 0x00000000b3e00000| Untracked 
| 319|0x00000000b3f00000, 0x00000000b3f00000, 0x00000000b4000000|  0%| F|  |TAMS 0x00000000b3f00000| PB 0x00000000b3f00000| Untracked 
| 320|0x00000000b4000000, 0x00000000b4100000, 0x00000000b4100000|100%| O|  |TAMS 0x00000000b4000000| PB 0x00000000b4000000| Untracked 
| 321|0x00000000b4100000, 0x00000000b4100000, 0x00000000b4200000|  0%| F|  |TAMS 0x00000000b4100000| PB 0x00000000b4100000| Untracked 
| 322|0x00000000b4200000, 0x00000000b4300000, 0x00000000b4300000|100%| O|  |TAMS 0x00000000b4200000| PB 0x00000000b4200000| Untracked 
| 323|0x00000000b4300000, 0x00000000b4400000, 0x00000000b4400000|100%| O|  |TAMS 0x00000000b4300000| PB 0x00000000b4300000| Untracked 
| 324|0x00000000b4400000, 0x00000000b4500000, 0x00000000b4500000|100%| O|  |TAMS 0x00000000b4400000| PB 0x00000000b4400000| Untracked 
| 325|0x00000000b4500000, 0x00000000b4600000, 0x00000000b4600000|100%| O|  |TAMS 0x00000000b4500000| PB 0x00000000b4500000| Untracked 
| 326|0x00000000b4600000, 0x00000000b4700000, 0x00000000b4700000|100%| O|  |TAMS 0x00000000b4600000| PB 0x00000000b4600000| Untracked 
| 327|0x00000000b4700000, 0x00000000b4800000, 0x00000000b4800000|100%| O|  |TAMS 0x00000000b4700000| PB 0x00000000b4700000| Untracked 
| 328|0x00000000b4800000, 0x00000000b4900000, 0x00000000b4900000|100%| O|  |TAMS 0x00000000b4800000| PB 0x00000000b4800000| Untracked 
| 329|0x00000000b4900000, 0x00000000b4a00000, 0x00000000b4a00000|100%| O|  |TAMS 0x00000000b4900000| PB 0x00000000b4900000| Untracked 
| 330|0x00000000b4a00000, 0x00000000b4b00000, 0x00000000b4b00000|100%| O|  |TAMS 0x00000000b4a00000| PB 0x00000000b4a00000| Untracked 
| 331|0x00000000b4b00000, 0x00000000b4c00000, 0x00000000b4c00000|100%| O|  |TAMS 0x00000000b4b00000| PB 0x00000000b4b00000| Untracked 
| 332|0x00000000b4c00000, 0x00000000b4d00000, 0x00000000b4d00000|100%| O|  |TAMS 0x00000000b4c00000| PB 0x00000000b4c00000| Untracked 
| 333|0x00000000b4d00000, 0x00000000b4e00000, 0x00000000b4e00000|100%| O|Cm|TAMS 0x00000000b4d00000| PB 0x00000000b4d00000| Complete 
| 334|0x00000000b4e00000, 0x00000000b4f00000, 0x00000000b4f00000|100%| O|  |TAMS 0x00000000b4e00000| PB 0x00000000b4e00000| Untracked 
| 335|0x00000000b4f00000, 0x00000000b4f00000, 0x00000000b5000000|  0%| F|  |TAMS 0x00000000b4f00000| PB 0x00000000b4f00000| Untracked 
| 336|0x00000000b5000000, 0x00000000b5100000, 0x00000000b5100000|100%| O|  |TAMS 0x00000000b5000000| PB 0x00000000b5000000| Untracked 
| 337|0x00000000b5100000, 0x00000000b5100000, 0x00000000b5200000|  0%| F|  |TAMS 0x00000000b5100000| PB 0x00000000b5100000| Untracked 
| 338|0x00000000b5200000, 0x00000000b5300000, 0x00000000b5300000|100%| O|  |TAMS 0x00000000b5200000| PB 0x00000000b5200000| Untracked 
| 339|0x00000000b5300000, 0x00000000b5300000, 0x00000000b5400000|  0%| F|  |TAMS 0x00000000b5300000| PB 0x00000000b5300000| Untracked 
| 340|0x00000000b5400000, 0x00000000b5400000, 0x00000000b5500000|  0%| F|  |TAMS 0x00000000b5400000| PB 0x00000000b5400000| Untracked 
| 341|0x00000000b5500000, 0x00000000b5600000, 0x00000000b5600000|100%| O|  |TAMS 0x00000000b5500000| PB 0x00000000b5500000| Untracked 
| 342|0x00000000b5600000, 0x00000000b5700000, 0x00000000b5700000|100%| O|  |TAMS 0x00000000b5600000| PB 0x00000000b5600000| Untracked 
| 343|0x00000000b5700000, 0x00000000b5800000, 0x00000000b5800000|100%| O|  |TAMS 0x00000000b5700000| PB 0x00000000b5700000| Untracked 
| 344|0x00000000b5800000, 0x00000000b5900000, 0x00000000b5900000|100%| O|  |TAMS 0x00000000b5800000| PB 0x00000000b5800000| Untracked 
| 345|0x00000000b5900000, 0x00000000b5a00000, 0x00000000b5a00000|100%| O|  |TAMS 0x00000000b5900000| PB 0x00000000b5900000| Untracked 
| 346|0x00000000b5a00000, 0x00000000b5b00000, 0x00000000b5b00000|100%| O|  |TAMS 0x00000000b5a00000| PB 0x00000000b5a00000| Untracked 
| 347|0x00000000b5b00000, 0x00000000b5b00000, 0x00000000b5c00000|  0%| F|  |TAMS 0x00000000b5b00000| PB 0x00000000b5b00000| Untracked 
| 348|0x00000000b5c00000, 0x00000000b5d00000, 0x00000000b5d00000|100%| O|  |TAMS 0x00000000b5c00000| PB 0x00000000b5c00000| Untracked 
| 349|0x00000000b5d00000, 0x00000000b5e00000, 0x00000000b5e00000|100%| O|  |TAMS 0x00000000b5d00000| PB 0x00000000b5d00000| Untracked 
| 350|0x00000000b5e00000, 0x00000000b5e00000, 0x00000000b5f00000|  0%| F|  |TAMS 0x00000000b5e00000| PB 0x00000000b5e00000| Untracked 
| 351|0x00000000b5f00000, 0x00000000b6000000, 0x00000000b6000000|100%| O|  |TAMS 0x00000000b5f00000| PB 0x00000000b5f00000| Untracked 
| 352|0x00000000b6000000, 0x00000000b6000000, 0x00000000b6100000|  0%| F|  |TAMS 0x00000000b6000000| PB 0x00000000b6000000| Untracked 
| 353|0x00000000b6100000, 0x00000000b6100000, 0x00000000b6200000|  0%| F|  |TAMS 0x00000000b6100000| PB 0x00000000b6100000| Untracked 
| 354|0x00000000b6200000, 0x00000000b6300000, 0x00000000b6300000|100%| O|  |TAMS 0x00000000b6200000| PB 0x00000000b6200000| Untracked 
| 355|0x00000000b6300000, 0x00000000b6400000, 0x00000000b6400000|100%| O|  |TAMS 0x00000000b6300000| PB 0x00000000b6300000| Untracked 
| 356|0x00000000b6400000, 0x00000000b6500000, 0x00000000b6500000|100%| O|  |TAMS 0x00000000b6400000| PB 0x00000000b6400000| Untracked 
| 357|0x00000000b6500000, 0x00000000b6500000, 0x00000000b6600000|  0%| F|  |TAMS 0x00000000b6500000| PB 0x00000000b6500000| Untracked 
| 358|0x00000000b6600000, 0x00000000b6700000, 0x00000000b6700000|100%| O|  |TAMS 0x00000000b6600000| PB 0x00000000b6600000| Untracked 
| 359|0x00000000b6700000, 0x00000000b6800000, 0x00000000b6800000|100%| O|  |TAMS 0x00000000b6700000| PB 0x00000000b6700000| Untracked 
| 360|0x00000000b6800000, 0x00000000b6800000, 0x00000000b6900000|  0%| F|  |TAMS 0x00000000b6800000| PB 0x00000000b6800000| Untracked 
| 361|0x00000000b6900000, 0x00000000b6900000, 0x00000000b6a00000|  0%| F|  |TAMS 0x00000000b6900000| PB 0x00000000b6900000| Untracked 
| 362|0x00000000b6a00000, 0x00000000b6a00000, 0x00000000b6b00000|  0%| F|  |TAMS 0x00000000b6a00000| PB 0x00000000b6a00000| Untracked 
| 363|0x00000000b6b00000, 0x00000000b6c00000, 0x00000000b6c00000|100%| O|Cm|TAMS 0x00000000b6b00000| PB 0x00000000b6b00000| Complete 
| 364|0x00000000b6c00000, 0x00000000b6c00000, 0x00000000b6d00000|  0%| F|  |TAMS 0x00000000b6c00000| PB 0x00000000b6c00000| Untracked 
| 365|0x00000000b6d00000, 0x00000000b6d00000, 0x00000000b6e00000|  0%| F|  |TAMS 0x00000000b6d00000| PB 0x00000000b6d00000| Untracked 
| 366|0x00000000b6e00000, 0x00000000b6f00000, 0x00000000b6f00000|100%| O|  |TAMS 0x00000000b6e00000| PB 0x00000000b6e00000| Untracked 
| 367|0x00000000b6f00000, 0x00000000b7000000, 0x00000000b7000000|100%| O|  |TAMS 0x00000000b6f00000| PB 0x00000000b6f00000| Untracked 
| 368|0x00000000b7000000, 0x00000000b7000000, 0x00000000b7100000|  0%| F|  |TAMS 0x00000000b7000000| PB 0x00000000b7000000| Untracked 
| 369|0x00000000b7100000, 0x00000000b7100000, 0x00000000b7200000|  0%| F|  |TAMS 0x00000000b7100000| PB 0x00000000b7100000| Untracked 
| 370|0x00000000b7200000, 0x00000000b7200000, 0x00000000b7300000|  0%| F|  |TAMS 0x00000000b7200000| PB 0x00000000b7200000| Untracked 
| 371|0x00000000b7300000, 0x00000000b7300000, 0x00000000b7400000|  0%| F|  |TAMS 0x00000000b7300000| PB 0x00000000b7300000| Untracked 
| 372|0x00000000b7400000, 0x00000000b7500000, 0x00000000b7500000|100%| O|  |TAMS 0x00000000b7400000| PB 0x00000000b7400000| Untracked 
| 373|0x00000000b7500000, 0x00000000b7600000, 0x00000000b7600000|100%| O|  |TAMS 0x00000000b7500000| PB 0x00000000b7500000| Untracked 
| 374|0x00000000b7600000, 0x00000000b7600000, 0x00000000b7700000|  0%| F|  |TAMS 0x00000000b7600000| PB 0x00000000b7600000| Untracked 
| 375|0x00000000b7700000, 0x00000000b7800000, 0x00000000b7800000|100%| O|  |TAMS 0x00000000b7700000| PB 0x00000000b7700000| Untracked 
| 376|0x00000000b7800000, 0x00000000b7900000, 0x00000000b7900000|100%| O|  |TAMS 0x00000000b7800000| PB 0x00000000b7800000| Untracked 
| 377|0x00000000b7900000, 0x00000000b7a00000, 0x00000000b7a00000|100%| O|  |TAMS 0x00000000b7900000| PB 0x00000000b7900000| Untracked 
| 378|0x00000000b7a00000, 0x00000000b7a00000, 0x00000000b7b00000|  0%| F|  |TAMS 0x00000000b7a00000| PB 0x00000000b7a00000| Untracked 
| 379|0x00000000b7b00000, 0x00000000b7c00000, 0x00000000b7c00000|100%| O|  |TAMS 0x00000000b7b00000| PB 0x00000000b7b00000| Untracked 
| 380|0x00000000b7c00000, 0x00000000b7d00000, 0x00000000b7d00000|100%| O|  |TAMS 0x00000000b7c00000| PB 0x00000000b7c00000| Untracked 
| 381|0x00000000b7d00000, 0x00000000b7e00000, 0x00000000b7e00000|100%| O|  |TAMS 0x00000000b7d00000| PB 0x00000000b7d00000| Untracked 
| 382|0x00000000b7e00000, 0x00000000b7e00000, 0x00000000b7f00000|  0%| F|  |TAMS 0x00000000b7e00000| PB 0x00000000b7e00000| Untracked 
| 383|0x00000000b7f00000, 0x00000000b7f00000, 0x00000000b8000000|  0%| F|  |TAMS 0x00000000b7f00000| PB 0x00000000b7f00000| Untracked 
| 384|0x00000000b8000000, 0x00000000b8100000, 0x00000000b8100000|100%| O|  |TAMS 0x00000000b8000000| PB 0x00000000b8000000| Untracked 
| 385|0x00000000b8100000, 0x00000000b8100000, 0x00000000b8200000|  0%| F|  |TAMS 0x00000000b8100000| PB 0x00000000b8100000| Untracked 
| 386|0x00000000b8200000, 0x00000000b8300000, 0x00000000b8300000|100%| O|  |TAMS 0x00000000b8200000| PB 0x00000000b8200000| Untracked 
| 387|0x00000000b8300000, 0x00000000b8400000, 0x00000000b8400000|100%| O|  |TAMS 0x00000000b8300000| PB 0x00000000b8300000| Untracked 
| 388|0x00000000b8400000, 0x00000000b8500000, 0x00000000b8500000|100%| O|  |TAMS 0x00000000b8400000| PB 0x00000000b8400000| Untracked 
| 389|0x00000000b8500000, 0x00000000b8600000, 0x00000000b8600000|100%| O|  |TAMS 0x00000000b8500000| PB 0x00000000b8500000| Untracked 
| 390|0x00000000b8600000, 0x00000000b8600000, 0x00000000b8700000|  0%| F|  |TAMS 0x00000000b8600000| PB 0x00000000b8600000| Untracked 
| 391|0x00000000b8700000, 0x00000000b8700000, 0x00000000b8800000|  0%| F|  |TAMS 0x00000000b8700000| PB 0x00000000b8700000| Untracked 
| 392|0x00000000b8800000, 0x00000000b8800000, 0x00000000b8900000|  0%| F|  |TAMS 0x00000000b8800000| PB 0x00000000b8800000| Untracked 
| 393|0x00000000b8900000, 0x00000000b8a00000, 0x00000000b8a00000|100%| O|  |TAMS 0x00000000b8900000| PB 0x00000000b8900000| Untracked 
| 394|0x00000000b8a00000, 0x00000000b8a00000, 0x00000000b8b00000|  0%| F|  |TAMS 0x00000000b8a00000| PB 0x00000000b8a00000| Untracked 
| 395|0x00000000b8b00000, 0x00000000b8b00000, 0x00000000b8c00000|  0%| F|  |TAMS 0x00000000b8b00000| PB 0x00000000b8b00000| Untracked 
| 396|0x00000000b8c00000, 0x00000000b8c00000, 0x00000000b8d00000|  0%| F|  |TAMS 0x00000000b8c00000| PB 0x00000000b8c00000| Untracked 
| 397|0x00000000b8d00000, 0x00000000b8d00000, 0x00000000b8e00000|  0%| F|  |TAMS 0x00000000b8d00000| PB 0x00000000b8d00000| Untracked 
| 398|0x00000000b8e00000, 0x00000000b8f00000, 0x00000000b8f00000|100%| O|  |TAMS 0x00000000b8e00000| PB 0x00000000b8e00000| Untracked 
| 399|0x00000000b8f00000, 0x00000000b9000000, 0x00000000b9000000|100%| O|  |TAMS 0x00000000b8f00000| PB 0x00000000b8f00000| Untracked 
| 400|0x00000000b9000000, 0x00000000b9000000, 0x00000000b9100000|  0%| F|  |TAMS 0x00000000b9000000| PB 0x00000000b9000000| Untracked 
| 401|0x00000000b9100000, 0x00000000b9200000, 0x00000000b9200000|100%| O|  |TAMS 0x00000000b9100000| PB 0x00000000b9100000| Untracked 
| 402|0x00000000b9200000, 0x00000000b9300000, 0x00000000b9300000|100%| O|  |TAMS 0x00000000b9200000| PB 0x00000000b9200000| Untracked 
| 403|0x00000000b9300000, 0x00000000b9400000, 0x00000000b9400000|100%| O|  |TAMS 0x00000000b9300000| PB 0x00000000b9300000| Untracked 
| 404|0x00000000b9400000, 0x00000000b9400000, 0x00000000b9500000|  0%| F|  |TAMS 0x00000000b9400000| PB 0x00000000b9400000| Untracked 
| 405|0x00000000b9500000, 0x00000000b9600000, 0x00000000b9600000|100%| O|  |TAMS 0x00000000b9500000| PB 0x00000000b9500000| Untracked 
| 406|0x00000000b9600000, 0x00000000b9700000, 0x00000000b9700000|100%| O|  |TAMS 0x00000000b9600000| PB 0x00000000b9600000| Untracked 
| 407|0x00000000b9700000, 0x00000000b9800000, 0x00000000b9800000|100%| O|  |TAMS 0x00000000b9700000| PB 0x00000000b9700000| Untracked 
| 408|0x00000000b9800000, 0x00000000b9800000, 0x00000000b9900000|  0%| F|  |TAMS 0x00000000b9800000| PB 0x00000000b9800000| Untracked 
| 409|0x00000000b9900000, 0x00000000b9a00000, 0x00000000b9a00000|100%| O|  |TAMS 0x00000000b9900000| PB 0x00000000b9900000| Untracked 
| 410|0x00000000b9a00000, 0x00000000b9a00000, 0x00000000b9b00000|  0%| F|  |TAMS 0x00000000b9a00000| PB 0x00000000b9a00000| Untracked 
| 411|0x00000000b9b00000, 0x00000000b9c00000, 0x00000000b9c00000|100%| O|  |TAMS 0x00000000b9b00000| PB 0x00000000b9b00000| Untracked 
| 412|0x00000000b9c00000, 0x00000000b9d00000, 0x00000000b9d00000|100%| O|Cm|TAMS 0x00000000b9c00000| PB 0x00000000b9c00000| Complete 
| 413|0x00000000b9d00000, 0x00000000b9e00000, 0x00000000b9e00000|100%| O|  |TAMS 0x00000000b9d00000| PB 0x00000000b9d00000| Untracked 
| 414|0x00000000b9e00000, 0x00000000b9e00000, 0x00000000b9f00000|  0%| F|  |TAMS 0x00000000b9e00000| PB 0x00000000b9e00000| Untracked 
| 415|0x00000000b9f00000, 0x00000000ba000000, 0x00000000ba000000|100%| O|  |TAMS 0x00000000b9f00000| PB 0x00000000b9f00000| Untracked 
| 416|0x00000000ba000000, 0x00000000ba100000, 0x00000000ba100000|100%| O|  |TAMS 0x00000000ba000000| PB 0x00000000ba000000| Untracked 
| 417|0x00000000ba100000, 0x00000000ba200000, 0x00000000ba200000|100%| O|  |TAMS 0x00000000ba100000| PB 0x00000000ba100000| Untracked 
| 418|0x00000000ba200000, 0x00000000ba300000, 0x00000000ba300000|100%| O|  |TAMS 0x00000000ba200000| PB 0x00000000ba200000| Untracked 
| 419|0x00000000ba300000, 0x00000000ba400000, 0x00000000ba400000|100%| O|  |TAMS 0x00000000ba300000| PB 0x00000000ba300000| Untracked 
| 420|0x00000000ba400000, 0x00000000ba500000, 0x00000000ba500000|100%| O|  |TAMS 0x00000000ba400000| PB 0x00000000ba400000| Untracked 
| 421|0x00000000ba500000, 0x00000000ba600000, 0x00000000ba600000|100%| O|  |TAMS 0x00000000ba500000| PB 0x00000000ba500000| Untracked 
| 422|0x00000000ba600000, 0x00000000ba600000, 0x00000000ba700000|  0%| F|  |TAMS 0x00000000ba600000| PB 0x00000000ba600000| Untracked 
| 423|0x00000000ba700000, 0x00000000ba800000, 0x00000000ba800000|100%| O|  |TAMS 0x00000000ba700000| PB 0x00000000ba700000| Untracked 
| 424|0x00000000ba800000, 0x00000000ba900000, 0x00000000ba900000|100%| O|  |TAMS 0x00000000ba800000| PB 0x00000000ba800000| Untracked 
| 425|0x00000000ba900000, 0x00000000baa00000, 0x00000000baa00000|100%| O|  |TAMS 0x00000000ba900000| PB 0x00000000ba900000| Untracked 
| 426|0x00000000baa00000, 0x00000000baa00000, 0x00000000bab00000|  0%| F|  |TAMS 0x00000000baa00000| PB 0x00000000baa00000| Untracked 
| 427|0x00000000bab00000, 0x00000000bac00000, 0x00000000bac00000|100%| O|  |TAMS 0x00000000bab00000| PB 0x00000000bab00000| Untracked 
| 428|0x00000000bac00000, 0x00000000bac00000, 0x00000000bad00000|  0%| F|  |TAMS 0x00000000bac00000| PB 0x00000000bac00000| Untracked 
| 429|0x00000000bad00000, 0x00000000bae00000, 0x00000000bae00000|100%| O|  |TAMS 0x00000000bad00000| PB 0x00000000bad00000| Untracked 
| 430|0x00000000bae00000, 0x00000000bae00000, 0x00000000baf00000|  0%| F|  |TAMS 0x00000000bae00000| PB 0x00000000bae00000| Untracked 
| 431|0x00000000baf00000, 0x00000000bb000000, 0x00000000bb000000|100%| O|  |TAMS 0x00000000baf00000| PB 0x00000000baf00000| Untracked 
| 432|0x00000000bb000000, 0x00000000bb000000, 0x00000000bb100000|  0%| F|  |TAMS 0x00000000bb000000| PB 0x00000000bb000000| Untracked 
| 433|0x00000000bb100000, 0x00000000bb100000, 0x00000000bb200000|  0%| F|  |TAMS 0x00000000bb100000| PB 0x00000000bb100000| Untracked 
| 434|0x00000000bb200000, 0x00000000bb200000, 0x00000000bb300000|  0%| F|  |TAMS 0x00000000bb200000| PB 0x00000000bb200000| Untracked 
| 435|0x00000000bb300000, 0x00000000bb300000, 0x00000000bb400000|  0%| F|  |TAMS 0x00000000bb300000| PB 0x00000000bb300000| Untracked 
| 436|0x00000000bb400000, 0x00000000bb500000, 0x00000000bb500000|100%| O|  |TAMS 0x00000000bb400000| PB 0x00000000bb400000| Untracked 
| 437|0x00000000bb500000, 0x00000000bb500000, 0x00000000bb600000|  0%| F|  |TAMS 0x00000000bb500000| PB 0x00000000bb500000| Untracked 
| 438|0x00000000bb600000, 0x00000000bb600000, 0x00000000bb700000|  0%| F|  |TAMS 0x00000000bb600000| PB 0x00000000bb600000| Untracked 
| 439|0x00000000bb700000, 0x00000000bb700000, 0x00000000bb800000|  0%| F|  |TAMS 0x00000000bb700000| PB 0x00000000bb700000| Untracked 
| 440|0x00000000bb800000, 0x00000000bb800000, 0x00000000bb900000|  0%| F|  |TAMS 0x00000000bb800000| PB 0x00000000bb800000| Untracked 
| 441|0x00000000bb900000, 0x00000000bb900000, 0x00000000bba00000|  0%| F|  |TAMS 0x00000000bb900000| PB 0x00000000bb900000| Untracked 
| 442|0x00000000bba00000, 0x00000000bba00000, 0x00000000bbb00000|  0%| F|  |TAMS 0x00000000bba00000| PB 0x00000000bba00000| Untracked 
| 443|0x00000000bbb00000, 0x00000000bbb00000, 0x00000000bbc00000|  0%| F|  |TAMS 0x00000000bbb00000| PB 0x00000000bbb00000| Untracked 
| 444|0x00000000bbc00000, 0x00000000bbc00000, 0x00000000bbd00000|  0%| F|  |TAMS 0x00000000bbc00000| PB 0x00000000bbc00000| Untracked 
| 445|0x00000000bbd00000, 0x00000000bbd00000, 0x00000000bbe00000|  0%| F|  |TAMS 0x00000000bbd00000| PB 0x00000000bbd00000| Untracked 
| 446|0x00000000bbe00000, 0x00000000bbe00000, 0x00000000bbf00000|  0%| F|  |TAMS 0x00000000bbe00000| PB 0x00000000bbe00000| Untracked 
| 447|0x00000000bbf00000, 0x00000000bbf00000, 0x00000000bc000000|  0%| F|  |TAMS 0x00000000bbf00000| PB 0x00000000bbf00000| Untracked 
| 448|0x00000000bc000000, 0x00000000bc100000, 0x00000000bc100000|100%| O|  |TAMS 0x00000000bc000000| PB 0x00000000bc000000| Untracked 
| 449|0x00000000bc100000, 0x00000000bc100000, 0x00000000bc200000|  0%| F|  |TAMS 0x00000000bc100000| PB 0x00000000bc100000| Untracked 
| 450|0x00000000bc200000, 0x00000000bc200000, 0x00000000bc300000|  0%| F|  |TAMS 0x00000000bc200000| PB 0x00000000bc200000| Untracked 
| 451|0x00000000bc300000, 0x00000000bc300000, 0x00000000bc400000|  0%| F|  |TAMS 0x00000000bc300000| PB 0x00000000bc300000| Untracked 
| 452|0x00000000bc400000, 0x00000000bc500000, 0x00000000bc500000|100%| O|  |TAMS 0x00000000bc400000| PB 0x00000000bc400000| Untracked 
| 453|0x00000000bc500000, 0x00000000bc600000, 0x00000000bc600000|100%| O|  |TAMS 0x00000000bc500000| PB 0x00000000bc500000| Untracked 
| 454|0x00000000bc600000, 0x00000000bc700000, 0x00000000bc700000|100%| O|  |TAMS 0x00000000bc600000| PB 0x00000000bc600000| Untracked 
| 455|0x00000000bc700000, 0x00000000bc800000, 0x00000000bc800000|100%| O|  |TAMS 0x00000000bc700000| PB 0x00000000bc700000| Untracked 
| 456|0x00000000bc800000, 0x00000000bc800000, 0x00000000bc900000|  0%| F|  |TAMS 0x00000000bc800000| PB 0x00000000bc800000| Untracked 
| 457|0x00000000bc900000, 0x00000000bca00000, 0x00000000bca00000|100%| O|  |TAMS 0x00000000bc900000| PB 0x00000000bc900000| Untracked 
| 458|0x00000000bca00000, 0x00000000bca00000, 0x00000000bcb00000|  0%| F|  |TAMS 0x00000000bca00000| PB 0x00000000bca00000| Untracked 
| 459|0x00000000bcb00000, 0x00000000bcb00000, 0x00000000bcc00000|  0%| F|  |TAMS 0x00000000bcb00000| PB 0x00000000bcb00000| Untracked 
| 460|0x00000000bcc00000, 0x00000000bcd00000, 0x00000000bcd00000|100%| O|  |TAMS 0x00000000bcc00000| PB 0x00000000bcc00000| Untracked 
| 461|0x00000000bcd00000, 0x00000000bcd00000, 0x00000000bce00000|  0%| F|  |TAMS 0x00000000bcd00000| PB 0x00000000bcd00000| Untracked 
| 462|0x00000000bce00000, 0x00000000bcf00000, 0x00000000bcf00000|100%| O|  |TAMS 0x00000000bce00000| PB 0x00000000bce00000| Untracked 
| 463|0x00000000bcf00000, 0x00000000bcf00000, 0x00000000bd000000|  0%| F|  |TAMS 0x00000000bcf00000| PB 0x00000000bcf00000| Untracked 
| 464|0x00000000bd000000, 0x00000000bd000000, 0x00000000bd100000|  0%| F|  |TAMS 0x00000000bd000000| PB 0x00000000bd000000| Untracked 
| 465|0x00000000bd100000, 0x00000000bd100000, 0x00000000bd200000|  0%| F|  |TAMS 0x00000000bd100000| PB 0x00000000bd100000| Untracked 
| 466|0x00000000bd200000, 0x00000000bd200000, 0x00000000bd300000|  0%| F|  |TAMS 0x00000000bd200000| PB 0x00000000bd200000| Untracked 
| 467|0x00000000bd300000, 0x00000000bd300000, 0x00000000bd400000|  0%| F|  |TAMS 0x00000000bd300000| PB 0x00000000bd300000| Untracked 
| 468|0x00000000bd400000, 0x00000000bd400000, 0x00000000bd500000|  0%| F|  |TAMS 0x00000000bd400000| PB 0x00000000bd400000| Untracked 
| 469|0x00000000bd500000, 0x00000000bd500000, 0x00000000bd600000|  0%| F|  |TAMS 0x00000000bd500000| PB 0x00000000bd500000| Untracked 
| 470|0x00000000bd600000, 0x00000000bd600000, 0x00000000bd700000|  0%| F|  |TAMS 0x00000000bd600000| PB 0x00000000bd600000| Untracked 
| 471|0x00000000bd700000, 0x00000000bd800000, 0x00000000bd800000|100%| O|  |TAMS 0x00000000bd700000| PB 0x00000000bd700000| Untracked 
| 472|0x00000000bd800000, 0x00000000bd800000, 0x00000000bd900000|  0%| F|  |TAMS 0x00000000bd800000| PB 0x00000000bd800000| Untracked 
| 473|0x00000000bd900000, 0x00000000bd900000, 0x00000000bda00000|  0%| F|  |TAMS 0x00000000bd900000| PB 0x00000000bd900000| Untracked 
| 474|0x00000000bda00000, 0x00000000bda00000, 0x00000000bdb00000|  0%| F|  |TAMS 0x00000000bda00000| PB 0x00000000bda00000| Untracked 
| 475|0x00000000bdb00000, 0x00000000bdb00000, 0x00000000bdc00000|  0%| F|  |TAMS 0x00000000bdb00000| PB 0x00000000bdb00000| Untracked 
| 476|0x00000000bdc00000, 0x00000000bdc00000, 0x00000000bdd00000|  0%| F|  |TAMS 0x00000000bdc00000| PB 0x00000000bdc00000| Untracked 
| 477|0x00000000bdd00000, 0x00000000bdd00000, 0x00000000bde00000|  0%| F|  |TAMS 0x00000000bdd00000| PB 0x00000000bdd00000| Untracked 
| 478|0x00000000bde00000, 0x00000000bdf00000, 0x00000000bdf00000|100%| O|  |TAMS 0x00000000bde00000| PB 0x00000000bde00000| Untracked 
| 479|0x00000000bdf00000, 0x00000000bdf00000, 0x00000000be000000|  0%| F|  |TAMS 0x00000000bdf00000| PB 0x00000000bdf00000| Untracked 
| 480|0x00000000be000000, 0x00000000be100000, 0x00000000be100000|100%| O|  |TAMS 0x00000000be000000| PB 0x00000000be000000| Untracked 
| 481|0x00000000be100000, 0x00000000be200000, 0x00000000be200000|100%| O|  |TAMS 0x00000000be100000| PB 0x00000000be100000| Untracked 
| 482|0x00000000be200000, 0x00000000be300000, 0x00000000be300000|100%| O|  |TAMS 0x00000000be200000| PB 0x00000000be200000| Untracked 
| 483|0x00000000be300000, 0x00000000be400000, 0x00000000be400000|100%| O|  |TAMS 0x00000000be300000| PB 0x00000000be300000| Untracked 
| 484|0x00000000be400000, 0x00000000be500000, 0x00000000be500000|100%| O|  |TAMS 0x00000000be400000| PB 0x00000000be400000| Untracked 
| 485|0x00000000be500000, 0x00000000be600000, 0x00000000be600000|100%| O|  |TAMS 0x00000000be500000| PB 0x00000000be500000| Untracked 
| 486|0x00000000be600000, 0x00000000be700000, 0x00000000be700000|100%| O|  |TAMS 0x00000000be600000| PB 0x00000000be600000| Untracked 
| 487|0x00000000be700000, 0x00000000be800000, 0x00000000be800000|100%| O|  |TAMS 0x00000000be700000| PB 0x00000000be700000| Untracked 
| 488|0x00000000be800000, 0x00000000be800000, 0x00000000be900000|  0%| F|  |TAMS 0x00000000be800000| PB 0x00000000be800000| Untracked 
| 489|0x00000000be900000, 0x00000000bea00000, 0x00000000bea00000|100%| O|  |TAMS 0x00000000be900000| PB 0x00000000be900000| Untracked 
| 490|0x00000000bea00000, 0x00000000beb00000, 0x00000000beb00000|100%| O|  |TAMS 0x00000000bea00000| PB 0x00000000bea00000| Untracked 
| 491|0x00000000beb00000, 0x00000000bec00000, 0x00000000bec00000|100%| O|  |TAMS 0x00000000beb00000| PB 0x00000000beb00000| Untracked 
| 492|0x00000000bec00000, 0x00000000bed00000, 0x00000000bed00000|100%| O|  |TAMS 0x00000000bec00000| PB 0x00000000bec00000| Untracked 
| 493|0x00000000bed00000, 0x00000000bee00000, 0x00000000bee00000|100%| O|  |TAMS 0x00000000bed00000| PB 0x00000000bed00000| Untracked 
| 494|0x00000000bee00000, 0x00000000bef00000, 0x00000000bef00000|100%| O|  |TAMS 0x00000000bee00000| PB 0x00000000bee00000| Untracked 
| 495|0x00000000bef00000, 0x00000000bf000000, 0x00000000bf000000|100%| O|  |TAMS 0x00000000bef00000| PB 0x00000000bef00000| Untracked 
| 496|0x00000000bf000000, 0x00000000bf100000, 0x00000000bf100000|100%| O|  |TAMS 0x00000000bf000000| PB 0x00000000bf000000| Untracked 
| 497|0x00000000bf100000, 0x00000000bf200000, 0x00000000bf200000|100%| O|  |TAMS 0x00000000bf100000| PB 0x00000000bf100000| Untracked 
| 498|0x00000000bf200000, 0x00000000bf300000, 0x00000000bf300000|100%| O|  |TAMS 0x00000000bf200000| PB 0x00000000bf200000| Untracked 
| 499|0x00000000bf300000, 0x00000000bf400000, 0x00000000bf400000|100%| O|  |TAMS 0x00000000bf300000| PB 0x00000000bf300000| Untracked 
| 500|0x00000000bf400000, 0x00000000bf500000, 0x00000000bf500000|100%| O|  |TAMS 0x00000000bf400000| PB 0x00000000bf400000| Untracked 
| 501|0x00000000bf500000, 0x00000000bf600000, 0x00000000bf600000|100%| O|  |TAMS 0x00000000bf500000| PB 0x00000000bf500000| Untracked 
| 502|0x00000000bf600000, 0x00000000bf700000, 0x00000000bf700000|100%| O|  |TAMS 0x00000000bf600000| PB 0x00000000bf600000| Untracked 
| 503|0x00000000bf700000, 0x00000000bf800000, 0x00000000bf800000|100%| O|  |TAMS 0x00000000bf700000| PB 0x00000000bf700000| Untracked 
| 504|0x00000000bf800000, 0x00000000bf900000, 0x00000000bf900000|100%| O|Cm|TAMS 0x00000000bf800000| PB 0x00000000bf800000| Complete 
| 505|0x00000000bf900000, 0x00000000bfa00000, 0x00000000bfa00000|100%| O|  |TAMS 0x00000000bf900000| PB 0x00000000bf900000| Untracked 
| 506|0x00000000bfa00000, 0x00000000bfa00000, 0x00000000bfb00000|  0%| F|  |TAMS 0x00000000bfa00000| PB 0x00000000bfa00000| Untracked 
| 507|0x00000000bfb00000, 0x00000000bfb00000, 0x00000000bfc00000|  0%| F|  |TAMS 0x00000000bfb00000| PB 0x00000000bfb00000| Untracked 
| 508|0x00000000bfc00000, 0x00000000bfd00000, 0x00000000bfd00000|100%| O|  |TAMS 0x00000000bfc00000| PB 0x00000000bfc00000| Untracked 
| 509|0x00000000bfd00000, 0x00000000bfd00000, 0x00000000bfe00000|  0%| F|  |TAMS 0x00000000bfd00000| PB 0x00000000bfd00000| Untracked 
| 510|0x00000000bfe00000, 0x00000000bfe00000, 0x00000000bff00000|  0%| F|  |TAMS 0x00000000bfe00000| PB 0x00000000bfe00000| Untracked 
| 511|0x00000000bff00000, 0x00000000bff00000, 0x00000000c0000000|  0%| F|  |TAMS 0x00000000bff00000| PB 0x00000000bff00000| Untracked 
| 512|0x00000000c0000000, 0x00000000c0000000, 0x00000000c0100000|  0%| F|  |TAMS 0x00000000c0000000| PB 0x00000000c0000000| Untracked 
| 513|0x00000000c0100000, 0x00000000c0100000, 0x00000000c0200000|  0%| F|  |TAMS 0x00000000c0100000| PB 0x00000000c0100000| Untracked 
| 514|0x00000000c0200000, 0x00000000c0200000, 0x00000000c0300000|  0%| F|  |TAMS 0x00000000c0200000| PB 0x00000000c0200000| Untracked 
| 515|0x00000000c0300000, 0x00000000c0300000, 0x00000000c0400000|  0%| F|  |TAMS 0x00000000c0300000| PB 0x00000000c0300000| Untracked 
| 516|0x00000000c0400000, 0x00000000c0400000, 0x00000000c0500000|  0%| F|  |TAMS 0x00000000c0400000| PB 0x00000000c0400000| Untracked 
| 517|0x00000000c0500000, 0x00000000c0500000, 0x00000000c0600000|  0%| F|  |TAMS 0x00000000c0500000| PB 0x00000000c0500000| Untracked 
| 518|0x00000000c0600000, 0x00000000c0600000, 0x00000000c0700000|  0%| F|  |TAMS 0x00000000c0600000| PB 0x00000000c0600000| Untracked 
| 519|0x00000000c0700000, 0x00000000c0700000, 0x00000000c0800000|  0%| F|  |TAMS 0x00000000c0700000| PB 0x00000000c0700000| Untracked 
| 520|0x00000000c0800000, 0x00000000c0800000, 0x00000000c0900000|  0%| F|  |TAMS 0x00000000c0800000| PB 0x00000000c0800000| Untracked 
| 521|0x00000000c0900000, 0x00000000c0900000, 0x00000000c0a00000|  0%| F|  |TAMS 0x00000000c0900000| PB 0x00000000c0900000| Untracked 
| 522|0x00000000c0a00000, 0x00000000c0a00000, 0x00000000c0b00000|  0%| F|  |TAMS 0x00000000c0a00000| PB 0x00000000c0a00000| Untracked 
| 523|0x00000000c0b00000, 0x00000000c0b00000, 0x00000000c0c00000|  0%| F|  |TAMS 0x00000000c0b00000| PB 0x00000000c0b00000| Untracked 
| 524|0x00000000c0c00000, 0x00000000c0c00000, 0x00000000c0d00000|  0%| F|  |TAMS 0x00000000c0c00000| PB 0x00000000c0c00000| Untracked 
| 525|0x00000000c0d00000, 0x00000000c0d00000, 0x00000000c0e00000|  0%| F|  |TAMS 0x00000000c0d00000| PB 0x00000000c0d00000| Untracked 
| 526|0x00000000c0e00000, 0x00000000c0e00000, 0x00000000c0f00000|  0%| F|  |TAMS 0x00000000c0e00000| PB 0x00000000c0e00000| Untracked 
| 527|0x00000000c0f00000, 0x00000000c0f00000, 0x00000000c1000000|  0%| F|  |TAMS 0x00000000c0f00000| PB 0x00000000c0f00000| Untracked 
| 528|0x00000000c1000000, 0x00000000c1000000, 0x00000000c1100000|  0%| F|  |TAMS 0x00000000c1000000| PB 0x00000000c1000000| Untracked 
| 529|0x00000000c1100000, 0x00000000c1100000, 0x00000000c1200000|  0%| F|  |TAMS 0x00000000c1100000| PB 0x00000000c1100000| Untracked 
| 530|0x00000000c1200000, 0x00000000c1200000, 0x00000000c1300000|  0%| F|  |TAMS 0x00000000c1200000| PB 0x00000000c1200000| Untracked 
| 531|0x00000000c1300000, 0x00000000c1300000, 0x00000000c1400000|  0%| F|  |TAMS 0x00000000c1300000| PB 0x00000000c1300000| Untracked 
| 532|0x00000000c1400000, 0x00000000c1400000, 0x00000000c1500000|  0%| F|  |TAMS 0x00000000c1400000| PB 0x00000000c1400000| Untracked 
| 533|0x00000000c1500000, 0x00000000c1500000, 0x00000000c1600000|  0%| F|  |TAMS 0x00000000c1500000| PB 0x00000000c1500000| Untracked 
| 534|0x00000000c1600000, 0x00000000c1600000, 0x00000000c1700000|  0%| F|  |TAMS 0x00000000c1600000| PB 0x00000000c1600000| Untracked 
| 535|0x00000000c1700000, 0x00000000c1700000, 0x00000000c1800000|  0%| F|  |TAMS 0x00000000c1700000| PB 0x00000000c1700000| Untracked 
| 536|0x00000000c1800000, 0x00000000c1800000, 0x00000000c1900000|  0%| F|  |TAMS 0x00000000c1800000| PB 0x00000000c1800000| Untracked 
| 537|0x00000000c1900000, 0x00000000c1900000, 0x00000000c1a00000|  0%| F|  |TAMS 0x00000000c1900000| PB 0x00000000c1900000| Untracked 
| 538|0x00000000c1a00000, 0x00000000c1a00000, 0x00000000c1b00000|  0%| F|  |TAMS 0x00000000c1a00000| PB 0x00000000c1a00000| Untracked 
| 539|0x00000000c1b00000, 0x00000000c1b00000, 0x00000000c1c00000|  0%| F|  |TAMS 0x00000000c1b00000| PB 0x00000000c1b00000| Untracked 
| 540|0x00000000c1c00000, 0x00000000c1c00000, 0x00000000c1d00000|  0%| F|  |TAMS 0x00000000c1c00000| PB 0x00000000c1c00000| Untracked 
| 541|0x00000000c1d00000, 0x00000000c1d00000, 0x00000000c1e00000|  0%| F|  |TAMS 0x00000000c1d00000| PB 0x00000000c1d00000| Untracked 
| 542|0x00000000c1e00000, 0x00000000c1e00000, 0x00000000c1f00000|  0%| F|  |TAMS 0x00000000c1e00000| PB 0x00000000c1e00000| Untracked 
| 543|0x00000000c1f00000, 0x00000000c1f00000, 0x00000000c2000000|  0%| F|  |TAMS 0x00000000c1f00000| PB 0x00000000c1f00000| Untracked 
| 544|0x00000000c2000000, 0x00000000c2000000, 0x00000000c2100000|  0%| F|  |TAMS 0x00000000c2000000| PB 0x00000000c2000000| Untracked 
| 545|0x00000000c2100000, 0x00000000c2100000, 0x00000000c2200000|  0%| F|  |TAMS 0x00000000c2100000| PB 0x00000000c2100000| Untracked 
| 546|0x00000000c2200000, 0x00000000c2200000, 0x00000000c2300000|  0%| F|  |TAMS 0x00000000c2200000| PB 0x00000000c2200000| Untracked 
| 547|0x00000000c2300000, 0x00000000c2300000, 0x00000000c2400000|  0%| F|  |TAMS 0x00000000c2300000| PB 0x00000000c2300000| Untracked 
| 548|0x00000000c2400000, 0x00000000c2400000, 0x00000000c2500000|  0%| F|  |TAMS 0x00000000c2400000| PB 0x00000000c2400000| Untracked 
| 549|0x00000000c2500000, 0x00000000c2500000, 0x00000000c2600000|  0%| F|  |TAMS 0x00000000c2500000| PB 0x00000000c2500000| Untracked 
| 550|0x00000000c2600000, 0x00000000c2600000, 0x00000000c2700000|  0%| F|  |TAMS 0x00000000c2600000| PB 0x00000000c2600000| Untracked 
| 551|0x00000000c2700000, 0x00000000c2700000, 0x00000000c2800000|  0%| F|  |TAMS 0x00000000c2700000| PB 0x00000000c2700000| Untracked 
| 552|0x00000000c2800000, 0x00000000c2800000, 0x00000000c2900000|  0%| F|  |TAMS 0x00000000c2800000| PB 0x00000000c2800000| Untracked 
| 553|0x00000000c2900000, 0x00000000c2900000, 0x00000000c2a00000|  0%| F|  |TAMS 0x00000000c2900000| PB 0x00000000c2900000| Untracked 
| 554|0x00000000c2a00000, 0x00000000c2a00000, 0x00000000c2b00000|  0%| F|  |TAMS 0x00000000c2a00000| PB 0x00000000c2a00000| Untracked 
| 555|0x00000000c2b00000, 0x00000000c2b00000, 0x00000000c2c00000|  0%| F|  |TAMS 0x00000000c2b00000| PB 0x00000000c2b00000| Untracked 
| 556|0x00000000c2c00000, 0x00000000c2c00000, 0x00000000c2d00000|  0%| F|  |TAMS 0x00000000c2c00000| PB 0x00000000c2c00000| Untracked 
| 557|0x00000000c2d00000, 0x00000000c2d00000, 0x00000000c2e00000|  0%| F|  |TAMS 0x00000000c2d00000| PB 0x00000000c2d00000| Untracked 
| 558|0x00000000c2e00000, 0x00000000c2e00000, 0x00000000c2f00000|  0%| F|  |TAMS 0x00000000c2e00000| PB 0x00000000c2e00000| Untracked 
| 559|0x00000000c2f00000, 0x00000000c2f00000, 0x00000000c3000000|  0%| F|  |TAMS 0x00000000c2f00000| PB 0x00000000c2f00000| Untracked 
| 560|0x00000000c3000000, 0x00000000c3000000, 0x00000000c3100000|  0%| F|  |TAMS 0x00000000c3000000| PB 0x00000000c3000000| Untracked 
| 561|0x00000000c3100000, 0x00000000c3100000, 0x00000000c3200000|  0%| F|  |TAMS 0x00000000c3100000| PB 0x00000000c3100000| Untracked 
| 562|0x00000000c3200000, 0x00000000c3200000, 0x00000000c3300000|  0%| F|  |TAMS 0x00000000c3200000| PB 0x00000000c3200000| Untracked 
| 563|0x00000000c3300000, 0x00000000c3300000, 0x00000000c3400000|  0%| F|  |TAMS 0x00000000c3300000| PB 0x00000000c3300000| Untracked 
| 564|0x00000000c3400000, 0x00000000c3400000, 0x00000000c3500000|  0%| F|  |TAMS 0x00000000c3400000| PB 0x00000000c3400000| Untracked 
| 565|0x00000000c3500000, 0x00000000c3500000, 0x00000000c3600000|  0%| F|  |TAMS 0x00000000c3500000| PB 0x00000000c3500000| Untracked 
| 566|0x00000000c3600000, 0x00000000c3600000, 0x00000000c3700000|  0%| F|  |TAMS 0x00000000c3600000| PB 0x00000000c3600000| Untracked 
| 567|0x00000000c3700000, 0x00000000c3700000, 0x00000000c3800000|  0%| F|  |TAMS 0x00000000c3700000| PB 0x00000000c3700000| Untracked 
| 568|0x00000000c3800000, 0x00000000c3800000, 0x00000000c3900000|  0%| F|  |TAMS 0x00000000c3800000| PB 0x00000000c3800000| Untracked 
| 569|0x00000000c3900000, 0x00000000c3900000, 0x00000000c3a00000|  0%| F|  |TAMS 0x00000000c3900000| PB 0x00000000c3900000| Untracked 
| 570|0x00000000c3a00000, 0x00000000c3a00000, 0x00000000c3b00000|  0%| F|  |TAMS 0x00000000c3a00000| PB 0x00000000c3a00000| Untracked 
| 571|0x00000000c3b00000, 0x00000000c3b00000, 0x00000000c3c00000|  0%| F|  |TAMS 0x00000000c3b00000| PB 0x00000000c3b00000| Untracked 
| 572|0x00000000c3c00000, 0x00000000c3c00000, 0x00000000c3d00000|  0%| F|  |TAMS 0x00000000c3c00000| PB 0x00000000c3c00000| Untracked 
| 573|0x00000000c3d00000, 0x00000000c3d00000, 0x00000000c3e00000|  0%| F|  |TAMS 0x00000000c3d00000| PB 0x00000000c3d00000| Untracked 
| 574|0x00000000c3e00000, 0x00000000c3e00000, 0x00000000c3f00000|  0%| F|  |TAMS 0x00000000c3e00000| PB 0x00000000c3e00000| Untracked 
| 575|0x00000000c3f00000, 0x00000000c3f00000, 0x00000000c4000000|  0%| F|  |TAMS 0x00000000c3f00000| PB 0x00000000c3f00000| Untracked 
| 576|0x00000000c4000000, 0x00000000c4000000, 0x00000000c4100000|  0%| F|  |TAMS 0x00000000c4000000| PB 0x00000000c4000000| Untracked 
| 577|0x00000000c4100000, 0x00000000c4100000, 0x00000000c4200000|  0%| F|  |TAMS 0x00000000c4100000| PB 0x00000000c4100000| Untracked 
| 578|0x00000000c4200000, 0x00000000c4200000, 0x00000000c4300000|  0%| F|  |TAMS 0x00000000c4200000| PB 0x00000000c4200000| Untracked 
| 579|0x00000000c4300000, 0x00000000c4300000, 0x00000000c4400000|  0%| F|  |TAMS 0x00000000c4300000| PB 0x00000000c4300000| Untracked 
| 580|0x00000000c4400000, 0x00000000c4400000, 0x00000000c4500000|  0%| F|  |TAMS 0x00000000c4400000| PB 0x00000000c4400000| Untracked 
| 581|0x00000000c4500000, 0x00000000c4500000, 0x00000000c4600000|  0%| F|  |TAMS 0x00000000c4500000| PB 0x00000000c4500000| Untracked 
| 582|0x00000000c4600000, 0x00000000c4600000, 0x00000000c4700000|  0%| F|  |TAMS 0x00000000c4600000| PB 0x00000000c4600000| Untracked 
| 583|0x00000000c4700000, 0x00000000c4700000, 0x00000000c4800000|  0%| F|  |TAMS 0x00000000c4700000| PB 0x00000000c4700000| Untracked 
| 584|0x00000000c4800000, 0x00000000c4800000, 0x00000000c4900000|  0%| F|  |TAMS 0x00000000c4800000| PB 0x00000000c4800000| Untracked 
| 585|0x00000000c4900000, 0x00000000c4900000, 0x00000000c4a00000|  0%| F|  |TAMS 0x00000000c4900000| PB 0x00000000c4900000| Untracked 
| 586|0x00000000c4a00000, 0x00000000c4a00000, 0x00000000c4b00000|  0%| F|  |TAMS 0x00000000c4a00000| PB 0x00000000c4a00000| Untracked 
| 587|0x00000000c4b00000, 0x00000000c4b00000, 0x00000000c4c00000|  0%| F|  |TAMS 0x00000000c4b00000| PB 0x00000000c4b00000| Untracked 
| 588|0x00000000c4c00000, 0x00000000c4c00000, 0x00000000c4d00000|  0%| F|  |TAMS 0x00000000c4c00000| PB 0x00000000c4c00000| Untracked 
| 589|0x00000000c4d00000, 0x00000000c4d00000, 0x00000000c4e00000|  0%| F|  |TAMS 0x00000000c4d00000| PB 0x00000000c4d00000| Untracked 
| 590|0x00000000c4e00000, 0x00000000c4e00000, 0x00000000c4f00000|  0%| F|  |TAMS 0x00000000c4e00000| PB 0x00000000c4e00000| Untracked 
| 591|0x00000000c4f00000, 0x00000000c4f00000, 0x00000000c5000000|  0%| F|  |TAMS 0x00000000c4f00000| PB 0x00000000c4f00000| Untracked 
| 592|0x00000000c5000000, 0x00000000c5000000, 0x00000000c5100000|  0%| F|  |TAMS 0x00000000c5000000| PB 0x00000000c5000000| Untracked 
| 593|0x00000000c5100000, 0x00000000c5100000, 0x00000000c5200000|  0%| F|  |TAMS 0x00000000c5100000| PB 0x00000000c5100000| Untracked 
| 594|0x00000000c5200000, 0x00000000c5200000, 0x00000000c5300000|  0%| F|  |TAMS 0x00000000c5200000| PB 0x00000000c5200000| Untracked 
| 595|0x00000000c5300000, 0x00000000c5300000, 0x00000000c5400000|  0%| F|  |TAMS 0x00000000c5300000| PB 0x00000000c5300000| Untracked 
| 596|0x00000000c5400000, 0x00000000c5400000, 0x00000000c5500000|  0%| F|  |TAMS 0x00000000c5400000| PB 0x00000000c5400000| Untracked 
| 597|0x00000000c5500000, 0x00000000c5500000, 0x00000000c5600000|  0%| F|  |TAMS 0x00000000c5500000| PB 0x00000000c5500000| Untracked 
| 598|0x00000000c5600000, 0x00000000c5600000, 0x00000000c5700000|  0%| F|  |TAMS 0x00000000c5600000| PB 0x00000000c5600000| Untracked 
| 599|0x00000000c5700000, 0x00000000c5700000, 0x00000000c5800000|  0%| F|  |TAMS 0x00000000c5700000| PB 0x00000000c5700000| Untracked 
| 600|0x00000000c5800000, 0x00000000c5800000, 0x00000000c5900000|  0%| F|  |TAMS 0x00000000c5800000| PB 0x00000000c5800000| Untracked 
| 601|0x00000000c5900000, 0x00000000c5900000, 0x00000000c5a00000|  0%| F|  |TAMS 0x00000000c5900000| PB 0x00000000c5900000| Untracked 
| 602|0x00000000c5a00000, 0x00000000c5a00000, 0x00000000c5b00000|  0%| F|  |TAMS 0x00000000c5a00000| PB 0x00000000c5a00000| Untracked 
| 603|0x00000000c5b00000, 0x00000000c5b00000, 0x00000000c5c00000|  0%| F|  |TAMS 0x00000000c5b00000| PB 0x00000000c5b00000| Untracked 
| 604|0x00000000c5c00000, 0x00000000c5c00000, 0x00000000c5d00000|  0%| F|  |TAMS 0x00000000c5c00000| PB 0x00000000c5c00000| Untracked 
| 605|0x00000000c5d00000, 0x00000000c5d00000, 0x00000000c5e00000|  0%| F|  |TAMS 0x00000000c5d00000| PB 0x00000000c5d00000| Untracked 
| 606|0x00000000c5e00000, 0x00000000c5e00000, 0x00000000c5f00000|  0%| F|  |TAMS 0x00000000c5e00000| PB 0x00000000c5e00000| Untracked 
| 607|0x00000000c5f00000, 0x00000000c5f00000, 0x00000000c6000000|  0%| F|  |TAMS 0x00000000c5f00000| PB 0x00000000c5f00000| Untracked 
| 608|0x00000000c6000000, 0x00000000c6000000, 0x00000000c6100000|  0%| F|  |TAMS 0x00000000c6000000| PB 0x00000000c6000000| Untracked 
| 609|0x00000000c6100000, 0x00000000c6100000, 0x00000000c6200000|  0%| F|  |TAMS 0x00000000c6100000| PB 0x00000000c6100000| Untracked 
| 610|0x00000000c6200000, 0x00000000c6200000, 0x00000000c6300000|  0%| F|  |TAMS 0x00000000c6200000| PB 0x00000000c6200000| Untracked 
| 611|0x00000000c6300000, 0x00000000c6300000, 0x00000000c6400000|  0%| F|  |TAMS 0x00000000c6300000| PB 0x00000000c6300000| Untracked 
| 612|0x00000000c6400000, 0x00000000c6400000, 0x00000000c6500000|  0%| F|  |TAMS 0x00000000c6400000| PB 0x00000000c6400000| Untracked 
| 613|0x00000000c6500000, 0x00000000c6500000, 0x00000000c6600000|  0%| F|  |TAMS 0x00000000c6500000| PB 0x00000000c6500000| Untracked 
| 614|0x00000000c6600000, 0x00000000c6600000, 0x00000000c6700000|  0%| F|  |TAMS 0x00000000c6600000| PB 0x00000000c6600000| Untracked 
| 615|0x00000000c6700000, 0x00000000c6700000, 0x00000000c6800000|  0%| F|  |TAMS 0x00000000c6700000| PB 0x00000000c6700000| Untracked 
| 616|0x00000000c6800000, 0x00000000c6800000, 0x00000000c6900000|  0%| F|  |TAMS 0x00000000c6800000| PB 0x00000000c6800000| Untracked 
| 617|0x00000000c6900000, 0x00000000c6900000, 0x00000000c6a00000|  0%| F|  |TAMS 0x00000000c6900000| PB 0x00000000c6900000| Untracked 
| 618|0x00000000c6a00000, 0x00000000c6a00000, 0x00000000c6b00000|  0%| F|  |TAMS 0x00000000c6a00000| PB 0x00000000c6a00000| Untracked 
| 619|0x00000000c6b00000, 0x00000000c6b00000, 0x00000000c6c00000|  0%| F|  |TAMS 0x00000000c6b00000| PB 0x00000000c6b00000| Untracked 
| 620|0x00000000c6c00000, 0x00000000c6c00000, 0x00000000c6d00000|  0%| F|  |TAMS 0x00000000c6c00000| PB 0x00000000c6c00000| Untracked 
| 621|0x00000000c6d00000, 0x00000000c6d00000, 0x00000000c6e00000|  0%| F|  |TAMS 0x00000000c6d00000| PB 0x00000000c6d00000| Untracked 
| 622|0x00000000c6e00000, 0x00000000c6e00000, 0x00000000c6f00000|  0%| F|  |TAMS 0x00000000c6e00000| PB 0x00000000c6e00000| Untracked 
| 623|0x00000000c6f00000, 0x00000000c6f00000, 0x00000000c7000000|  0%| F|  |TAMS 0x00000000c6f00000| PB 0x00000000c6f00000| Untracked 
| 624|0x00000000c7000000, 0x00000000c7000000, 0x00000000c7100000|  0%| F|  |TAMS 0x00000000c7000000| PB 0x00000000c7000000| Untracked 
| 625|0x00000000c7100000, 0x00000000c7100000, 0x00000000c7200000|  0%| F|  |TAMS 0x00000000c7100000| PB 0x00000000c7100000| Untracked 
| 626|0x00000000c7200000, 0x00000000c7200000, 0x00000000c7300000|  0%| F|  |TAMS 0x00000000c7200000| PB 0x00000000c7200000| Untracked 
| 627|0x00000000c7300000, 0x00000000c7300000, 0x00000000c7400000|  0%| F|  |TAMS 0x00000000c7300000| PB 0x00000000c7300000| Untracked 
| 628|0x00000000c7400000, 0x00000000c7400000, 0x00000000c7500000|  0%| F|  |TAMS 0x00000000c7400000| PB 0x00000000c7400000| Untracked 
| 629|0x00000000c7500000, 0x00000000c7500000, 0x00000000c7600000|  0%| F|  |TAMS 0x00000000c7500000| PB 0x00000000c7500000| Untracked 
| 630|0x00000000c7600000, 0x00000000c7600000, 0x00000000c7700000|  0%| F|  |TAMS 0x00000000c7600000| PB 0x00000000c7600000| Untracked 
| 631|0x00000000c7700000, 0x00000000c7700000, 0x00000000c7800000|  0%| F|  |TAMS 0x00000000c7700000| PB 0x00000000c7700000| Untracked 
| 632|0x00000000c7800000, 0x00000000c7800000, 0x00000000c7900000|  0%| F|  |TAMS 0x00000000c7800000| PB 0x00000000c7800000| Untracked 
| 633|0x00000000c7900000, 0x00000000c7900000, 0x00000000c7a00000|  0%| F|  |TAMS 0x00000000c7900000| PB 0x00000000c7900000| Untracked 
| 634|0x00000000c7a00000, 0x00000000c7a00000, 0x00000000c7b00000|  0%| F|  |TAMS 0x00000000c7a00000| PB 0x00000000c7a00000| Untracked 
| 635|0x00000000c7b00000, 0x00000000c7b00000, 0x00000000c7c00000|  0%| F|  |TAMS 0x00000000c7b00000| PB 0x00000000c7b00000| Untracked 
| 636|0x00000000c7c00000, 0x00000000c7c00000, 0x00000000c7d00000|  0%| F|  |TAMS 0x00000000c7c00000| PB 0x00000000c7c00000| Untracked 
| 637|0x00000000c7d00000, 0x00000000c7d00000, 0x00000000c7e00000|  0%| F|  |TAMS 0x00000000c7d00000| PB 0x00000000c7d00000| Untracked 
| 638|0x00000000c7e00000, 0x00000000c7e00000, 0x00000000c7f00000|  0%| F|  |TAMS 0x00000000c7e00000| PB 0x00000000c7e00000| Untracked 
| 639|0x00000000c7f00000, 0x00000000c7f00000, 0x00000000c8000000|  0%| F|  |TAMS 0x00000000c7f00000| PB 0x00000000c7f00000| Untracked 
| 640|0x00000000c8000000, 0x00000000c8000000, 0x00000000c8100000|  0%| F|  |TAMS 0x00000000c8000000| PB 0x00000000c8000000| Untracked 
| 641|0x00000000c8100000, 0x00000000c8100000, 0x00000000c8200000|  0%| F|  |TAMS 0x00000000c8100000| PB 0x00000000c8100000| Untracked 
| 642|0x00000000c8200000, 0x00000000c8200000, 0x00000000c8300000|  0%| F|  |TAMS 0x00000000c8200000| PB 0x00000000c8200000| Untracked 
| 643|0x00000000c8300000, 0x00000000c8300000, 0x00000000c8400000|  0%| F|  |TAMS 0x00000000c8300000| PB 0x00000000c8300000| Untracked 
| 644|0x00000000c8400000, 0x00000000c8400000, 0x00000000c8500000|  0%| F|  |TAMS 0x00000000c8400000| PB 0x00000000c8400000| Untracked 
| 645|0x00000000c8500000, 0x00000000c8500000, 0x00000000c8600000|  0%| F|  |TAMS 0x00000000c8500000| PB 0x00000000c8500000| Untracked 
| 646|0x00000000c8600000, 0x00000000c8600000, 0x00000000c8700000|  0%| F|  |TAMS 0x00000000c8600000| PB 0x00000000c8600000| Untracked 
| 647|0x00000000c8700000, 0x00000000c8700000, 0x00000000c8800000|  0%| F|  |TAMS 0x00000000c8700000| PB 0x00000000c8700000| Untracked 
| 648|0x00000000c8800000, 0x00000000c8800000, 0x00000000c8900000|  0%| F|  |TAMS 0x00000000c8800000| PB 0x00000000c8800000| Untracked 
| 649|0x00000000c8900000, 0x00000000c8900000, 0x00000000c8a00000|  0%| F|  |TAMS 0x00000000c8900000| PB 0x00000000c8900000| Untracked 
| 650|0x00000000c8a00000, 0x00000000c8a00000, 0x00000000c8b00000|  0%| F|  |TAMS 0x00000000c8a00000| PB 0x00000000c8a00000| Untracked 
| 651|0x00000000c8b00000, 0x00000000c8b00000, 0x00000000c8c00000|  0%| F|  |TAMS 0x00000000c8b00000| PB 0x00000000c8b00000| Untracked 
| 652|0x00000000c8c00000, 0x00000000c8c00000, 0x00000000c8d00000|  0%| F|  |TAMS 0x00000000c8c00000| PB 0x00000000c8c00000| Untracked 
| 653|0x00000000c8d00000, 0x00000000c8d00000, 0x00000000c8e00000|  0%| F|  |TAMS 0x00000000c8d00000| PB 0x00000000c8d00000| Untracked 
| 654|0x00000000c8e00000, 0x00000000c8e00000, 0x00000000c8f00000|  0%| F|  |TAMS 0x00000000c8e00000| PB 0x00000000c8e00000| Untracked 
| 655|0x00000000c8f00000, 0x00000000c8f00000, 0x00000000c9000000|  0%| F|  |TAMS 0x00000000c8f00000| PB 0x00000000c8f00000| Untracked 
| 656|0x00000000c9000000, 0x00000000c9000000, 0x00000000c9100000|  0%| F|  |TAMS 0x00000000c9000000| PB 0x00000000c9000000| Untracked 
| 657|0x00000000c9100000, 0x00000000c9100000, 0x00000000c9200000|  0%| F|  |TAMS 0x00000000c9100000| PB 0x00000000c9100000| Untracked 
| 658|0x00000000c9200000, 0x00000000c9200000, 0x00000000c9300000|  0%| F|  |TAMS 0x00000000c9200000| PB 0x00000000c9200000| Untracked 
| 659|0x00000000c9300000, 0x00000000c9300000, 0x00000000c9400000|  0%| F|  |TAMS 0x00000000c9300000| PB 0x00000000c9300000| Untracked 
| 660|0x00000000c9400000, 0x00000000c9400000, 0x00000000c9500000|  0%| F|  |TAMS 0x00000000c9400000| PB 0x00000000c9400000| Untracked 
| 661|0x00000000c9500000, 0x00000000c9500000, 0x00000000c9600000|  0%| F|  |TAMS 0x00000000c9500000| PB 0x00000000c9500000| Untracked 
| 662|0x00000000c9600000, 0x00000000c9600000, 0x00000000c9700000|  0%| F|  |TAMS 0x00000000c9600000| PB 0x00000000c9600000| Untracked 
| 663|0x00000000c9700000, 0x00000000c9700000, 0x00000000c9800000|  0%| F|  |TAMS 0x00000000c9700000| PB 0x00000000c9700000| Untracked 
| 664|0x00000000c9800000, 0x00000000c9800000, 0x00000000c9900000|  0%| F|  |TAMS 0x00000000c9800000| PB 0x00000000c9800000| Untracked 
| 665|0x00000000c9900000, 0x00000000c9900000, 0x00000000c9a00000|  0%| F|  |TAMS 0x00000000c9900000| PB 0x00000000c9900000| Untracked 
| 666|0x00000000c9a00000, 0x00000000c9a00000, 0x00000000c9b00000|  0%| F|  |TAMS 0x00000000c9a00000| PB 0x00000000c9a00000| Untracked 
| 667|0x00000000c9b00000, 0x00000000c9b00000, 0x00000000c9c00000|  0%| F|  |TAMS 0x00000000c9b00000| PB 0x00000000c9b00000| Untracked 
| 668|0x00000000c9c00000, 0x00000000c9c00000, 0x00000000c9d00000|  0%| F|  |TAMS 0x00000000c9c00000| PB 0x00000000c9c00000| Untracked 
| 669|0x00000000c9d00000, 0x00000000c9d00000, 0x00000000c9e00000|  0%| F|  |TAMS 0x00000000c9d00000| PB 0x00000000c9d00000| Untracked 
| 670|0x00000000c9e00000, 0x00000000c9e00000, 0x00000000c9f00000|  0%| F|  |TAMS 0x00000000c9e00000| PB 0x00000000c9e00000| Untracked 
| 671|0x00000000c9f00000, 0x00000000c9f00000, 0x00000000ca000000|  0%| F|  |TAMS 0x00000000c9f00000| PB 0x00000000c9f00000| Untracked 
| 672|0x00000000ca000000, 0x00000000ca000000, 0x00000000ca100000|  0%| F|  |TAMS 0x00000000ca000000| PB 0x00000000ca000000| Untracked 
| 673|0x00000000ca100000, 0x00000000ca100000, 0x00000000ca200000|  0%| F|  |TAMS 0x00000000ca100000| PB 0x00000000ca100000| Untracked 
| 674|0x00000000ca200000, 0x00000000ca200000, 0x00000000ca300000|  0%| F|  |TAMS 0x00000000ca200000| PB 0x00000000ca200000| Untracked 
| 675|0x00000000ca300000, 0x00000000ca300000, 0x00000000ca400000|  0%| F|  |TAMS 0x00000000ca300000| PB 0x00000000ca300000| Untracked 
| 676|0x00000000ca400000, 0x00000000ca400000, 0x00000000ca500000|  0%| F|  |TAMS 0x00000000ca400000| PB 0x00000000ca400000| Untracked 
| 677|0x00000000ca500000, 0x00000000ca500000, 0x00000000ca600000|  0%| F|  |TAMS 0x00000000ca500000| PB 0x00000000ca500000| Untracked 
| 678|0x00000000ca600000, 0x00000000ca600000, 0x00000000ca700000|  0%| F|  |TAMS 0x00000000ca600000| PB 0x00000000ca600000| Untracked 
| 679|0x00000000ca700000, 0x00000000ca700000, 0x00000000ca800000|  0%| F|  |TAMS 0x00000000ca700000| PB 0x00000000ca700000| Untracked 
| 680|0x00000000ca800000, 0x00000000ca800000, 0x00000000ca900000|  0%| F|  |TAMS 0x00000000ca800000| PB 0x00000000ca800000| Untracked 
| 681|0x00000000ca900000, 0x00000000ca900000, 0x00000000caa00000|  0%| F|  |TAMS 0x00000000ca900000| PB 0x00000000ca900000| Untracked 
| 682|0x00000000caa00000, 0x00000000caa00000, 0x00000000cab00000|  0%| F|  |TAMS 0x00000000caa00000| PB 0x00000000caa00000| Untracked 
| 683|0x00000000cab00000, 0x00000000cab00000, 0x00000000cac00000|  0%| F|  |TAMS 0x00000000cab00000| PB 0x00000000cab00000| Untracked 
| 684|0x00000000cac00000, 0x00000000cac00000, 0x00000000cad00000|  0%| F|  |TAMS 0x00000000cac00000| PB 0x00000000cac00000| Untracked 
| 685|0x00000000cad00000, 0x00000000cad00000, 0x00000000cae00000|  0%| F|  |TAMS 0x00000000cad00000| PB 0x00000000cad00000| Untracked 
| 686|0x00000000cae00000, 0x00000000cae00000, 0x00000000caf00000|  0%| F|  |TAMS 0x00000000cae00000| PB 0x00000000cae00000| Untracked 
| 687|0x00000000caf00000, 0x00000000caf00000, 0x00000000cb000000|  0%| F|  |TAMS 0x00000000caf00000| PB 0x00000000caf00000| Untracked 
| 688|0x00000000cb000000, 0x00000000cb000000, 0x00000000cb100000|  0%| F|  |TAMS 0x00000000cb000000| PB 0x00000000cb000000| Untracked 
| 689|0x00000000cb100000, 0x00000000cb100000, 0x00000000cb200000|  0%| F|  |TAMS 0x00000000cb100000| PB 0x00000000cb100000| Untracked 
| 690|0x00000000cb200000, 0x00000000cb200000, 0x00000000cb300000|  0%| F|  |TAMS 0x00000000cb200000| PB 0x00000000cb200000| Untracked 
| 691|0x00000000cb300000, 0x00000000cb300000, 0x00000000cb400000|  0%| F|  |TAMS 0x00000000cb300000| PB 0x00000000cb300000| Untracked 
| 692|0x00000000cb400000, 0x00000000cb400000, 0x00000000cb500000|  0%| F|  |TAMS 0x00000000cb400000| PB 0x00000000cb400000| Untracked 
| 693|0x00000000cb500000, 0x00000000cb500000, 0x00000000cb600000|  0%| F|  |TAMS 0x00000000cb500000| PB 0x00000000cb500000| Untracked 
| 694|0x00000000cb600000, 0x00000000cb600000, 0x00000000cb700000|  0%| F|  |TAMS 0x00000000cb600000| PB 0x00000000cb600000| Untracked 
| 695|0x00000000cb700000, 0x00000000cb700000, 0x00000000cb800000|  0%| F|  |TAMS 0x00000000cb700000| PB 0x00000000cb700000| Untracked 
| 696|0x00000000cb800000, 0x00000000cb800000, 0x00000000cb900000|  0%| F|  |TAMS 0x00000000cb800000| PB 0x00000000cb800000| Untracked 
| 697|0x00000000cb900000, 0x00000000cb900000, 0x00000000cba00000|  0%| F|  |TAMS 0x00000000cb900000| PB 0x00000000cb900000| Untracked 
| 698|0x00000000cba00000, 0x00000000cba00000, 0x00000000cbb00000|  0%| F|  |TAMS 0x00000000cba00000| PB 0x00000000cba00000| Untracked 
| 699|0x00000000cbb00000, 0x00000000cbb00000, 0x00000000cbc00000|  0%| F|  |TAMS 0x00000000cbb00000| PB 0x00000000cbb00000| Untracked 
| 700|0x00000000cbc00000, 0x00000000cbc00000, 0x00000000cbd00000|  0%| F|  |TAMS 0x00000000cbc00000| PB 0x00000000cbc00000| Untracked 
| 701|0x00000000cbd00000, 0x00000000cbd00000, 0x00000000cbe00000|  0%| F|  |TAMS 0x00000000cbd00000| PB 0x00000000cbd00000| Untracked 
| 702|0x00000000cbe00000, 0x00000000cbe00000, 0x00000000cbf00000|  0%| F|  |TAMS 0x00000000cbe00000| PB 0x00000000cbe00000| Untracked 
| 703|0x00000000cbf00000, 0x00000000cbf00000, 0x00000000cc000000|  0%| F|  |TAMS 0x00000000cbf00000| PB 0x00000000cbf00000| Untracked 
| 704|0x00000000cc000000, 0x00000000cc000000, 0x00000000cc100000|  0%| F|  |TAMS 0x00000000cc000000| PB 0x00000000cc000000| Untracked 
| 705|0x00000000cc100000, 0x00000000cc100000, 0x00000000cc200000|  0%| F|  |TAMS 0x00000000cc100000| PB 0x00000000cc100000| Untracked 
| 706|0x00000000cc200000, 0x00000000cc200000, 0x00000000cc300000|  0%| F|  |TAMS 0x00000000cc200000| PB 0x00000000cc200000| Untracked 
| 707|0x00000000cc300000, 0x00000000cc300000, 0x00000000cc400000|  0%| F|  |TAMS 0x00000000cc300000| PB 0x00000000cc300000| Untracked 
| 708|0x00000000cc400000, 0x00000000cc400000, 0x00000000cc500000|  0%| F|  |TAMS 0x00000000cc400000| PB 0x00000000cc400000| Untracked 
| 709|0x00000000cc500000, 0x00000000cc500000, 0x00000000cc600000|  0%| F|  |TAMS 0x00000000cc500000| PB 0x00000000cc500000| Untracked 
| 710|0x00000000cc600000, 0x00000000cc600000, 0x00000000cc700000|  0%| F|  |TAMS 0x00000000cc600000| PB 0x00000000cc600000| Untracked 
| 711|0x00000000cc700000, 0x00000000cc700000, 0x00000000cc800000|  0%| F|  |TAMS 0x00000000cc700000| PB 0x00000000cc700000| Untracked 
| 712|0x00000000cc800000, 0x00000000cc800000, 0x00000000cc900000|  0%| F|  |TAMS 0x00000000cc800000| PB 0x00000000cc800000| Untracked 
| 713|0x00000000cc900000, 0x00000000cc900000, 0x00000000cca00000|  0%| F|  |TAMS 0x00000000cc900000| PB 0x00000000cc900000| Untracked 
| 714|0x00000000cca00000, 0x00000000cca00000, 0x00000000ccb00000|  0%| F|  |TAMS 0x00000000cca00000| PB 0x00000000cca00000| Untracked 
| 715|0x00000000ccb00000, 0x00000000ccb00000, 0x00000000ccc00000|  0%| F|  |TAMS 0x00000000ccb00000| PB 0x00000000ccb00000| Untracked 
| 716|0x00000000ccc00000, 0x00000000ccc00000, 0x00000000ccd00000|  0%| F|  |TAMS 0x00000000ccc00000| PB 0x00000000ccc00000| Untracked 
| 717|0x00000000ccd00000, 0x00000000ccd00000, 0x00000000cce00000|  0%| F|  |TAMS 0x00000000ccd00000| PB 0x00000000ccd00000| Untracked 
| 718|0x00000000cce00000, 0x00000000cce00000, 0x00000000ccf00000|  0%| F|  |TAMS 0x00000000cce00000| PB 0x00000000cce00000| Untracked 
| 719|0x00000000ccf00000, 0x00000000ccf00000, 0x00000000cd000000|  0%| F|  |TAMS 0x00000000ccf00000| PB 0x00000000ccf00000| Untracked 
| 720|0x00000000cd000000, 0x00000000cd000000, 0x00000000cd100000|  0%| F|  |TAMS 0x00000000cd000000| PB 0x00000000cd000000| Untracked 
| 721|0x00000000cd100000, 0x00000000cd100000, 0x00000000cd200000|  0%| F|  |TAMS 0x00000000cd100000| PB 0x00000000cd100000| Untracked 
| 722|0x00000000cd200000, 0x00000000cd200000, 0x00000000cd300000|  0%| F|  |TAMS 0x00000000cd200000| PB 0x00000000cd200000| Untracked 
| 723|0x00000000cd300000, 0x00000000cd300000, 0x00000000cd400000|  0%| F|  |TAMS 0x00000000cd300000| PB 0x00000000cd300000| Untracked 
| 724|0x00000000cd400000, 0x00000000cd400000, 0x00000000cd500000|  0%| F|  |TAMS 0x00000000cd400000| PB 0x00000000cd400000| Untracked 
| 725|0x00000000cd500000, 0x00000000cd500000, 0x00000000cd600000|  0%| F|  |TAMS 0x00000000cd500000| PB 0x00000000cd500000| Untracked 
| 726|0x00000000cd600000, 0x00000000cd600000, 0x00000000cd700000|  0%| F|  |TAMS 0x00000000cd600000| PB 0x00000000cd600000| Untracked 
| 727|0x00000000cd700000, 0x00000000cd700000, 0x00000000cd800000|  0%| F|  |TAMS 0x00000000cd700000| PB 0x00000000cd700000| Untracked 
| 728|0x00000000cd800000, 0x00000000cd800000, 0x00000000cd900000|  0%| F|  |TAMS 0x00000000cd800000| PB 0x00000000cd800000| Untracked 
| 729|0x00000000cd900000, 0x00000000cd900000, 0x00000000cda00000|  0%| F|  |TAMS 0x00000000cd900000| PB 0x00000000cd900000| Untracked 
| 730|0x00000000cda00000, 0x00000000cda95c30, 0x00000000cdb00000| 58%| E|  |TAMS 0x00000000cda00000| PB 0x00000000cda00000| Complete 
| 731|0x00000000cdb00000, 0x00000000cdc00000, 0x00000000cdc00000|100%| E|CS|TAMS 0x00000000cdb00000| PB 0x00000000cdb00000| Complete 
| 732|0x00000000cdc00000, 0x00000000cdd00000, 0x00000000cdd00000|100%| E|CS|TAMS 0x00000000cdc00000| PB 0x00000000cdc00000| Complete 
| 733|0x00000000cdd00000, 0x00000000cde00000, 0x00000000cde00000|100%| E|CS|TAMS 0x00000000cdd00000| PB 0x00000000cdd00000| Complete 
| 734|0x00000000cde00000, 0x00000000cdf00000, 0x00000000cdf00000|100%| E|CS|TAMS 0x00000000cde00000| PB 0x00000000cde00000| Complete 
| 735|0x00000000cdf00000, 0x00000000ce000000, 0x00000000ce000000|100%| E|CS|TAMS 0x00000000cdf00000| PB 0x00000000cdf00000| Complete 
| 736|0x00000000ce000000, 0x00000000ce100000, 0x00000000ce100000|100%| E|CS|TAMS 0x00000000ce000000| PB 0x00000000ce000000| Complete 
| 737|0x00000000ce100000, 0x00000000ce200000, 0x00000000ce200000|100%| E|CS|TAMS 0x00000000ce100000| PB 0x00000000ce100000| Complete 
| 738|0x00000000ce200000, 0x00000000ce300000, 0x00000000ce300000|100%| E|CS|TAMS 0x00000000ce200000| PB 0x00000000ce200000| Complete 
| 739|0x00000000ce300000, 0x00000000ce400000, 0x00000000ce400000|100%| E|CS|TAMS 0x00000000ce300000| PB 0x00000000ce300000| Complete 
| 740|0x00000000ce400000, 0x00000000ce500000, 0x00000000ce500000|100%| E|CS|TAMS 0x00000000ce400000| PB 0x00000000ce400000| Complete 
| 741|0x00000000ce500000, 0x00000000ce600000, 0x00000000ce600000|100%| E|CS|TAMS 0x00000000ce500000| PB 0x00000000ce500000| Complete 
| 742|0x00000000ce600000, 0x00000000ce700000, 0x00000000ce700000|100%| E|CS|TAMS 0x00000000ce600000| PB 0x00000000ce600000| Complete 
| 743|0x00000000ce700000, 0x00000000ce800000, 0x00000000ce800000|100%| E|CS|TAMS 0x00000000ce700000| PB 0x00000000ce700000| Complete 
| 744|0x00000000ce800000, 0x00000000ce900000, 0x00000000ce900000|100%| E|CS|TAMS 0x00000000ce800000| PB 0x00000000ce800000| Complete 
| 745|0x00000000ce900000, 0x00000000cea00000, 0x00000000cea00000|100%| E|CS|TAMS 0x00000000ce900000| PB 0x00000000ce900000| Complete 
| 746|0x00000000cea00000, 0x00000000ceb00000, 0x00000000ceb00000|100%| E|CS|TAMS 0x00000000cea00000| PB 0x00000000cea00000| Complete 
| 747|0x00000000ceb00000, 0x00000000cec00000, 0x00000000cec00000|100%| E|CS|TAMS 0x00000000ceb00000| PB 0x00000000ceb00000| Complete 
| 748|0x00000000cec00000, 0x00000000ced00000, 0x00000000ced00000|100%| E|CS|TAMS 0x00000000cec00000| PB 0x00000000cec00000| Complete 
| 749|0x00000000ced00000, 0x00000000cee00000, 0x00000000cee00000|100%| E|CS|TAMS 0x00000000ced00000| PB 0x00000000ced00000| Complete 
| 750|0x00000000cee00000, 0x00000000cef00000, 0x00000000cef00000|100%| E|CS|TAMS 0x00000000cee00000| PB 0x00000000cee00000| Complete 
| 751|0x00000000cef00000, 0x00000000cf000000, 0x00000000cf000000|100%| E|CS|TAMS 0x00000000cef00000| PB 0x00000000cef00000| Complete 
| 752|0x00000000cf000000, 0x00000000cf100000, 0x00000000cf100000|100%| E|CS|TAMS 0x00000000cf000000| PB 0x00000000cf000000| Complete 
| 753|0x00000000cf100000, 0x00000000cf200000, 0x00000000cf200000|100%| E|CS|TAMS 0x00000000cf100000| PB 0x00000000cf100000| Complete 
| 754|0x00000000cf200000, 0x00000000cf300000, 0x00000000cf300000|100%| E|CS|TAMS 0x00000000cf200000| PB 0x00000000cf200000| Complete 
| 755|0x00000000cf300000, 0x00000000cf400000, 0x00000000cf400000|100%| E|CS|TAMS 0x00000000cf300000| PB 0x00000000cf300000| Complete 
| 756|0x00000000cf400000, 0x00000000cf500000, 0x00000000cf500000|100%| E|CS|TAMS 0x00000000cf400000| PB 0x00000000cf400000| Complete 
| 757|0x00000000cf500000, 0x00000000cf600000, 0x00000000cf600000|100%| S|CS|TAMS 0x00000000cf500000| PB 0x00000000cf500000| Complete 
| 758|0x00000000cf600000, 0x00000000cf700000, 0x00000000cf700000|100%| S|CS|TAMS 0x00000000cf600000| PB 0x00000000cf600000| Complete 
| 759|0x00000000cf700000, 0x00000000cf800000, 0x00000000cf800000|100%| S|CS|TAMS 0x00000000cf700000| PB 0x00000000cf700000| Complete 
| 760|0x00000000cf800000, 0x00000000cf900000, 0x00000000cf900000|100%| S|CS|TAMS 0x00000000cf800000| PB 0x00000000cf800000| Complete 
| 761|0x00000000cf900000, 0x00000000cfa00000, 0x00000000cfa00000|100%| S|CS|TAMS 0x00000000cf900000| PB 0x00000000cf900000| Complete 
| 762|0x00000000cfa00000, 0x00000000cfb00000, 0x00000000cfb00000|100%| S|CS|TAMS 0x00000000cfa00000| PB 0x00000000cfa00000| Complete 
| 763|0x00000000cfb00000, 0x00000000cfc00000, 0x00000000cfc00000|100%| S|CS|TAMS 0x00000000cfb00000| PB 0x00000000cfb00000| Complete 
| 764|0x00000000cfc00000, 0x00000000cfd00000, 0x00000000cfd00000|100%| S|CS|TAMS 0x00000000cfc00000| PB 0x00000000cfc00000| Complete 
| 765|0x00000000cfd00000, 0x00000000cfe00000, 0x00000000cfe00000|100%| S|CS|TAMS 0x00000000cfd00000| PB 0x00000000cfd00000| Complete 
| 766|0x00000000cfe00000, 0x00000000cff00000, 0x00000000cff00000|100%| S|CS|TAMS 0x00000000cfe00000| PB 0x00000000cfe00000| Complete 
| 767|0x00000000cff00000, 0x00000000d0000000, 0x00000000d0000000|100%| S|CS|TAMS 0x00000000cff00000| PB 0x00000000cff00000| Complete 
| 768|0x00000000d0000000, 0x00000000d0100000, 0x00000000d0100000|100%| S|CS|TAMS 0x00000000d0000000| PB 0x00000000d0000000| Complete 
| 769|0x00000000d0100000, 0x00000000d0200000, 0x00000000d0200000|100%| S|CS|TAMS 0x00000000d0100000| PB 0x00000000d0100000| Complete 
| 770|0x00000000d0200000, 0x00000000d0300000, 0x00000000d0300000|100%| S|CS|TAMS 0x00000000d0200000| PB 0x00000000d0200000| Complete 
| 771|0x00000000d0300000, 0x00000000d0400000, 0x00000000d0400000|100%| S|CS|TAMS 0x00000000d0300000| PB 0x00000000d0300000| Complete 
| 772|0x00000000d0400000, 0x00000000d0500000, 0x00000000d0500000|100%| S|CS|TAMS 0x00000000d0400000| PB 0x00000000d0400000| Complete 
| 773|0x00000000d0500000, 0x00000000d0600000, 0x00000000d0600000|100%| S|CS|TAMS 0x00000000d0500000| PB 0x00000000d0500000| Complete 
| 774|0x00000000d0600000, 0x00000000d0700000, 0x00000000d0700000|100%| S|CS|TAMS 0x00000000d0600000| PB 0x00000000d0600000| Complete 
| 775|0x00000000d0700000, 0x00000000d0800000, 0x00000000d0800000|100%| S|CS|TAMS 0x00000000d0700000| PB 0x00000000d0700000| Complete 
|1496|0x00000000fd800000, 0x00000000fd8175a0, 0x00000000fd900000|  9%| O|  |TAMS 0x00000000fd800000| PB 0x00000000fd800000| Untracked 
|1497|0x00000000fd900000, 0x00000000fda00000, 0x00000000fda00000|100%| O|Cm|TAMS 0x00000000fd900000| PB 0x00000000fd900000| Complete 
|1498|0x00000000fda00000, 0x00000000fdb00000, 0x00000000fdb00000|100%| O|  |TAMS 0x00000000fda00000| PB 0x00000000fda00000| Untracked 
|1499|0x00000000fdb00000, 0x00000000fdc00000, 0x00000000fdc00000|100%| O|  |TAMS 0x00000000fdb00000| PB 0x00000000fdb00000| Untracked 
|1500|0x00000000fdc00000, 0x00000000fdd00000, 0x00000000fdd00000|100%| O|  |TAMS 0x00000000fdc00000| PB 0x00000000fdc00000| Untracked 
|1501|0x00000000fdd00000, 0x00000000fde00000, 0x00000000fde00000|100%| E|CS|TAMS 0x00000000fdd00000| PB 0x00000000fdd00000| Complete 
|1502|0x00000000fde00000, 0x00000000fdf00000, 0x00000000fdf00000|100%| E|CS|TAMS 0x00000000fde00000| PB 0x00000000fde00000| Complete 
|1503|0x00000000fdf00000, 0x00000000fe000000, 0x00000000fe000000|100%| E|CS|TAMS 0x00000000fdf00000| PB 0x00000000fdf00000| Complete 
|1504|0x00000000fe000000, 0x00000000fe100000, 0x00000000fe100000|100%| E|CS|TAMS 0x00000000fe000000| PB 0x00000000fe000000| Complete 
|1505|0x00000000fe100000, 0x00000000fe200000, 0x00000000fe200000|100%| E|CS|TAMS 0x00000000fe100000| PB 0x00000000fe100000| Complete 
|1506|0x00000000fe200000, 0x00000000fe300000, 0x00000000fe300000|100%| E|CS|TAMS 0x00000000fe200000| PB 0x00000000fe200000| Complete 
|1507|0x00000000fe300000, 0x00000000fe400000, 0x00000000fe400000|100%| E|CS|TAMS 0x00000000fe300000| PB 0x00000000fe300000| Complete 
|1508|0x00000000fe400000, 0x00000000fe500000, 0x00000000fe500000|100%| E|CS|TAMS 0x00000000fe400000| PB 0x00000000fe400000| Complete 
|1509|0x00000000fe500000, 0x00000000fe600000, 0x00000000fe600000|100%| E|CS|TAMS 0x00000000fe500000| PB 0x00000000fe500000| Complete 
|1510|0x00000000fe600000, 0x00000000fe700000, 0x00000000fe700000|100%| E|CS|TAMS 0x00000000fe600000| PB 0x00000000fe600000| Complete 
|1511|0x00000000fe700000, 0x00000000fe800000, 0x00000000fe800000|100%| E|CS|TAMS 0x00000000fe700000| PB 0x00000000fe700000| Complete 
|1512|0x00000000fe800000, 0x00000000fe900000, 0x00000000fe900000|100%| E|CS|TAMS 0x00000000fe800000| PB 0x00000000fe800000| Complete 
|1513|0x00000000fe900000, 0x00000000fea00000, 0x00000000fea00000|100%| E|CS|TAMS 0x00000000fe900000| PB 0x00000000fe900000| Complete 
|1514|0x00000000fea00000, 0x00000000feb00000, 0x00000000feb00000|100%| E|CS|TAMS 0x00000000fea00000| PB 0x00000000fea00000| Complete 
|1515|0x00000000feb00000, 0x00000000fec00000, 0x00000000fec00000|100%| E|CS|TAMS 0x00000000feb00000| PB 0x00000000feb00000| Complete 
|1516|0x00000000fec00000, 0x00000000fed00000, 0x00000000fed00000|100%| E|CS|TAMS 0x00000000fec00000| PB 0x00000000fec00000| Complete 
|1517|0x00000000fed00000, 0x00000000fee00000, 0x00000000fee00000|100%| E|CS|TAMS 0x00000000fed00000| PB 0x00000000fed00000| Complete 
|1518|0x00000000fee00000, 0x00000000fef00000, 0x00000000fef00000|100%| E|CS|TAMS 0x00000000fee00000| PB 0x00000000fee00000| Complete 
|1519|0x00000000fef00000, 0x00000000ff000000, 0x00000000ff000000|100%| E|CS|TAMS 0x00000000fef00000| PB 0x00000000fef00000| Complete 
|1520|0x00000000ff000000, 0x00000000ff100000, 0x00000000ff100000|100%| E|CS|TAMS 0x00000000ff000000| PB 0x00000000ff000000| Complete 
|1521|0x00000000ff100000, 0x00000000ff200000, 0x00000000ff200000|100%| O|  |TAMS 0x00000000ff100000| PB 0x00000000ff100000| Untracked 
|1522|0x00000000ff200000, 0x00000000ff300000, 0x00000000ff300000|100%| O|  |TAMS 0x00000000ff200000| PB 0x00000000ff200000| Untracked 
|1523|0x00000000ff300000, 0x00000000ff400000, 0x00000000ff400000|100%| O|  |TAMS 0x00000000ff300000| PB 0x00000000ff300000| Untracked 
|1524|0x00000000ff400000, 0x00000000ff500000, 0x00000000ff500000|100%| O|  |TAMS 0x00000000ff400000| PB 0x00000000ff400000| Untracked 
|1525|0x00000000ff500000, 0x00000000ff600000, 0x00000000ff600000|100%| O|  |TAMS 0x00000000ff500000| PB 0x00000000ff500000| Untracked 
|1526|0x00000000ff600000, 0x00000000ff700000, 0x00000000ff700000|100%| O|  |TAMS 0x00000000ff600000| PB 0x00000000ff600000| Untracked 
|1527|0x00000000ff700000, 0x00000000ff800000, 0x00000000ff800000|100%| E|CS|TAMS 0x00000000ff700000| PB 0x00000000ff700000| Complete 
|1528|0x00000000ff800000, 0x00000000ff900000, 0x00000000ff900000|100%| E|CS|TAMS 0x00000000ff800000| PB 0x00000000ff800000| Complete 
|1529|0x00000000ff900000, 0x00000000ffa00000, 0x00000000ffa00000|100%| E|CS|TAMS 0x00000000ff900000| PB 0x00000000ff900000| Complete 
|1530|0x00000000ffa00000, 0x00000000ffb00000, 0x00000000ffb00000|100%| E|CS|TAMS 0x00000000ffa00000| PB 0x00000000ffa00000| Complete 
|1531|0x00000000ffb00000, 0x00000000ffc00000, 0x00000000ffc00000|100%| E|CS|TAMS 0x00000000ffb00000| PB 0x00000000ffb00000| Complete 
|1532|0x00000000ffc00000, 0x00000000ffd00000, 0x00000000ffd00000|100%| E|CS|TAMS 0x00000000ffc00000| PB 0x00000000ffc00000| Complete 
|1533|0x00000000ffd00000, 0x00000000ffe00000, 0x00000000ffe00000|100%| O|  |TAMS 0x00000000ffd00000| PB 0x00000000ffd00000| Untracked 
|1534|0x00000000ffe00000, 0x00000000fff00000, 0x00000000fff00000|100%| O|  |TAMS 0x00000000ffe00000| PB 0x00000000ffe00000| Untracked 
|1535|0x00000000fff00000, 0x0000000100000000, 0x0000000100000000|100%| E|CS|TAMS 0x00000000fff00000| PB 0x00000000fff00000| Complete 

Card table byte_map: [0x000074cda8500000,0x000074cda8800000] _byte_map_base: 0x000074cda8000000

Marking Bits: (CMBitMap*) 0x000074cdc0067010
 Bits: [0x000074cda6c00000, 0x000074cda8400000)

Polling page: 0x000074cdc6eec000

Metaspace:

Usage:
  Non-class:    194.30 MB used.
      Class:     27.27 MB used.
       Both:    221.56 MB used.

Virtual space:
  Non-class space:      256.00 MB reserved,     196.50 MB ( 77%) committed,  4 nodes.
      Class space:      416.00 MB reserved,      28.88 MB (  7%) committed,  1 nodes.
             Both:      672.00 MB reserved,     225.38 MB ( 34%) committed. 

Chunk freelists:
   Non-Class:  11.41 MB
       Class:  3.10 MB
        Both:  14.50 MB

MaxMetaspaceSize: 512.00 MB
CompressedClassSpaceSize: 416.00 MB
Initial GC threshold: 21.00 MB
Current GC threshold: 366.25 MB
CDS: on
 - commit_granule_bytes: 65536.
 - commit_granule_words: 8192.
 - virtual_space_node_default_size: 8388608.
 - enlarge_chunks_in_place: 1.
 - use_allocation_guard: 0.


Internal statistics:

num_allocs_failed_limit: 46.
num_arena_births: 2280.
num_arena_deaths: 0.
num_vsnodes_births: 5.
num_vsnodes_deaths: 0.
num_space_committed: 3606.
num_space_uncommitted: 0.
num_chunks_returned_to_freelist: 46.
num_chunks_taken_from_freelist: 14176.
num_chunk_merges: 46.
num_chunk_splits: 8427.
num_chunks_enlarged: 4170.
num_inconsistent_stats: 0.

CodeHeap 'non-profiled nmethods': size=120028Kb used=20887Kb max_used=22522Kb free=99140Kb
 bounds [0x000074cdb02c9000, 0x000074cdb1959000, 0x000074cdb7800000]
CodeHeap 'profiled nmethods': size=120028Kb used=29879Kb max_used=58815Kb free=90149Kb
 bounds [0x000074cda8800000, 0x000074cdac1d0000, 0x000074cdafd37000]
CodeHeap 'non-nmethods': size=5704Kb used=2370Kb max_used=2429Kb free=3333Kb
 bounds [0x000074cdafd37000, 0x000074cdaffa7000, 0x000074cdb02c9000]
CodeCache: size=245760Kb, used=53136Kb, max_used=83766Kb, free=192622Kb
 total_blobs=15817, nmethods=14536, adapters=1182, full_count=0
Compilation: enabled, stopped_count=0, restarted_count=0

Compilation events (20 events):
Event: 948.363 Thread 0x000074cdc02b0fe0 nmethod 44436 0x000074cdaa3d6990 code [0x000074cdaa3d6b80, 0x000074cdaa3d6f18]
Event: 948.363 Thread 0x000074cdc02b0fe0 44438       3       org.eclipse.swt.widgets.Shell::setInitialBounds (273 bytes)
Event: 948.365 Thread 0x000074cdc02b0fe0 nmethod 44438 0x000074cda92ae390 code [0x000074cda92ae600, 0x000074cda92aeeb0]
Event: 948.365 Thread 0x000074cdc02b0fe0 44442       3       org.eclipse.swt.graphics.FontMetrics::getAverageCharacterWidth (6 bytes)
Event: 948.365 Thread 0x000074cdc02b0fe0 nmethod 44442 0x000074cda966e710 code [0x000074cda966e8a0, 0x000074cda966e9c0]
Event: 948.365 Thread 0x000074cdc02b0fe0 44440       3       org.eclipse.swt.widgets.Shell::setRelations (1 bytes)
Event: 948.365 Thread 0x000074cdc02b0fe0 nmethod 44440 0x000074cda9940d90 code [0x000074cda9940f20, 0x000074cda9941020]
Event: 948.365 Thread 0x000074cdc02b0fe0 44441       3       org.eclipse.swt.widgets.Shell::checkBorder (1 bytes)
Event: 948.365 Thread 0x000074cdc02b0fe0 nmethod 44441 0x000074cda9ea0f10 code [0x000074cda9ea10a0, 0x000074cda9ea11a0]
Event: 948.365 Thread 0x000074cdc02b0fe0 44439       3       org.eclipse.swt.widgets.Shell::updateDecorations (220 bytes)
Event: 948.366 Thread 0x000074cdc02b0fe0 nmethod 44439 0x000074cda99dba10 code [0x000074cda99dbc40, 0x000074cda99dc2d0]
Event: 948.366 Thread 0x000074cdc02b0fe0 44443       3       org.eclipse.swt.layout.GridData::<init> (230 bytes)
Event: 948.366 Thread 0x000074cdc02b0fe0 nmethod 44443 0x000074cda9c83510 code [0x000074cda9c836c0, 0x000074cda9c83b38]
Event: 948.382 Thread 0x000074cdc02b0fe0 44444       3       org.eclipse.swt.widgets.Tree::getSelection (159 bytes)
Event: 948.383 Thread 0x000074cdc02b0fe0 nmethod 44444 0x000074cda8e22010 code [0x000074cda8e222c0, 0x000074cda8e22d80]
Event: 948.394 Thread 0x000074cdc02b0fe0 44446       3       org.eclipse.swt.widgets.Control::moveHandle (23 bytes)
Event: 948.394 Thread 0x000074cdc02b0fe0 nmethod 44446 0x000074cdabfffa90 code [0x000074cdabfffc60, 0x000074cdabffff50]
Event: 948.395 Thread 0x000074cdc02b0fe0 44447       3       sun.invoke.util.BytecodeDescriptor::unparseMethod (66 bytes)
Event: 948.395 Thread 0x000074cd4ccee430 44427   !   4       java.util.AbstractMap::equals (145 bytes)
Event: 948.396 Thread 0x000074cdc02b0fe0 nmethod 44447 0x000074cda965f090 code [0x000074cda965f2c0, 0x000074cda965f898]

GC Heap History (20 events):
Event: 297.127 GC heap before
{Heap before GC invocations=67 (full 0):
 garbage-first heap   total 808960K, used 694784K [0x00000000a0000000, 0x0000000100000000)
  region size 1024K, 225 young (230400K), 19 survivors (19456K)
 Metaspace       used 219082K, committed 222848K, reserved 622592K
  class space    used 27076K, committed 28736K, reserved 425984K
}
Event: 297.148 GC heap after
{Heap after GC invocations=68 (full 0):
 garbage-first heap   total 808960K, used 519680K [0x00000000a0000000, 0x0000000100000000)
  region size 1024K, 29 young (29696K), 29 survivors (29696K)
 Metaspace       used 219082K, committed 222848K, reserved 622592K
  class space    used 27076K, committed 28736K, reserved 425984K
}
Event: 315.480 GC heap before
{Heap before GC invocations=68 (full 0):
 garbage-first heap   total 808960K, used 718336K [0x00000000a0000000, 0x0000000100000000)
  region size 1024K, 224 young (229376K), 29 survivors (29696K)
 Metaspace       used 219504K, committed 223232K, reserved 622592K
  class space    used 27104K, committed 28736K, reserved 425984K
}
Event: 315.502 GC heap after
{Heap after GC invocations=69 (full 0):
 garbage-first heap   total 808960K, used 474598K [0x00000000a0000000, 0x0000000100000000)
  region size 1024K, 7 young (7168K), 7 survivors (7168K)
 Metaspace       used 219504K, committed 223232K, reserved 622592K
  class space    used 27104K, committed 28736K, reserved 425984K
}
Event: 333.039 GC heap before
{Heap before GC invocations=69 (full 0):
 garbage-first heap   total 808960K, used 544230K [0x00000000a0000000, 0x0000000100000000)
  region size 1024K, 76 young (77824K), 7 survivors (7168K)
 Metaspace       used 219571K, committed 223296K, reserved 622592K
  class space    used 27108K, committed 28736K, reserved 425984K
}
Event: 333.044 GC heap after
{Heap after GC invocations=70 (full 0):
 garbage-first heap   total 808960K, used 470663K [0x00000000a0000000, 0x0000000100000000)
  region size 1024K, 3 young (3072K), 3 survivors (3072K)
 Metaspace       used 219571K, committed 223296K, reserved 622592K
  class space    used 27108K, committed 28736K, reserved 425984K
}
Event: 372.457 GC heap before
{Heap before GC invocations=71 (full 0):
 garbage-first heap   total 808960K, used 738951K [0x00000000a0000000, 0x0000000100000000)
  region size 1024K, 262 young (268288K), 3 survivors (3072K)
 Metaspace       used 220357K, committed 224192K, reserved 622592K
  class space    used 27166K, committed 28864K, reserved 425984K
}
Event: 372.463 GC heap after
{Heap after GC invocations=72 (full 0):
 garbage-first heap   total 808960K, used 457376K [0x00000000a0000000, 0x0000000100000000)
  region size 1024K, 4 young (4096K), 4 survivors (4096K)
 Metaspace       used 220357K, committed 224192K, reserved 622592K
  class space    used 27166K, committed 28864K, reserved 425984K
}
Event: 388.872 GC heap before
{Heap before GC invocations=72 (full 0):
 garbage-first heap   total 808960K, used 745120K [0x00000000a0000000, 0x0000000100000000)
  region size 1024K, 285 young (291840K), 4 survivors (4096K)
 Metaspace       used 220477K, committed 224320K, reserved 622592K
  class space    used 27167K, committed 28864K, reserved 425984K
}
Event: 388.880 GC heap after
{Heap after GC invocations=73 (full 0):
 garbage-first heap   total 808960K, used 426965K [0x00000000a0000000, 0x0000000100000000)
  region size 1024K, 4 young (4096K), 4 survivors (4096K)
 Metaspace       used 220477K, committed 224320K, reserved 622592K
  class space    used 27167K, committed 28864K, reserved 425984K
}
Event: 419.572 GC heap before
{Heap before GC invocations=73 (full 0):
 garbage-first heap   total 808960K, used 724949K [0x00000000a0000000, 0x0000000100000000)
  region size 1024K, 296 young (303104K), 4 survivors (4096K)
 Metaspace       used 220571K, committed 224448K, reserved 622592K
  class space    used 27167K, committed 28864K, reserved 425984K
}
Event: 419.576 GC heap after
{Heap after GC invocations=74 (full 0):
 garbage-first heap   total 808960K, used 426770K [0x00000000a0000000, 0x0000000100000000)
  region size 1024K, 4 young (4096K), 4 survivors (4096K)
 Metaspace       used 220571K, committed 224448K, reserved 622592K
  class space    used 27167K, committed 28864K, reserved 425984K
}
Event: 459.682 GC heap before
{Heap before GC invocations=75 (full 0):
 garbage-first heap   total 808960K, used 793362K [0x00000000a0000000, 0x0000000100000000)
  region size 1024K, 330 young (337920K), 4 survivors (4096K)
 Metaspace       used 220774K, committed 224640K, reserved 622592K
  class space    used 27168K, committed 28864K, reserved 425984K
}
Event: 459.687 GC heap after
{Heap after GC invocations=76 (full 0):
 garbage-first heap   total 808960K, used 427342K [0x00000000a0000000, 0x0000000100000000)
  region size 1024K, 4 young (4096K), 4 survivors (4096K)
 Metaspace       used 220774K, committed 224640K, reserved 622592K
  class space    used 27168K, committed 28864K, reserved 425984K
}
Event: 900.887 GC heap before
{Heap before GC invocations=76 (full 0):
 garbage-first heap   total 808960K, used 795982K [0x00000000a0000000, 0x0000000100000000)
  region size 1024K, 336 young (344064K), 4 survivors (4096K)
 Metaspace       used 221123K, committed 224896K, reserved 622592K
  class space    used 27189K, committed 28864K, reserved 425984K
}
Event: 900.899 GC heap after
{Heap after GC invocations=77 (full 0):
 garbage-first heap   total 816128K, used 422753K [0x00000000a0000000, 0x0000000100000000)
  region size 1024K, 5 young (5120K), 5 survivors (5120K)
 Metaspace       used 221123K, committed 224896K, reserved 622592K
  class space    used 27189K, committed 28864K, reserved 425984K
}
Event: 903.455 GC heap before
{Heap before GC invocations=77 (full 0):
 garbage-first heap   total 816128K, used 437089K [0x00000000a0000000, 0x0000000100000000)
  region size 1024K, 20 young (20480K), 5 survivors (5120K)
 Metaspace       used 221123K, committed 224896K, reserved 622592K
  class space    used 27189K, committed 28864K, reserved 425984K
}
Event: 903.460 GC heap after
{Heap after GC invocations=78 (full 0):
 garbage-first heap   total 816128K, used 422563K [0x00000000a0000000, 0x0000000100000000)
  region size 1024K, 5 young (5120K), 5 survivors (5120K)
 Metaspace       used 221123K, committed 224896K, reserved 622592K
  class space    used 27189K, committed 28864K, reserved 425984K
}
Event: 937.650 GC heap before
{Heap before GC invocations=79 (full 0):
 garbage-first heap   total 816128K, used 813731K [0x00000000a0000000, 0x0000000100000000)
  region size 1024K, 347 young (355328K), 5 survivors (5120K)
 Metaspace       used 224784K, committed 228736K, reserved 688128K
  class space    used 27707K, committed 29376K, reserved 425984K
}
Event: 937.665 GC heap after
{Heap after GC invocations=80 (full 0):
 garbage-first heap   total 835584K, used 437341K [0x00000000a0000000, 0x0000000100000000)
  region size 1024K, 19 young (19456K), 19 survivors (19456K)
 Metaspace       used 224784K, committed 228736K, reserved 688128K
  class space    used 27707K, committed 29376K, reserved 425984K
}

Dll operation events (19 events):
Event: 0.003 Loaded shared library /usr/lib/jvm/java-21-openjdk-amd64/lib/libjava.so
Event: 0.048 Loaded shared library /usr/lib/jvm/java-21-openjdk-amd64/lib/libjsvml.so
Event: 0.124 Loaded shared library /usr/lib/jvm/java-21-openjdk-amd64/lib/libnio.so
Event: 0.126 Loaded shared library /usr/lib/jvm/java-21-openjdk-amd64/lib/libzip.so
Event: 0.243 Loaded shared library /usr/lib/jvm/java-21-openjdk-amd64/lib/libjimage.so
Event: 0.317 Loaded shared library /home/romaric/TOS_BD-20211109_1610-V8.0.1/plugins/org.eclipse.equinox.launcher.gtk.linux.x86_64_1.2.200.v20210429-1609/eclipse_11401.so
Event: 3.284 Loaded shared library /usr/lib/jvm/java-21-openjdk-amd64/lib/libnet.so
Event: 17.019 Loaded shared library /usr/lib/jvm/java-21-openjdk-amd64/lib/libverify.so
Event: 18.085 Loaded shared library /home/romaric/TOS_BD-20211109_1610-V8.0.1/configuration/org.eclipse.osgi/21/0/.cp/libswt-gtk-4944r26.so
Event: 18.087 Loaded shared library /home/romaric/TOS_BD-20211109_1610-V8.0.1/configuration/org.eclipse.osgi/21/0/.cp/libswt-pi3-gtk-4944r26.so
Event: 18.130 Loaded shared library /home/romaric/TOS_BD-20211109_1610-V8.0.1/configuration/org.eclipse.osgi/21/0/.cp/libswt-cairo-gtk-4944r26.so
Event: 18.472 Loaded shared library /home/romaric/TOS_BD-20211109_1610-V8.0.1/configuration/org.eclipse.osgi/4/0/.cp/os/linux/x86_64/libunixfile_1_0_0.so
Event: 19.394 Loaded shared library /home/romaric/TOS_BD-20211109_1610-V8.0.1/configuration/org.eclipse.osgi/21/0/.cp/libswt-webkit-gtk-4944r26.so
Event: 19.663 Loaded shared library /usr/lib/jvm/java-21-openjdk-amd64/lib/libextnet.so
Event: 19.770 Loaded shared library /home/romaric/TOS_BD-20211109_1610-V8.0.1/configuration/org.eclipse.osgi/21/0/.cp/libswt-atk-gtk-4944r26.so
Event: 28.540 Loaded shared library /usr/lib/jvm/java-21-openjdk-amd64/lib/libjaas.so
Event: 30.459 Loaded shared library /tmp/jffi10728742998027668948.so
Event: 35.912 Loaded shared library /usr/lib/jvm/java-21-openjdk-amd64/lib/libmanagement.so
Event: 35.926 Loaded shared library /usr/lib/jvm/java-21-openjdk-amd64/lib/libmanagement_ext.so

Deoptimization events (20 events):
Event: 948.381 Thread 0x000074cdc001a880 Uncommon trap: trap_request=0xffffffc6 fr.pc=0x000074cdb0ae4e7c relative=0x000000000000081c
Event: 948.381 Thread 0x000074cdc001a880 Uncommon trap: reason=bimorphic_or_optimized_type_check action=maybe_recompile pc=0x000074cdb0ae4e7c method=org.eclipse.jface.viewers.ColumnViewer.getViewerColumn(I)Lorg/eclipse/jface/viewers/ViewerColumn; @ 38 c2
Event: 948.381 Thread 0x000074cdc001a880 DEOPT PACKING pc=0x000074cdb0ae4e7c sp=0x000074cdc51fc520
Event: 948.381 Thread 0x000074cdc001a880 DEOPT UNPACKING pc=0x000074cdafd8af99 sp=0x000074cdc51fc4d8 mode 2
Event: 948.381 Thread 0x000074cdc001a880 Uncommon trap: trap_request=0xffffffc6 fr.pc=0x000074cdb0ae4e7c relative=0x000000000000081c
Event: 948.381 Thread 0x000074cdc001a880 Uncommon trap: reason=bimorphic_or_optimized_type_check action=maybe_recompile pc=0x000074cdb0ae4e7c method=org.eclipse.jface.viewers.ColumnViewer.getViewerColumn(I)Lorg/eclipse/jface/viewers/ViewerColumn; @ 38 c2
Event: 948.381 Thread 0x000074cdc001a880 DEOPT PACKING pc=0x000074cdb0ae4e7c sp=0x000074cdc51fc520
Event: 948.381 Thread 0x000074cdc001a880 DEOPT UNPACKING pc=0x000074cdafd8af99 sp=0x000074cdc51fc4d8 mode 2
Event: 948.381 Thread 0x000074cdc001a880 Uncommon trap: trap_request=0xffffffc6 fr.pc=0x000074cdb0ae4e7c relative=0x000000000000081c
Event: 948.381 Thread 0x000074cdc001a880 Uncommon trap: reason=bimorphic_or_optimized_type_check action=maybe_recompile pc=0x000074cdb0ae4e7c method=org.eclipse.jface.viewers.ColumnViewer.getViewerColumn(I)Lorg/eclipse/jface/viewers/ViewerColumn; @ 38 c2
Event: 948.381 Thread 0x000074cdc001a880 DEOPT PACKING pc=0x000074cdb0ae4e7c sp=0x000074cdc51fc520
Event: 948.381 Thread 0x000074cdc001a880 DEOPT UNPACKING pc=0x000074cdafd8af99 sp=0x000074cdc51fc4d8 mode 2
Event: 948.395 Thread 0x000074cdc001a880 Uncommon trap: trap_request=0xffffff45 fr.pc=0x000074cdb0665210 relative=0x0000000000000430
Event: 948.395 Thread 0x000074cdc001a880 Uncommon trap: reason=unstable_if action=reinterpret pc=0x000074cdb0665210 method=org.eclipse.swt.widgets.Tree.getId(JZ)I @ 26 c2
Event: 948.395 Thread 0x000074cdc001a880 DEOPT PACKING pc=0x000074cdb0665210 sp=0x000074cdc51fa600
Event: 948.395 Thread 0x000074cdc001a880 DEOPT UNPACKING pc=0x000074cdafd8af99 sp=0x000074cdc51fa430 mode 2
Event: 948.414 Thread 0x000074cdc001a880 Uncommon trap: trap_request=0xffffff45 fr.pc=0x000074cdb05391ac relative=0x000000000000016c
Event: 948.414 Thread 0x000074cdc001a880 Uncommon trap: reason=unstable_if action=reinterpret pc=0x000074cdb05391ac method=org.eclipse.swt.widgets.Tree.getId(JZ)I @ 26 c2
Event: 948.414 Thread 0x000074cdc001a880 DEOPT PACKING pc=0x000074cdb05391ac sp=0x000074cdc51fb310
Event: 948.414 Thread 0x000074cdc001a880 DEOPT UNPACKING pc=0x000074cdafd8af99 sp=0x000074cdc51fb218 mode 2

Classes loaded (20 events):
Event: 939.998 Loading class javax/crypto/SecretKeyFactory
Event: 939.999 Loading class javax/crypto/SecretKeyFactory done
Event: 939.999 Loading class com/sun/crypto/provider/PBKDF2Core$HmacSHA256
Event: 939.999 Loading class com/sun/crypto/provider/PBKDF2Core
Event: 939.999 Loading class javax/crypto/SecretKeyFactorySpi
Event: 939.999 Loading class javax/crypto/SecretKeyFactorySpi done
Event: 939.999 Loading class com/sun/crypto/provider/PBKDF2Core done
Event: 939.999 Loading class com/sun/crypto/provider/PBKDF2Core$HmacSHA256 done
Event: 939.999 Loading class com/sun/crypto/provider/PBKDF2KeyImpl
Event: 940.000 Loading class javax/crypto/interfaces/PBEKey
Event: 940.000 Loading class javax/crypto/interfaces/PBEKey done
Event: 940.000 Loading class com/sun/crypto/provider/PBKDF2KeyImpl done
Event: 940.000 Loading class com/sun/crypto/provider/PBKDF2KeyImpl$1
Event: 940.000 Loading class com/sun/crypto/provider/PBKDF2KeyImpl$1 done
Event: 940.099 Loading class java/time/LocalDateTime$1
Event: 940.099 Loading class java/time/LocalDateTime$1 done
Event: 940.099 Loading class java/time/chrono/IsoEra
Event: 940.099 Loading class java/time/chrono/Era
Event: 940.099 Loading class java/time/chrono/Era done
Event: 940.099 Loading class java/time/chrono/IsoEra done

Classes unloaded (0 events):
No events

Classes redefined (0 events):
No events

Internal exceptions (20 events):
Event: 474.183 Thread 0x000074cdc001a880 Exception <a 'java/lang/NullPointerException'{0x00000000c9482ab0}> (0x00000000c9482ab0) 
thrown [./src/hotspot/share/runtime/sharedRuntime.cpp, line 625]
Event: 474.183 Thread 0x000074cdc001a880 Implicit null exception at 0x000074cda91acee8 to 0x000074cda91ae272
Event: 474.183 Thread 0x000074cdc001a880 Exception <a 'java/lang/NullPointerException'{0x00000000c94835b0}> (0x00000000c94835b0) 
thrown [./src/hotspot/share/runtime/sharedRuntime.cpp, line 625]
Event: 474.183 Thread 0x000074cdc001a880 Implicit null exception at 0x000074cda91acee8 to 0x000074cda91ae272
Event: 474.183 Thread 0x000074cdc001a880 Exception <a 'java/lang/NullPointerException'{0x00000000c9484490}> (0x00000000c9484490) 
thrown [./src/hotspot/share/runtime/sharedRuntime.cpp, line 625]
Event: 474.183 Thread 0x000074cdc001a880 Implicit null exception at 0x000074cda91acee8 to 0x000074cda91ae272
Event: 474.183 Thread 0x000074cdc001a880 Exception <a 'java/lang/NullPointerException'{0x00000000c9484f90}> (0x00000000c9484f90) 
thrown [./src/hotspot/share/runtime/sharedRuntime.cpp, line 625]
Event: 474.183 Thread 0x000074cdc001a880 Implicit null exception at 0x000074cda91acee8 to 0x000074cda91ae272
Event: 474.183 Thread 0x000074cdc001a880 Exception <a 'java/lang/NullPointerException'{0x00000000c9485a90}> (0x00000000c9485a90) 
thrown [./src/hotspot/share/runtime/sharedRuntime.cpp, line 625]
Event: 903.599 Thread 0x000074cdc001a880 Exception <a 'sun/nio/fs/UnixException'{0x00000000ffa2e228}> (0x00000000ffa2e228) 
thrown [./src/hotspot/share/prims/jni.cpp, line 520]
Event: 903.605 Thread 0x000074cdc001a880 Exception <a 'sun/nio/fs/UnixException'{0x00000000ffa972b0}> (0x00000000ffa972b0) 
thrown [./src/hotspot/share/prims/jni.cpp, line 520]
Event: 903.609 Thread 0x000074cdc001a880 Exception <a 'sun/nio/fs/UnixException'{0x00000000ffafeac8}> (0x00000000ffafeac8) 
thrown [./src/hotspot/share/prims/jni.cpp, line 520]
Event: 921.931 Thread 0x000074cdc001a880 Implicit null exception at 0x000074cdb0685f63 to 0x000074cdb068600a
Event: 923.224 Thread 0x000074cdc001a880 Implicit null exception at 0x000074cdb07be85b to 0x000074cdb07c0670
Event: 925.356 Thread 0x000074cdc001a880 Exception <a 'sun/nio/fs/UnixException'{0x00000000be849358}> (0x00000000be849358) 
thrown [./src/hotspot/share/prims/jni.cpp, line 520]
Event: 930.611 Thread 0x000074cdc001a880 Exception <a 'sun/nio/fs/UnixException'{0x00000000bb348680}> (0x00000000bb348680) 
thrown [./src/hotspot/share/prims/jni.cpp, line 520]
Event: 936.929 Thread 0x000074cdc001a880 Implicit null exception at 0x000074cdb0a45f08 to 0x000074cdb0a46068
Event: 939.970 Thread 0x000074cc284acd40 Implicit null exception at 0x000074cdb17f64de to 0x000074cdb17f7a1c
Event: 940.186 Thread 0x000074cdc001a880 Implicit null exception at 0x000074cdb0b77d9f to 0x000074cdb0b786b4
Event: 940.223 Thread 0x000074cdc001a880 Implicit null exception at 0x000074cdb075560b to 0x000074cdb07561e0

ZGC Phase Switch (0 events):
No events

VM Operations (20 events):
Event: 936.872 Executing safepoint VM operation: Cleanup
Event: 936.872 Executing safepoint VM operation: Cleanup done
Event: 937.650 Executing safepoint VM operation: G1CollectForAllocation (G1 Evacuation Pause)
Event: 937.665 Executing safepoint VM operation: G1CollectForAllocation (G1 Evacuation Pause) done
Event: 938.665 Executing safepoint VM operation: Cleanup
Event: 938.666 Executing safepoint VM operation: Cleanup done
Event: 940.098 Executing non-safepoint VM operation: HandshakeAllThreads (Deoptimize)
Event: 940.098 Executing non-safepoint VM operation: HandshakeAllThreads (Deoptimize) done
Event: 940.098 Executing safepoint VM operation: Cleanup
Event: 940.098 Executing safepoint VM operation: Cleanup done
Event: 943.098 Executing safepoint VM operation: Cleanup
Event: 943.099 Executing safepoint VM operation: Cleanup done
Event: 945.099 Executing safepoint VM operation: Cleanup
Event: 945.099 Executing safepoint VM operation: Cleanup done
Event: 946.099 Executing safepoint VM operation: Cleanup
Event: 946.099 Executing safepoint VM operation: Cleanup done
Event: 946.503 Executing non-safepoint VM operation: HandshakeAllThreads (Deoptimize)
Event: 946.504 Executing non-safepoint VM operation: HandshakeAllThreads (Deoptimize) done
Event: 947.504 Executing safepoint VM operation: Cleanup
Event: 947.504 Executing safepoint VM operation: Cleanup done

Memory protections (20 events):
Event: 922.155 Protecting memory [0x000074ccc1500000,0x000074ccc1504000] with protection modes 0
Event: 922.269 Protecting memory [0x000074ccb4f3a000,0x000074ccb4f3e000] with protection modes 0
Event: 922.973 Protecting memory [0x000074ccb583a000,0x000074ccb583e000] with protection modes 0
Event: 922.974 Protecting memory [0x000074cd352f6000,0x000074cd352fa000] with protection modes 0
Event: 922.974 Protecting memory [0x000074cc4c24b000,0x000074cc4c24f000] with protection modes 0
Event: 930.593 Protecting memory [0x000074ccc1500000,0x000074ccc1504000] with protection modes 0
Event: 930.603 Protecting memory [0x000074ccc1500000,0x000074ccc1504000] with protection modes 0
Event: 931.039 Protecting memory [0x000074ccb5c3a000,0x000074ccb5c3e000] with protection modes 0
Event: 931.039 Protecting memory [0x000074ccb4f3a000,0x000074ccb4f3e000] with protection modes 0
Event: 931.040 Protecting memory [0x000074cc4c24b000,0x000074cc4c24f000] with protection modes 0
Event: 937.641 Protecting memory [0x000074cc4c24b000,0x000074cc4c24f000] with protection modes 0
Event: 937.671 Protecting memory [0x000074ccb5c3a000,0x000074ccb5c3e000] with protection modes 0
Event: 939.875 Protecting memory [0x000074cc4c24b000,0x000074cc4c24f000] with protection modes 0
Event: 939.876 Protecting memory [0x000074ccb5c3a000,0x000074ccb5c3e000] with protection modes 0
Event: 939.897 Protecting memory [0x000074ccc1500000,0x000074ccc1504000] with protection modes 0
Event: 939.897 Protecting memory [0x000074ccb4f3a000,0x000074ccb4f3e000] with protection modes 0
Event: 946.456 Protecting memory [0x000074ccc1500000,0x000074ccc1504000] with protection modes 0
Event: 946.456 Protecting memory [0x000074ccb4f3a000,0x000074ccb4f3e000] with protection modes 0
Event: 948.264 Protecting memory [0x000074ccb4f3a000,0x000074ccb4f3e000] with protection modes 0
Event: 948.395 Protecting memory [0x000074ccb4f3a000,0x000074ccb4f3e000] with protection modes 0

Nmethod flushes (20 events):
Event: 903.671 Thread 0x000074cdc0297430 flushing  nmethod 0x000074cdabf0d090
Event: 903.671 Thread 0x000074cdc0297430 flushing  nmethod 0x000074cdabffc790
Event: 903.671 Thread 0x000074cdc0297430 flushing  nmethod 0x000074cdabffca90
Event: 903.671 Thread 0x000074cdc0297430 flushing  nmethod 0x000074cdabfffa90
Event: 903.671 Thread 0x000074cdc0297430 flushing  nmethod 0x000074cdac072b90
Event: 903.671 Thread 0x000074cdc0297430 flushing  nmethod 0x000074cdac073110
Event: 903.671 Thread 0x000074cdc0297430 flushing  nmethod 0x000074cdac077390
Event: 903.671 Thread 0x000074cdc0297430 flushing  nmethod 0x000074cdac0ef910
Event: 903.671 Thread 0x000074cdc0297430 flushing  nmethod 0x000074cdac0f0510
Event: 903.671 Thread 0x000074cdc0297430 flushing  nmethod 0x000074cdac0f6f10
Event: 903.671 Thread 0x000074cdc0297430 flushing  nmethod 0x000074cdac0f7d90
Event: 903.671 Thread 0x000074cdc0297430 flushing  nmethod 0x000074cdac0f8110
Event: 903.671 Thread 0x000074cdc0297430 flushing  nmethod 0x000074cdac0f8e90
Event: 903.671 Thread 0x000074cdc0297430 flushing  nmethod 0x000074cdac0fa110
Event: 903.671 Thread 0x000074cdc0297430 flushing  nmethod 0x000074cdac0fa610
Event: 903.671 Thread 0x000074cdc0297430 flushing  nmethod 0x000074cdac0fb010
Event: 903.671 Thread 0x000074cdc0297430 flushing  nmethod 0x000074cdac0fb890
Event: 903.671 Thread 0x000074cdc0297430 flushing  nmethod 0x000074cdac0fcb10
Event: 903.671 Thread 0x000074cdc0297430 flushing  nmethod 0x000074cdac0fcf10
Event: 903.671 Thread 0x000074cdc0297430 flushing  nmethod 0x000074cdac105f10

Events (20 events):
Event: 931.290 Thread 0x000074ccb0030c10 Thread exited: 0x000074ccb0030c10
Event: 937.641 Thread 0x000074cdc02b0fe0 Thread added: 0x000074cd4ccee430
Event: 937.671 Thread 0x000074cdc02a7920 Thread added: 0x000074cd48bd9f40
Event: 938.224 Thread 0x000074cd48bd9f40 Thread exited: 0x000074cd48bd9f40
Event: 939.836 Thread 0x000074cd4ccee430 Thread exited: 0x000074cd4ccee430
Event: 939.875 Thread 0x000074cdc001a880 Thread added: 0x000074cbcd59d540
Event: 939.876 Thread 0x000074cbcd59d540 Thread added: 0x000074cc284acd40
Event: 939.897 Thread 0x000074cdc02b0fe0 Thread added: 0x000074cd4ccee430
Event: 939.897 Thread 0x000074cdc02b0fe0 Thread added: 0x000074cd4c64ff40
Event: 940.128 Thread 0x000074cc284acd40 Thread exited: 0x000074cc284acd40
Event: 940.142 Thread 0x000074cbcd59d540 Thread exited: 0x000074cbcd59d540
Event: 940.248 Thread 0x000074cd4c64ff40 Thread exited: 0x000074cd4c64ff40
Event: 940.248 Thread 0x000074cd4ccee430 Thread exited: 0x000074cd4ccee430
Event: 946.455 Thread 0x000074cdc02b0fe0 Thread added: 0x000074cd4ccee430
Event: 946.456 Thread 0x000074cdc02b0fe0 Thread added: 0x000074cd4c64ff40
Event: 948.253 Thread 0x000074cd4c64ff40 Thread exited: 0x000074cd4c64ff40
Event: 948.264 Thread 0x000074cdc001a880 Thread added: 0x000074cbcca10540
Event: 948.275 Thread 0x000074cd4ccee430 Thread exited: 0x000074cd4ccee430
Event: 948.313 Thread 0x000074cbcca10540 Thread exited: 0x000074cbcca10540
Event: 948.395 Thread 0x000074cdc02b0fe0 Thread added: 0x000074cd4ccee430


Dynamic libraries:
a0000000-d0800000 rw-p 00000000 00:00 0 
d0800000-fd800000 ---p 00000000 00:00 0 
fd800000-ffe00000 rw-p 00000000 00:00 0 
ffe00000-fff0d000 rw-p 00cdb000 103:02 10096592                          /usr/lib/jvm/java-21-openjdk-amd64/lib/server/classes.jsa
fff0d000-100000000 rw-p 00000000 00:00 0 
5ce91d60d000-5ce91d60e000 r--p 00000000 103:02 10096499                  /usr/lib/jvm/java-21-openjdk-amd64/bin/java
5ce91d60e000-5ce91d60f000 r-xp 00001000 103:02 10096499                  /usr/lib/jvm/java-21-openjdk-amd64/bin/java
5ce91d60f000-5ce91d610000 r--p 00002000 103:02 10096499                  /usr/lib/jvm/java-21-openjdk-amd64/bin/java
5ce91d610000-5ce91d611000 r--p 00002000 103:02 10096499                  /usr/lib/jvm/java-21-openjdk-amd64/bin/java
5ce91d611000-5ce91d612000 rw-p 00003000 103:02 10096499                  /usr/lib/jvm/java-21-openjdk-amd64/bin/java
5ce9294c4000-5ce92950c000 rw-p 00000000 00:00 0                          [heap]
74cbb1000000-74cbb11e0000 rw-p 00000000 00:00 0 
74cbb11e0000-74cbb1200000 ---p 00000000 00:00 0 
74cbb1200000-74cbb14a0000 rw-p 00000000 00:00 0 
74cbb14a0000-74cbb5000000 ---p 00000000 00:00 0 
74cbb523f000-74cbb578c000 rw-s 00000000 00:01 27514                      /memfd:gdk-wayland (deleted)
74cbb578c000-74cbb5cd9000 rw-s 00000000 00:01 28584                      /memfd:gdk-wayland (deleted)
74cbb5cd9000-74cbb6226000 rw-s 00000000 00:01 32262                      /memfd:gdk-wayland (deleted)
74cbb6226000-74cbb6773000 rw-s 00000000 00:01 32261                      /memfd:gdk-wayland (deleted)
74cbb6773000-74cbb6cc0000 rw-s 00000000 00:01 32260                      /memfd:gdk-wayland (deleted)
74cbb6cc0000-74cbb720d000 rw-s 00000000 00:01 32259                      /memfd:gdk-wayland (deleted)
74cbb720d000-74cbb775a000 rw-s 00000000 00:01 28583                      /memfd:gdk-wayland (deleted)
74cbb775a000-74cbb7ca7000 rw-s 00000000 00:01 26374                      /memfd:gdk-wayland (deleted)
74cbb7ca7000-74cbb81f4000 rw-s 00000000 00:01 27513                      /memfd:gdk-wayland (deleted)
74cbb81f4000-74cbb8741000 rw-s 00000000 00:01 28580                      /memfd:gdk-wayland (deleted)
74cbb8741000-74cbb8c8e000 rw-s 00000000 00:01 32255                      /memfd:gdk-wayland (deleted)
74cbb8c8e000-74cbb91db000 rw-s 00000000 00:01 28579                      /memfd:gdk-wayland (deleted)
74cbb91db000-74cbb9728000 rw-s 00000000 00:01 27512                      /memfd:gdk-wayland (deleted)
74cbb9728000-74cbb9c75000 rw-s 00000000 00:01 27511                      /memfd:gdk-wayland (deleted)
74cbb9c75000-74cbba1c2000 rw-s 00000000 00:01 27510                      /memfd:gdk-wayland (deleted)
74cbba1c2000-74cbba70f000 rw-s 00000000 00:01 27509                      /memfd:gdk-wayland (deleted)
74cbba70f000-74cbbac5c000 rw-s 00000000 00:01 27508                      /memfd:gdk-wayland (deleted)
74cbbac5c000-74cbbb1a9000 rw-s 00000000 00:01 27507                      /memfd:gdk-wayland (deleted)
74cbbb1a9000-74cbbb6f6000 rw-s 00000000 00:01 27506                      /memfd:gdk-wayland (deleted)
74cbbb6f6000-74cbbbc43000 rw-s 00000000 00:01 32254                      /memfd:gdk-wayland (deleted)
74cbbbc43000-74cbbc190000 rw-s 00000000 00:01 32253                      /memfd:gdk-wayland (deleted)
74cbbc190000-74cbbc6dd000 rw-s 00000000 00:01 32252                      /memfd:gdk-wayland (deleted)
74cbbc6dd000-74cbbcc2a000 rw-s 00000000 00:01 28578                      /memfd:gdk-wayland (deleted)
74cbbcc2a000-74cbbd177000 rw-s 00000000 00:01 28577                      /memfd:gdk-wayland (deleted)
74cbbd177000-74cbbd6c4000 rw-s 00000000 00:01 28576                      /memfd:gdk-wayland (deleted)
74cbbd6c4000-74cbbdc11000 rw-s 00000000 00:01 32251                      /memfd:gdk-wayland (deleted)
74cbbdc11000-74cbbe15e000 rw-s 00000000 00:01 28575                      /memfd:gdk-wayland (deleted)
74cbbe15e000-74cbbe6ab000 rw-s 00000000 00:01 29237                      /memfd:gdk-wayland (deleted)
74cbbe6ab000-74cbbebf8000 rw-s 00000000 00:01 32250                      /memfd:gdk-wayland (deleted)
74cbbebf8000-74cbbf145000 rw-s 00000000 00:01 32249                      /memfd:gdk-wayland (deleted)
74cbbf145000-74cbbf692000 rw-s 00000000 00:01 28574                      /memfd:gdk-wayland (deleted)
74cbbf692000-74cbbfbdf000 rw-s 00000000 00:01 28573                      /memfd:gdk-wayland (deleted)
74cbbfbdf000-74cbc012c000 rw-s 00000000 00:01 30089                      /memfd:gdk-wayland (deleted)
74cbc012c000-74cbc0679000 rw-s 00000000 00:01 28572                      /memfd:gdk-wayland (deleted)
74cbc0679000-74cbc0bc6000 rw-s 00000000 00:01 32248                      /memfd:gdk-wayland (deleted)
74cbc0bc6000-74cbc1113000 rw-s 00000000 00:01 28571                      /memfd:gdk-wayland (deleted)
74cbc1113000-74cbc1660000 rw-s 00000000 00:01 28570                      /memfd:gdk-wayland (deleted)
74cbc1660000-74cbc1bad000 rw-s 00000000 00:01 28569                      /memfd:gdk-wayland (deleted)
74cbc1bad000-74cbc20fa000 rw-s 00000000 00:01 24560                      /memfd:gdk-wayland (deleted)
74cbc20fa000-74cbc2647000 rw-s 00000000 00:01 28568                      /memfd:gdk-wayland (deleted)
74cbc2647000-74cbc2b94000 rw-s 00000000 00:01 28565                      /memfd:gdk-wayland (deleted)
74cbc2b94000-74cbc30e1000 rw-s 00000000 00:01 28564                      /memfd:gdk-wayland (deleted)
74cbc30e1000-74cbc362e000 rw-s 00000000 00:01 32247                      /memfd:gdk-wayland (deleted)
74cbc362e000-74cbc3b7b000 rw-s 00000000 00:01 29236                      /memfd:gdk-wayland (deleted)
74cbc3b7b000-74cbc40c8000 rw-s 00000000 00:01 32246                      /memfd:gdk-wayland (deleted)
74cbc40c8000-74cbc4615000 rw-s 00000000 00:01 32245                      /memfd:gdk-wayland (deleted)
74cbc4615000-74cbc4b62000 rw-s 00000000 00:01 28563                      /memfd:gdk-wayland (deleted)
74cbc4b62000-74cbc50af000 rw-s 00000000 00:01 28562                      /memfd:gdk-wayland (deleted)
74cbc50af000-74cbc55fc000 rw-s 00000000 00:01 27504                      /memfd:gdk-wayland (deleted)
74cbc55fc000-74cbc5b49000 rw-s 00000000 00:01 27503                      /memfd:gdk-wayland (deleted)
74cbc5b49000-74cbc6096000 rw-s 00000000 00:01 27502                      /memfd:gdk-wayland (deleted)
74cbc6096000-74cbc65e3000 rw-s 00000000 00:01 27501                      /memfd:gdk-wayland (deleted)
74cbc65e3000-74cbc6b30000 rw-s 00000000 00:01 32244                      /memfd:gdk-wayland (deleted)
74cbc6b30000-74cbc707d000 rw-s 00000000 00:01 32243                      /memfd:gdk-wayland (deleted)
74cbc707d000-74cbc75ca000 rw-s 00000000 00:01 28561                      /memfd:gdk-wayland (deleted)
74cbc75ca000-74cbc7b17000 rw-s 00000000 00:01 28558                      /memfd:gdk-wayland (deleted)
74cbc7b17000-74cbc8064000 rw-s 00000000 00:01 28557                      /memfd:gdk-wayland (deleted)
74cbc8064000-74cbc85b1000 rw-s 00000000 00:01 32242                      /memfd:gdk-wayland (deleted)
74cbc85b1000-74cbc8afe000 rw-s 00000000 00:01 25289                      /memfd:gdk-wayland (deleted)
74cbc8afe000-74cbc904b000 rw-s 00000000 00:01 28556                      /memfd:gdk-wayland (deleted)
74cbc904b000-74cbc9598000 rw-s 00000000 00:01 28555                      /memfd:gdk-wayland (deleted)
74cbc9598000-74cbc9ae5000 rw-s 00000000 00:01 26369                      /memfd:gdk-wayland (deleted)
74cbc9ae5000-74cbca032000 rw-s 00000000 00:01 28554                      /memfd:gdk-wayland (deleted)
74cbca032000-74cbca57f000 rw-s 00000000 00:01 28553                      /memfd:gdk-wayland (deleted)
74cbca57f000-74cbcaacc000 rw-s 00000000 00:01 34014                      /memfd:gdk-wayland (deleted)
74cbcaacc000-74cbcb019000 rw-s 00000000 00:01 26368                      /memfd:gdk-wayland (deleted)
74cbcb019000-74cbcb566000 rw-s 00000000 00:01 26367                      /memfd:gdk-wayland (deleted)
74cbcb566000-74cbcbab3000 rw-s 00000000 00:01 25288                      /memfd:gdk-wayland (deleted)
74cbcbab3000-74cbcc000000 rw-s 00000000 00:01 34013                      /memfd:gdk-wayland (deleted)
74cbcc000000-74cbce548000 rw-p 00000000 00:00 0 
74cbce548000-74cbd0000000 ---p 00000000 00:00 0 
74cbd01ae000-74cbd0447000 rw-s 00000000 00:01 32263                      /memfd:gdk-wayland (deleted)
74cbd0447000-74cbd0994000 rw-s 00000000 00:01 32241                      /memfd:gdk-wayland (deleted)
74cbd0994000-74cbd0ee1000 rw-s 00000000 00:01 23514                      /memfd:gdk-wayland (deleted)
74cbd0ee1000-74cbd142e000 rw-s 00000000 00:01 26366                      /memfd:gdk-wayland (deleted)
74cbd142e000-74cbd197b000 rw-s 00000000 00:01 26365                      /memfd:gdk-wayland (deleted)
74cbd197b000-74cbd1ec8000 rw-s 00000000 00:01 27500                      /memfd:gdk-wayland (deleted)
74cbd1ec8000-74cbd2415000 rw-s 00000000 00:01 28552                      /memfd:gdk-wayland (deleted)
74cbd2415000-74cbd2962000 rw-s 00000000 00:01 26364                      /memfd:gdk-wayland (deleted)
74cbd2962000-74cbd2eaf000 rw-s 00000000 00:01 32240                      /memfd:gdk-wayland (deleted)
74cbd2eaf000-74cbd33fc000 rw-s 00000000 00:01 32239                      /memfd:gdk-wayland (deleted)
74cbd33fc000-74cbd3949000 rw-s 00000000 00:01 23513                      /memfd:gdk-wayland (deleted)
74cbd3949000-74cbd3e96000 rw-s 00000000 00:01 23512                      /memfd:gdk-wayland (deleted)
74cbd3e96000-74cbd43e3000 rw-s 00000000 00:01 28551                      /memfd:gdk-wayland (deleted)
74cbd43e3000-74cbd4930000 rw-s 00000000 00:01 28550                      /memfd:gdk-wayland (deleted)
74cbd4930000-74cbd4e7d000 rw-s 00000000 00:01 27499                      /memfd:gdk-wayland (deleted)
74cbd4e7d000-74cbd53ca000 rw-s 00000000 00:01 26363                      /memfd:gdk-wayland (deleted)
74cbd53ca000-74cbd5917000 rw-s 00000000 00:01 26362                      /memfd:gdk-wayland (deleted)
74cbd5917000-74cbd5e64000 rw-s 00000000 00:01 32238                      /memfd:gdk-wayland (deleted)
74cbd5e64000-74cbd63b1000 rw-s 00000000 00:01 32237                      /memfd:gdk-wayland (deleted)
74cbd63b1000-74cbd68fe000 rw-s 00000000 00:01 25287                      /memfd:gdk-wayland (deleted)
74cbd68fe000-74cbd6e4b000 rw-s 00000000 00:01 28549                      /memfd:gdk-wayland (deleted)
74cbd6e4b000-74cbd7398000 rw-s 00000000 00:01 26361                      /memfd:gdk-wayland (deleted)
74cbd7398000-74cbd78e5000 rw-s 00000000 00:01 32236                      /memfd:gdk-wayland (deleted)
74cbd78e5000-74cbd7e32000 rw-s 00000000 00:01 32235                      /memfd:gdk-wayland (deleted)
74cbd7e32000-74cbd837f000 rw-s 00000000 00:01 32234                      /memfd:gdk-wayland (deleted)
74cbd837f000-74cbd88cc000 rw-s 00000000 00:01 28548                      /memfd:gdk-wayland (deleted)
74cbd88cc000-74cbd8e19000 rw-s 00000000 00:01 28547                      /memfd:gdk-wayland (deleted)
74cbd8e19000-74cbd9366000 rw-s 00000000 00:01 32233                      /memfd:gdk-wayland (deleted)
74cbd9366000-74cbd98b3000 rw-s 00000000 00:01 32998                      /memfd:gdk-wayland (deleted)
74cbd98b3000-74cbd9e00000 rw-s 00000000 00:01 32232                      /memfd:gdk-wayland (deleted)
74cbd9e00000-74cbe243e000 r--s 00000000 103:02 10096590                  /usr/lib/jvm/java-21-openjdk-amd64/lib/modules
74cbe24c4000-74cbe257f000 rw-s 00000000 00:01 32269                      /memfd:gdk-wayland (deleted)
74cbe257f000-74cbe2acc000 rw-s 00000000 00:01 27498                      /memfd:gdk-wayland (deleted)
74cbe2acc000-74cbe3019000 rw-s 00000000 00:01 27497                      /memfd:gdk-wayland (deleted)
74cbe3019000-74cbe3566000 rw-s 00000000 00:01 28546                      /memfd:gdk-wayland (deleted)
74cbe3566000-74cbe3ab3000 rw-s 00000000 00:01 26359                      /memfd:gdk-wayland (deleted)
74cbe3ab3000-74cbe4000000 rw-s 00000000 00:01 26358                      /memfd:gdk-wayland (deleted)
74cbe4000000-74cbe4053000 rw-p 00000000 00:00 0 
74cbe4053000-74cbe8000000 ---p 00000000 00:00 0 
74cbe8000000-74cbe8021000 rw-p 00000000 00:00 0 
74cbe8021000-74cbec000000 ---p 00000000 00:00 0 
74cbec000000-74cbec021000 rw-p 00000000 00:00 0 
74cbec021000-74cbf0000000 ---p 00000000 00:00 0 
74cbf0000000-74cbf0b45000 rw-p 00000000 00:00 0 
74cbf0b45000-74cbf4000000 ---p 00000000 00:00 0 
74cbf4000000-74cbf509e000 rw-p 00000000 00:00 0 
74cbf509e000-74cbf8000000 ---p 00000000 00:00 0 
74cbf8000000-74cbf8021000 rw-p 00000000 00:00 0 
74cbf8021000-74cbfc000000 ---p 00000000 00:00 0 
74cbfc000000-74cbfc7fa000 rw-p 00000000 00:00 0 
74cbfc7fa000-74cc00000000 ---p 00000000 00:00 0 
74cc00000000-74cc00021000 rw-p 00000000 00:00 0 
74cc00021000-74cc04000000 ---p 00000000 00:00 0 
74cc04000000-74cc04f87000 rw-p 00000000 00:00 0 
74cc04f87000-74cc08000000 ---p 00000000 00:00 0 
74cc08000000-74cc08021000 rw-p 00000000 00:00 0 
74cc08021000-74cc0c000000 ---p 00000000 00:00 0 
74cc0c000000-74cc0c0d7000 rw-p 00000000 00:00 0 
74cc0c0d7000-74cc10000000 ---p 00000000 00:00 0 
74cc10000000-74cc11785000 rw-p 00000000 00:00 0 
74cc11785000-74cc14000000 ---p 00000000 00:00 0 
74cc14000000-74cc1402c000 rw-p 00000000 00:00 0 
74cc1402c000-74cc18000000 ---p 00000000 00:00 0 
74cc18000000-74cc18021000 rw-p 00000000 00:00 0 
74cc18021000-74cc1c000000 ---p 00000000 00:00 0 
74cc1c000000-74cc1d500000 rw-p 00000000 00:00 0 
74cc1d500000-74cc1d600000 rw-p 00000000 00:00 0 
74cc1d600000-74cc1fc00000 rw-p 00000000 00:00 0 
74cc1fc00000-74cc20000000 rw-p 00000000 00:00 0 
74cc20000000-74cc218b6000 rw-p 00000000 00:00 0 
74cc218b6000-74cc24000000 ---p 00000000 00:00 0 
74cc24000000-74cc2402b000 rw-p 00000000 00:00 0 
74cc2402b000-74cc28000000 ---p 00000000 00:00 0 
74cc28000000-74cc286ba000 rw-p 00000000 00:00 0 
74cc286ba000-74cc2c000000 ---p 00000000 00:00 0 
74cc2c000000-74cc2d285000 rw-p 00000000 00:00 0 
74cc2d285000-74cc30000000 ---p 00000000 00:00 0 
74cc30000000-74cc30021000 rw-p 00000000 00:00 0 
74cc30021000-74cc34000000 ---p 00000000 00:00 0 
74cc34000000-74cc34579000 rw-p 00000000 00:00 0 
74cc34579000-74cc38000000 ---p 00000000 00:00 0 
74cc38000000-74cc38f3e000 rw-p 00000000 00:00 0 
74cc38f3e000-74cc3c000000 ---p 00000000 00:00 0 
74cc3c000000-74cc3c021000 rw-p 00000000 00:00 0 
74cc3c021000-74cc40000000 ---p 00000000 00:00 0 
74cc40000000-74cc40021000 rw-p 00000000 00:00 0 
74cc40021000-74cc44000000 ---p 00000000 00:00 0 
74cc44000000-74cc44021000 rw-p 00000000 00:00 0 
74cc44021000-74cc48000000 ---p 00000000 00:00 0 
74cc48000000-74cc48021000 rw-p 00000000 00:00 0 
74cc48021000-74cc4c000000 ---p 00000000 00:00 0 
74cc4c057000-74cc4c112000 rw-s 00000000 00:01 26377                      /memfd:gdk-wayland (deleted)
74cc4c1cd000-74cc4c24b000 r--p 00000000 103:02 9728947                   /usr/share/fonts/truetype/noto/NotoSans-Bold.ttf
74cc4c24b000-74cc4c24f000 ---p 00000000 00:00 0 
74cc4c24f000-74cc4c34b000 rw-p 00000000 00:00 0 
74cc4c34b000-74cc4c34f000 ---p 00000000 00:00 0 
74cc4c34f000-74cc4c44b000 rw-p 00000000 00:00 0 
74cc4c44b000-74cc4c44f000 ---p 00000000 00:00 0 
74cc4c44f000-74cc4c54b000 rw-p 00000000 00:00 0 
74cc4c54b000-74cc4c54f000 ---p 00000000 00:00 0 
74cc4c54f000-74cc4c64b000 rw-p 00000000 00:00 0 
74cc4c64b000-74cc4c64f000 ---p 00000000 00:00 0 
74cc4c64f000-74cc4c74b000 rw-p 00000000 00:00 0 
74cc4c74b000-74cc4c74f000 ---p 00000000 00:00 0 
74cc4c74f000-74cc4c84b000 rw-p 00000000 00:00 0 
74cc4c84b000-74cc4cd98000 rw-s 00000000 00:01 27495                      /memfd:gdk-wayland (deleted)
74cc4cd98000-74cc4d2e5000 rw-s 00000000 00:01 30088                      /memfd:gdk-wayland (deleted)
74cc4d2e5000-74cc4d832000 rw-s 00000000 00:01 32996                      /memfd:gdk-wayland (deleted)
74cc4d832000-74cc4dd7f000 rw-s 00000000 00:01 32222                      /memfd:gdk-wayland (deleted)
74cc4dd7f000-74cc4e2cc000 rw-s 00000000 00:01 24558                      /memfd:gdk-wayland (deleted)
74cc4e2cc000-74cc4e819000 rw-s 00000000 00:01 24557                      /memfd:gdk-wayland (deleted)
74cc4e819000-74cc4ed66000 rw-s 00000000 00:01 24556                      /memfd:gdk-wayland (deleted)
74cc4ed66000-74cc4f2b3000 rw-s 00000000 00:01 34009                      /memfd:gdk-wayland (deleted)
74cc4f2b3000-74cc4f800000 rw-s 00000000 00:01 34008                      /memfd:gdk-wayland (deleted)
74cc4f800000-74cc57e3e000 r--s 00000000 103:02 10096590                  /usr/lib/jvm/java-21-openjdk-amd64/lib/modules
74cc57e82000-74cc57f00000 r--p 00000000 103:02 9728947                   /usr/share/fonts/truetype/noto/NotoSans-Bold.ttf
74cc57f00000-74cc57f04000 ---p 00000000 00:00 0 
74cc57f04000-74cc58000000 rw-p 00000000 00:00 0 
74cc58000000-74cc58021000 rw-p 00000000 00:00 0 
74cc58021000-74cc5c000000 ---p 00000000 00:00 0 
74cc5c000000-74cc5c3b4000 rw-p 00000000 00:00 0 
74cc5c3b4000-74cc60000000 ---p 00000000 00:00 0 
74cc60000000-74cc60073000 rw-p 00000000 00:00 0 
74cc60073000-74cc64000000 ---p 00000000 00:00 0 
74cc64000000-74cc64140000 rw-p 00000000 00:00 0 
74cc64140000-74cc68000000 ---p 00000000 00:00 0 
74cc68000000-74cc68021000 rw-p 00000000 00:00 0 
74cc68021000-74cc6c000000 ---p 00000000 00:00 0 
74cc6c000000-74cc6c023000 rw-p 00000000 00:00 0 
74cc6c023000-74cc70000000 ---p 00000000 00:00 0 
74cc70000000-74cc70021000 rw-p 00000000 00:00 0 
74cc70021000-74cc74000000 ---p 00000000 00:00 0 
74cc74000000-74cc74026000 rw-p 00000000 00:00 0 
74cc74026000-74cc78000000 ---p 00000000 00:00 0 
74cc78000000-74cc7806e000 rw-p 00000000 00:00 0 
74cc7806e000-74cc7c000000 ---p 00000000 00:00 0 
74cc7c000000-74cc7c086000 rw-p 00000000 00:00 0 
74cc7c086000-74cc80000000 ---p 00000000 00:00 0 
74cc80000000-74cc80021000 rw-p 00000000 00:00 0 
74cc80021000-74cc84000000 ---p 00000000 00:00 0 
74cc84000000-74cc84024000 rw-p 00000000 00:00 0 
74cc84024000-74cc88000000 ---p 00000000 00:00 0 
74cc88000000-74cc88100000 rw-p 00000000 00:00 0 
74cc88100000-74cc88200000 rw-p 00000000 00:00 0 
74cc88200000-74cc89700000 rw-p 00000000 00:00 0 
74cc89700000-74cc89800000 rw-p 00000000 00:00 0 
74cc89800000-74cc8a100000 rw-p 00000000 00:00 0 
74cc8a100000-74cc8a200000 rw-p 00000000 00:00 0 
74cc8a200000-74cc8a500000 rw-p 00000000 00:00 0 
74cc8a500000-74cc8a600000 rw-p 00000000 00:00 0 
74cc8a600000-74cc8afe0000 rw-p 00000000 00:00 0 
74cc8afe0000-74cc8b000000 rw-p 00000000 00:00 0 
74cc8b000000-74cc8b100000 rw-p 00000000 00:00 0 
74cc8b100000-74cc8b200000 rw-p 00000000 00:00 0 
74cc8b200000-74cc8c000000 rw-p 00000000 00:00 0 
74cc8c000000-74cc8c489000 rw-p 00000000 00:00 0 
74cc8c489000-74cc90000000 ---p 00000000 00:00 0 
74cc90000000-74cc90053000 rw-p 00000000 00:00 0 
74cc90053000-74cc94000000 ---p 00000000 00:00 0 
74cc94000000-74cc942c6000 rw-p 00000000 00:00 0 
74cc942c6000-74cc98000000 ---p 00000000 00:00 0 
74cc98000000-74cc98d44000 rw-p 00000000 00:00 0 
74cc98d44000-74cc9c000000 ---p 00000000 00:00 0 
74cc9c000000-74cc9c02b000 rw-p 00000000 00:00 0 
74cc9c02b000-74cca0000000 ---p 00000000 00:00 0 
74cca0000000-74cca0b8a000 rw-p 00000000 00:00 0 
74cca0b8a000-74cca4000000 ---p 00000000 00:00 0 
74cca4000000-74cca4021000 rw-p 00000000 00:00 0 
74cca4021000-74cca8000000 ---p 00000000 00:00 0 
74cca8000000-74cca88ec000 rw-p 00000000 00:00 0 
74cca88ec000-74ccac000000 ---p 00000000 00:00 0 
74ccac000000-74ccb0000000 rw-s 00000000 00:01 27489                      /memfd:pulseaudio (deleted)
74ccb0000000-74ccb101b000 rw-p 00000000 00:00 0 
74ccb101b000-74ccb4000000 ---p 00000000 00:00 0 
74ccb4070000-74ccb40af000 r--p 00000000 103:02 9728865                   /usr/share/fonts/truetype/dejavu/DejaVuSansMono-BoldOblique.ttf
74ccb40af000-74ccb40ed000 r--p 00000000 103:02 9728866                   /usr/share/fonts/truetype/dejavu/DejaVuSansMono-Oblique.ttf
74ccb40ed000-74ccb40f1000 ---p 00000000 00:00 0 
74ccb40f1000-74ccb41ed000 rw-p 00000000 00:00 0 
74ccb41ed000-74ccb473a000 rw-s 00000000 00:01 34007                      /memfd:gdk-wayland (deleted)
74ccb473a000-74ccb473e000 ---p 00000000 00:00 0 
74ccb473e000-74ccb483a000 rw-p 00000000 00:00 0 
74ccb483a000-74ccb483e000 ---p 00000000 00:00 0 
74ccb483e000-74ccb493a000 rw-p 00000000 00:00 0 
74ccb493a000-74ccb493e000 ---p 00000000 00:00 0 
74ccb493e000-74ccb4a3a000 rw-p 00000000 00:00 0 
74ccb4a3a000-74ccb4a3e000 ---p 00000000 00:00 0 
74ccb4a3e000-74ccb4b3a000 rw-p 00000000 00:00 0 
74ccb4b3a000-74ccb4b3e000 ---p 00000000 00:00 0 
74ccb4b3e000-74ccb4c3a000 rw-p 00000000 00:00 0 
74ccb4c3a000-74ccb4c3e000 ---p 00000000 00:00 0 
74ccb4c3e000-74ccb4d3a000 rw-p 00000000 00:00 0 
74ccb4d3a000-74ccb4d3e000 ---p 00000000 00:00 0 
74ccb4d3e000-74ccb4e3a000 rw-p 00000000 00:00 0 
74ccb4e3a000-74ccb4e3e000 ---p 00000000 00:00 0 
74ccb4e3e000-74ccb4f3a000 rw-p 00000000 00:00 0 
74ccb4f3a000-74ccb4f3e000 ---p 00000000 00:00 0 
74ccb4f3e000-74ccb503a000 rw-p 00000000 00:00 0 
74ccb503a000-74ccb503e000 ---p 00000000 00:00 0 
74ccb503e000-74ccb513a000 rw-p 00000000 00:00 0 
74ccb513a000-74ccb513e000 ---p 00000000 00:00 0 
74ccb513e000-74ccb523a000 rw-p 00000000 00:00 0 
74ccb523a000-74ccb523e000 ---p 00000000 00:00 0 
74ccb523e000-74ccb533a000 rw-p 00000000 00:00 0 
74ccb533a000-74ccb533e000 ---p 00000000 00:00 0 
74ccb533e000-74ccb543a000 rw-p 00000000 00:00 0 
74ccb543a000-74ccb543e000 ---p 00000000 00:00 0 
74ccb543e000-74ccb553a000 rw-p 00000000 00:00 0 
74ccb553a000-74ccb553e000 ---p 00000000 00:00 0 
74ccb553e000-74ccb563a000 rw-p 00000000 00:00 0 
74ccb563a000-74ccb563e000 ---p 00000000 00:00 0 
74ccb563e000-74ccb573a000 rw-p 00000000 00:00 0 
74ccb573a000-74ccb573e000 ---p 00000000 00:00 0 
74ccb573e000-74ccb583a000 rw-p 00000000 00:00 0 
74ccb583a000-74ccb583e000 ---p 00000000 00:00 0 
74ccb583e000-74ccb593a000 rw-p 00000000 00:00 0 
74ccb593a000-74ccb593e000 ---p 00000000 00:00 0 
74ccb593e000-74ccb5a3a000 rw-p 00000000 00:00 0 
74ccb5a3a000-74ccb5a3e000 ---p 00000000 00:00 0 
74ccb5a3e000-74ccb5b3a000 rw-p 00000000 00:00 0 
74ccb5b3a000-74ccb5b3e000 ---p 00000000 00:00 0 
74ccb5b3e000-74ccb5c3a000 rw-p 00000000 00:00 0 
74ccb5c3a000-74ccb5c3e000 ---p 00000000 00:00 0 
74ccb5c3e000-74ccb5d3a000 rw-p 00000000 00:00 0 
74ccb5d3a000-74ccb5d3e000 ---p 00000000 00:00 0 
74ccb5d3e000-74ccb5e3a000 rw-p 00000000 00:00 0 
74ccb5e3a000-74ccb5e3e000 ---p 00000000 00:00 0 
74ccb5e3e000-74ccb5f3a000 rw-p 00000000 00:00 0 
74ccb5f3a000-74ccb6000000 rw-s 00000000 00:01 32994                      /memfd:gdk-wayland (deleted)
74ccb6000000-74ccb6004000 ---p 00000000 00:00 0 
74ccb6004000-74ccb6100000 rw-p 00000000 00:00 0 
74ccb6100000-74ccb6104000 ---p 00000000 00:00 0 
74ccb6104000-74ccb6200000 rw-p 00000000 00:00 0 
74ccb6200000-74ccb6204000 ---p 00000000 00:00 0 
74ccb6204000-74ccb6300000 rw-p 00000000 00:00 0 
74ccb6300000-74ccb6304000 ---p 00000000 00:00 0 
74ccb6304000-74ccb6400000 rw-p 00000000 00:00 0 
74ccb6400000-74ccb6404000 ---p 00000000 00:00 0 
74ccb6404000-74ccb6500000 rw-p 00000000 00:00 0 
74ccb6500000-74ccb6504000 ---p 00000000 00:00 0 
74ccb6504000-74ccb6600000 rw-p 00000000 00:00 0 
74ccb6600000-74ccb6604000 ---p 00000000 00:00 0 
74ccb6604000-74ccb6700000 rw-p 00000000 00:00 0 
74ccb6700000-74ccb6704000 ---p 00000000 00:00 0 
74ccb6704000-74ccb6800000 rw-p 00000000 00:00 0 
74ccb6800000-74ccb6804000 ---p 00000000 00:00 0 
74ccb6804000-74ccb6900000 rw-p 00000000 00:00 0 
74ccb6900000-74ccb6904000 ---p 00000000 00:00 0 
74ccb6904000-74ccb6a00000 rw-p 00000000 00:00 0 
74ccb6a00000-74ccb6a04000 ---p 00000000 00:00 0 
74ccb6a04000-74ccb6b00000 rw-p 00000000 00:00 0 
74ccb6b00000-74ccb6b04000 ---p 00000000 00:00 0 
74ccb6b04000-74ccb6c00000 rw-p 00000000 00:00 0 
74ccb6c00000-74ccb6c04000 ---p 00000000 00:00 0 
74ccb6c04000-74ccb6d00000 rw-p 00000000 00:00 0 
74ccb6d00000-74ccb6d04000 ---p 00000000 00:00 0 
74ccb6d04000-74ccb6e00000 rw-p 00000000 00:00 0 
74ccb6e00000-74ccb6e12000 r-xp 00000000 103:02 262172                    /tmp/jffi10728742998027668948.so (deleted)
74ccb6e12000-74ccb7011000 ---p 00012000 103:02 262172                    /tmp/jffi10728742998027668948.so (deleted)
74ccb7011000-74ccb7012000 rw-p 00011000 103:02 262172                    /tmp/jffi10728742998027668948.so (deleted)
74ccb703a000-74ccb7100000 rw-s 00000000 00:01 23508                      /memfd:gdk-wayland (deleted)
74ccb7100000-74ccb7104000 ---p 00000000 00:00 0 
74ccb7104000-74ccb7200000 rw-p 00000000 00:00 0 
74ccb7200000-74ccb7204000 ---p 00000000 00:00 0 
74ccb7204000-74ccb7300000 rw-p 00000000 00:00 0 
74ccb7300000-74ccb7304000 ---p 00000000 00:00 0 
74ccb7304000-74ccb7400000 rw-p 00000000 00:00 0 
74ccb7400000-74ccb7409000 r-xp 00000000 103:02 27794920                  /home/romaric/TOS_BD-20211109_1610-V8.0.1/configuration/org.eclipse.osgi/21/0/.cp/libswt-atk-gtk-4944r26.so
74ccb7409000-74ccb7608000 ---p 00009000 103:02 27794920                  /home/romaric/TOS_BD-20211109_1610-V8.0.1/configuration/org.eclipse.osgi/21/0/.cp/libswt-atk-gtk-4944r26.so
74ccb7608000-74ccb7609000 r--p 00008000 103:02 27794920                  /home/romaric/TOS_BD-20211109_1610-V8.0.1/configuration/org.eclipse.osgi/21/0/.cp/libswt-atk-gtk-4944r26.so
74ccb7609000-74ccb760a000 rw-p 00009000 103:02 27794920                  /home/romaric/TOS_BD-20211109_1610-V8.0.1/configuration/org.eclipse.osgi/21/0/.cp/libswt-atk-gtk-4944r26.so
74ccb763a000-74ccb763e000 ---p 00000000 00:00 0 
74ccb763e000-74ccb773a000 rw-p 00000000 00:00 0 
74ccb773a000-74ccb7800000 rw-s 00000000 00:01 28541                      /memfd:gdk-wayland (deleted)
74ccb7800000-74ccb780a000 r-xp 00000000 103:02 27794918                  /home/romaric/TOS_BD-20211109_1610-V8.0.1/configuration/org.eclipse.osgi/21/0/.cp/libswt-webkit-gtk-4944r26.so
74ccb780a000-74ccb7a09000 ---p 0000a000 103:02 27794918                  /home/romaric/TOS_BD-20211109_1610-V8.0.1/configuration/org.eclipse.osgi/21/0/.cp/libswt-webkit-gtk-4944r26.so
74ccb7a09000-74ccb7a0a000 r--p 00009000 103:02 27794918                  /home/romaric/TOS_BD-20211109_1610-V8.0.1/configuration/org.eclipse.osgi/21/0/.cp/libswt-webkit-gtk-4944r26.so
74ccb7a0a000-74ccb7a0b000 rw-p 0000a000 103:02 27794918                  /home/romaric/TOS_BD-20211109_1610-V8.0.1/configuration/org.eclipse.osgi/21/0/.cp/libswt-webkit-gtk-4944r26.so
74ccb7a1d000-74ccb7a6f000 r--p 00000000 103:02 9728864                   /usr/share/fonts/truetype/dejavu/DejaVuSansMono-Bold.ttf
74ccb7a6f000-74ccb7aae000 r--p 00000000 103:02 9728865                   /usr/share/fonts/truetype/dejavu/DejaVuSansMono-BoldOblique.ttf
74ccb7aae000-74ccb7b00000 r--p 00000000 103:02 9728864                   /usr/share/fonts/truetype/dejavu/DejaVuSansMono-Bold.ttf
74ccb7b00000-74ccb7b04000 ---p 00000000 00:00 0 
74ccb7b04000-74ccb7c00000 rw-p 00000000 00:00 0 
74ccb7c00000-74ccb7c02000 r-xp 00000000 103:02 27794932                  /home/romaric/TOS_BD-20211109_1610-V8.0.1/configuration/org.eclipse.osgi/4/0/.cp/os/linux/x86_64/libunixfile_1_0_0.so
74ccb7c02000-74ccb7e01000 ---p 00002000 103:02 27794932                  /home/romaric/TOS_BD-20211109_1610-V8.0.1/configuration/org.eclipse.osgi/4/0/.cp/os/linux/x86_64/libunixfile_1_0_0.so
74ccb7e01000-74ccb7e02000 r--p 00001000 103:02 27794932                  /home/romaric/TOS_BD-20211109_1610-V8.0.1/configuration/org.eclipse.osgi/4/0/.cp/os/linux/x86_64/libunixfile_1_0_0.so
74ccb7e02000-74ccb7e03000 rw-p 00002000 103:02 27794932                  /home/romaric/TOS_BD-20211109_1610-V8.0.1/configuration/org.eclipse.osgi/4/0/.cp/os/linux/x86_64/libunixfile_1_0_0.so
74ccb7e07000-74ccb7e09000 r--p 00000000 103:02 9710850                   /usr/lib/x86_64-linux-gnu/libcrypt.so.1.1.0
74ccb7e09000-74ccb7e1e000 r-xp 00002000 103:02 9710850                   /usr/lib/x86_64-linux-gnu/libcrypt.so.1.1.0
74ccb7e1e000-74ccb7e37000 r--p 00017000 103:02 9710850                   /usr/lib/x86_64-linux-gnu/libcrypt.so.1.1.0
74ccb7e37000-74ccb7e38000 r--p 0002f000 103:02 9710850                   /usr/lib/x86_64-linux-gnu/libcrypt.so.1.1.0
74ccb7e38000-74ccb7e39000 rw-p 00030000 103:02 9710850                   /usr/lib/x86_64-linux-gnu/libcrypt.so.1.1.0
74ccb7e39000-74ccb7e41000 rw-p 00000000 00:00 0 
74ccb7eac000-74ccb7f00000 r--p 00000000 103:02 9728867                   /usr/share/fonts/truetype/dejavu/DejaVuSansMono.ttf
74ccb7f00000-74ccb7f04000 ---p 00000000 00:00 0 
74ccb7f04000-74ccb8000000 rw-p 00000000 00:00 0 
74ccb8000000-74ccba0fe000 rw-p 00000000 00:00 0 
74ccba0fe000-74ccbc000000 ---p 00000000 00:00 0 
74ccbc000000-74ccbc951000 rw-p 00000000 00:00 0 
74ccbc951000-74ccc0000000 ---p 00000000 00:00 0 
74ccc001b000-74ccc0081000 r--p 00000000 103:02 9728883                   /usr/share/fonts/truetype/liberation/LiberationSans-Bold.ttf
74ccc0081000-74ccc0087000 r--p 00000000 103:02 9711150                   /usr/lib/x86_64-linux-gnu/libmp3lame.so.0.0.0
74ccc0087000-74ccc00b8000 r-xp 00006000 103:02 9711150                   /usr/lib/x86_64-linux-gnu/libmp3lame.so.0.0.0
74ccc00b8000-74ccc00c8000 r--p 00037000 103:02 9711150                   /usr/lib/x86_64-linux-gnu/libmp3lame.so.0.0.0
74ccc00c8000-74ccc00c9000 r--p 00047000 103:02 9711150                   /usr/lib/x86_64-linux-gnu/libmp3lame.so.0.0.0
74ccc00c9000-74ccc00ca000 rw-p 00048000 103:02 9711150                   /usr/lib/x86_64-linux-gnu/libmp3lame.so.0.0.0
74ccc00ca000-74ccc00f7000 rw-p 00000000 00:00 0 
74ccc00f7000-74ccc00fc000 r--p 00000000 103:02 9711153                   /usr/lib/x86_64-linux-gnu/libmpg123.so.0.48.2
74ccc00fc000-74ccc0137000 r-xp 00005000 103:02 9711153                   /usr/lib/x86_64-linux-gnu/libmpg123.so.0.48.2
74ccc0137000-74ccc0151000 r--p 00040000 103:02 9711153                   /usr/lib/x86_64-linux-gnu/libmpg123.so.0.48.2
74ccc0151000-74ccc0152000 r--p 0005a000 103:02 9711153                   /usr/lib/x86_64-linux-gnu/libmpg123.so.0.48.2
74ccc0152000-74ccc0153000 rw-p 0005b000 103:02 9711153                   /usr/lib/x86_64-linux-gnu/libmpg123.so.0.48.2
74ccc0153000-74ccc0167000 r--p 00000000 103:02 9711411                   /usr/lib/x86_64-linux-gnu/libvorbisenc.so.2.0.12
74ccc0167000-74ccc016a000 r-xp 00014000 103:02 9711411                   /usr/lib/x86_64-linux-gnu/libvorbisenc.so.2.0.12
74ccc016a000-74ccc01e1000 r--p 00017000 103:02 9711411                   /usr/lib/x86_64-linux-gnu/libvorbisenc.so.2.0.12
74ccc01e1000-74ccc01fd000 r--p 0008d000 103:02 9711411                   /usr/lib/x86_64-linux-gnu/libvorbisenc.so.2.0.12
74ccc01fd000-74ccc01fe000 rw-p 000a9000 103:02 9711411                   /usr/lib/x86_64-linux-gnu/libvorbisenc.so.2.0.12
74ccc01fe000-74ccc01ff000 ---p 00000000 00:00 0 
74ccc01ff000-74ccc09ff000 rw-p 00000000 00:00 0 
74ccc09ff000-74ccc0a00000 ---p 00000000 00:00 0 
74ccc0a00000-74ccc1200000 rw-p 00000000 00:00 0 
74ccc1200000-74ccc1209000 r-xp 00000000 103:02 27788081                  /home/romaric/TOS_BD-20211109_1610-V8.0.1/configuration/org.eclipse.osgi/21/0/.cp/libswt-cairo-gtk-4944r26.so
74ccc1209000-74ccc1408000 ---p 00009000 103:02 27788081                  /home/romaric/TOS_BD-20211109_1610-V8.0.1/configuration/org.eclipse.osgi/21/0/.cp/libswt-cairo-gtk-4944r26.so
74ccc1408000-74ccc1409000 r--p 00008000 103:02 27788081                  /home/romaric/TOS_BD-20211109_1610-V8.0.1/configuration/org.eclipse.osgi/21/0/.cp/libswt-cairo-gtk-4944r26.so
74ccc1409000-74ccc140a000 rw-p 00009000 103:02 27788081                  /home/romaric/TOS_BD-20211109_1610-V8.0.1/configuration/org.eclipse.osgi/21/0/.cp/libswt-cairo-gtk-4944r26.so
74ccc1429000-74ccc143d000 r--p 00000000 103:02 9728835                   /usr/share/fonts/opentype/urw-base35/NimbusMonoPS-Regular.otf
74ccc143d000-74ccc1440000 r--p 00000000 103:02 9711218                   /usr/lib/x86_64-linux-gnu/libopus.so.0.9.0
74ccc1440000-74ccc148a000 r-xp 00003000 103:02 9711218                   /usr/lib/x86_64-linux-gnu/libopus.so.0.9.0
74ccc148a000-74ccc149a000 r--p 0004d000 103:02 9711218                   /usr/lib/x86_64-linux-gnu/libopus.so.0.9.0
74ccc149a000-74ccc149b000 r--p 0005d000 103:02 9711218                   /usr/lib/x86_64-linux-gnu/libopus.so.0.9.0
74ccc149b000-74ccc149c000 rw-p 0005e000 103:02 9711218                   /usr/lib/x86_64-linux-gnu/libopus.so.0.9.0
74ccc149c000-74ccc14a4000 r--p 00000000 103:02 9710652                   /usr/lib/x86_64-linux-gnu/libFLAC.so.12.1.0
74ccc14a4000-74ccc14f6000 r-xp 00008000 103:02 9710652                   /usr/lib/x86_64-linux-gnu/libFLAC.so.12.1.0
74ccc14f6000-74ccc14fe000 r--p 0005a000 103:02 9710652                   /usr/lib/x86_64-linux-gnu/libFLAC.so.12.1.0
74ccc14fe000-74ccc14ff000 r--p 00062000 103:02 9710652                   /usr/lib/x86_64-linux-gnu/libFLAC.so.12.1.0
74ccc14ff000-74ccc1500000 rw-p 00063000 103:02 9710652                   /usr/lib/x86_64-linux-gnu/libFLAC.so.12.1.0
74ccc1500000-74ccc1504000 ---p 00000000 00:00 0 
74ccc1504000-74ccc1600000 rw-p 00000000 00:00 0 
74ccc1600000-74ccc1601000 r--p 00000000 103:02 9711068                   /usr/lib/x86_64-linux-gnu/libicudata.so.74.2
74ccc1601000-74ccc1602000 r-xp 00001000 103:02 9711068                   /usr/lib/x86_64-linux-gnu/libicudata.so.74.2
74ccc1602000-74ccc335e000 r--p 00002000 103:02 9711068                   /usr/lib/x86_64-linux-gnu/libicudata.so.74.2
74ccc335e000-74ccc335f000 r--p 01d5d000 103:02 9711068                   /usr/lib/x86_64-linux-gnu/libicudata.so.74.2
74ccc335f000-74ccc3360000 rw-p 01d5e000 103:02 9711068                   /usr/lib/x86_64-linux-gnu/libicudata.so.74.2
74ccc3362000-74ccc3378000 r--p 00000000 103:02 9728833                   /usr/share/fonts/opentype/urw-base35/NimbusMonoPS-BoldItalic.otf
74ccc3378000-74ccc3380000 r--p 00000000 103:02 9711328                   /usr/lib/x86_64-linux-gnu/libsndfile.so.1.0.37
74ccc3380000-74ccc33e1000 r-xp 00008000 103:02 9711328                   /usr/lib/x86_64-linux-gnu/libsndfile.so.1.0.37
74ccc33e1000-74ccc33fa000 r--p 00069000 103:02 9711328                   /usr/lib/x86_64-linux-gnu/libsndfile.so.1.0.37
74ccc33fa000-74ccc33fd000 r--p 00081000 103:02 9711328                   /usr/lib/x86_64-linux-gnu/libsndfile.so.1.0.37
74ccc33fd000-74ccc33fe000 rw-p 00084000 103:02 9711328                   /usr/lib/x86_64-linux-gnu/libsndfile.so.1.0.37
74ccc33fe000-74ccc3400000 rw-p 00000000 00:00 0 
74ccc3400000-74ccc3468000 r--p 00000000 103:02 9711073                   /usr/lib/x86_64-linux-gnu/libicuuc.so.74.2
74ccc3468000-74ccc356d000 r-xp 00068000 103:02 9711073                   /usr/lib/x86_64-linux-gnu/libicuuc.so.74.2
74ccc356d000-74ccc35f7000 r--p 0016d000 103:02 9711073                   /usr/lib/x86_64-linux-gnu/libicuuc.so.74.2
74ccc35f7000-74ccc360a000 r--p 001f7000 103:02 9711073                   /usr/lib/x86_64-linux-gnu/libicuuc.so.74.2
74ccc360a000-74ccc360b000 rw-p 0020a000 103:02 9711073                   /usr/lib/x86_64-linux-gnu/libicuuc.so.74.2
74ccc360b000-74ccc360d000 rw-p 00000000 00:00 0 
74ccc3618000-74ccc362a000 r--p 00000000 103:02 9714542                   /usr/lib/x86_64-linux-gnu/pulseaudio/libpulsecommon-16.1.so
74ccc362a000-74ccc3674000 r-xp 00012000 103:02 9714542                   /usr/lib/x86_64-linux-gnu/pulseaudio/libpulsecommon-16.1.so
74ccc3674000-74ccc3693000 r--p 0005c000 103:02 9714542                   /usr/lib/x86_64-linux-gnu/pulseaudio/libpulsecommon-16.1.so
74ccc3693000-74ccc3695000 r--p 0007a000 103:02 9714542                   /usr/lib/x86_64-linux-gnu/pulseaudio/libpulsecommon-16.1.so
74ccc3695000-74ccc3696000 rw-p 0007c000 103:02 9714542                   /usr/lib/x86_64-linux-gnu/pulseaudio/libpulsecommon-16.1.so
74ccc36fd000-74ccc3735000 rw-s 00000000 00:01 32270                      /memfd:gdk-wayland (deleted)
74ccc3735000-74ccc374b000 r--p 00000000 103:02 9728833                   /usr/share/fonts/opentype/urw-base35/NimbusMonoPS-BoldItalic.otf
74ccc374b000-74ccc3800000 r--p 00000000 103:02 9729207                   /usr/share/fonts/truetype/ubuntu/UbuntuSans-Italic[wdth,wght].ttf
74ccc3800000-74ccc38b7000 r--p 00000000 103:02 9711295                   /usr/lib/x86_64-linux-gnu/librsvg-2.so.2.50.0
74ccc38b7000-74ccc3c4e000 r-xp 000b7000 103:02 9711295                   /usr/lib/x86_64-linux-gnu/librsvg-2.so.2.50.0
74ccc3c4e000-74ccc3de0000 r--p 0044e000 103:02 9711295                   /usr/lib/x86_64-linux-gnu/librsvg-2.so.2.50.0
74ccc3de0000-74ccc3e77000 r--p 005e0000 103:02 9711295                   /usr/lib/x86_64-linux-gnu/librsvg-2.so.2.50.0
74ccc3e77000-74ccc3e78000 rw-p 00677000 103:02 9711295                   /usr/lib/x86_64-linux-gnu/librsvg-2.so.2.50.0
74ccc3e79000-74ccc3e7c000 r--p 00000000 103:02 9708390                   /usr/lib/x86_64-linux-gnu/libapparmor.so.1.17.2
74ccc3e7c000-74ccc3e86000 r-xp 00003000 103:02 9708390                   /usr/lib/x86_64-linux-gnu/libapparmor.so.1.17.2
74ccc3e86000-74ccc3e8c000 r--p 0000d000 103:02 9708390                   /usr/lib/x86_64-linux-gnu/libapparmor.so.1.17.2
74ccc3e8c000-74ccc3e8d000 r--p 00013000 103:02 9708390                   /usr/lib/x86_64-linux-gnu/libapparmor.so.1.17.2
74ccc3e8d000-74ccc3e8e000 rw-p 00014000 103:02 9708390                   /usr/lib/x86_64-linux-gnu/libapparmor.so.1.17.2
74ccc3e8e000-74ccc3e90000 r--p 00000000 103:02 9710777                   /usr/lib/x86_64-linux-gnu/libasyncns.so.0.3.1
74ccc3e90000-74ccc3e93000 r-xp 00002000 103:02 9710777                   /usr/lib/x86_64-linux-gnu/libasyncns.so.0.3.1
74ccc3e93000-74ccc3e94000 r--p 00005000 103:02 9710777                   /usr/lib/x86_64-linux-gnu/libasyncns.so.0.3.1
74ccc3e94000-74ccc3e95000 r--p 00005000 103:02 9710777                   /usr/lib/x86_64-linux-gnu/libasyncns.so.0.3.1
74ccc3e95000-74ccc3e96000 rw-p 00006000 103:02 9710777                   /usr/lib/x86_64-linux-gnu/libasyncns.so.0.3.1
74ccc3e96000-74ccc3f4b000 r--p 00000000 103:02 9729207                   /usr/share/fonts/truetype/ubuntu/UbuntuSans-Italic[wdth,wght].ttf
74ccc3f4b000-74ccc4000000 r--p 00000000 103:02 9729207                   /usr/share/fonts/truetype/ubuntu/UbuntuSans-Italic[wdth,wght].ttf
74ccc4000000-74ccc4190000 rw-p 00000000 00:00 0 
74ccc4190000-74ccc8000000 ---p 00000000 00:00 0 
74ccc8000000-74ccc88c1000 rw-p 00000000 00:00 0 
74ccc88c1000-74cccc000000 ---p 00000000 00:00 0 
74cccc000000-74cccc6ea000 rw-p 00000000 00:00 0 
74cccc6ea000-74ccd0000000 ---p 00000000 00:00 0 
74ccd0000000-74ccd0187000 rw-p 00000000 00:00 0 
74ccd0187000-74ccd4000000 ---p 00000000 00:00 0 
74ccd4000000-74ccd4021000 rw-p 00000000 00:00 0 
74ccd4021000-74ccd8000000 ---p 00000000 00:00 0 
74ccd8000000-74ccd86a5000 rw-p 00000000 00:00 0 
74ccd86a5000-74ccdc000000 ---p 00000000 00:00 0 
74ccdc000000-74ccdc021000 rw-p 00000000 00:00 0 
74ccdc021000-74cce0000000 ---p 00000000 00:00 0 
74cce0000000-74cce1f40000 rw-p 00000000 00:00 0 
74cce1f40000-74cce4000000 ---p 00000000 00:00 0 
74cce4000000-74cce4092000 rw-p 00000000 00:00 0 
74cce4092000-74cce8000000 ---p 00000000 00:00 0 
74cce8000000-74cce8e21000 rw-p 00000000 00:00 0 
74cce8e21000-74ccec000000 ---p 00000000 00:00 0 
74ccec000000-74ccec021000 rw-p 00000000 00:00 0 
74ccec021000-74ccf0000000 ---p 00000000 00:00 0 
74ccf0000000-74ccf0021000 rw-p 00000000 00:00 0 
74ccf0021000-74ccf4000000 ---p 00000000 00:00 0 
74ccf4000000-74ccf403b000 rw-p 00000000 00:00 0 
74ccf403b000-74ccf8000000 ---p 00000000 00:00 0 
74ccf8000000-74ccf803f000 rw-p 00000000 00:00 0 
74ccf803f000-74ccfc000000 ---p 00000000 00:00 0 
74ccfc000000-74ccfc056000 rw-p 00000000 00:00 0 
74ccfc056000-74cd00000000 ---p 00000000 00:00 0 
74cd00000000-74cd00064000 rw-p 00000000 00:00 0 
74cd00064000-74cd04000000 ---p 00000000 00:00 0 
74cd04000000-74cd04053000 rw-p 00000000 00:00 0 
74cd04053000-74cd08000000 ---p 00000000 00:00 0 
74cd08000000-74cd0805b000 rw-p 00000000 00:00 0 
74cd0805b000-74cd0c000000 ---p 00000000 00:00 0 
74cd0c000000-74cd0c033000 rw-p 00000000 00:00 0 
74cd0c033000-74cd10000000 ---p 00000000 00:00 0 
74cd10000000-74cd1004e000 rw-p 00000000 00:00 0 
74cd1004e000-74cd14000000 ---p 00000000 00:00 0 
74cd14000000-74cd145ee000 rw-p 00000000 00:00 0 
74cd145ee000-74cd18000000 ---p 00000000 00:00 0 
74cd18000000-74cd18050000 rw-p 00000000 00:00 0 
74cd18050000-74cd1c000000 ---p 00000000 00:00 0 
74cd1c000000-74cd1c0dd000 rw-p 00000000 00:00 0 
74cd1c0dd000-74cd20000000 ---p 00000000 00:00 0 
74cd20000000-74cd2116f000 rw-p 00000000 00:00 0 
74cd2116f000-74cd24000000 ---p 00000000 00:00 0 
74cd24000000-74cd2408b000 rw-p 00000000 00:00 0 
74cd2408b000-74cd28000000 ---p 00000000 00:00 0 
74cd28000000-74cd28021000 rw-p 00000000 00:00 0 
74cd28021000-74cd2c000000 ---p 00000000 00:00 0 
74cd2c000000-74cd2dbdb000 rw-p 00000000 00:00 0 
74cd2dbdb000-74cd30000000 ---p 00000000 00:00 0 
74cd30000000-74cd30021000 rw-p 00000000 00:00 0 
74cd30021000-74cd34000000 ---p 00000000 00:00 0 
74cd34007000-74cd34013000 r--p 00000000 103:02 9711281                   /usr/lib/x86_64-linux-gnu/libpulse.so.0.24.2
74cd34013000-74cd34044000 r-xp 0000c000 103:02 9711281                   /usr/lib/x86_64-linux-gnu/libpulse.so.0.24.2
74cd34044000-74cd34055000 r--p 0003d000 103:02 9711281                   /usr/lib/x86_64-linux-gnu/libpulse.so.0.24.2
74cd34055000-74cd34057000 r--p 0004d000 103:02 9711281                   /usr/lib/x86_64-linux-gnu/libpulse.so.0.24.2
74cd34057000-74cd34058000 rw-p 0004f000 103:02 9711281                   /usr/lib/x86_64-linux-gnu/libpulse.so.0.24.2
74cd34068000-74cd3407d000 r--p 00000000 103:02 9728834                   /usr/share/fonts/opentype/urw-base35/NimbusMonoPS-Italic.otf
74cd3407d000-74cd34093000 r--p 00000000 103:02 9728832                   /usr/share/fonts/opentype/urw-base35/NimbusMonoPS-Bold.otf
74cd34093000-74cd34095000 r--p 00000000 103:02 10096577                  /usr/lib/jvm/java-21-openjdk-amd64/lib/libmanagement_ext.so
74cd34095000-74cd34098000 r-xp 00002000 103:02 10096577                  /usr/lib/jvm/java-21-openjdk-amd64/lib/libmanagement_ext.so
74cd34098000-74cd34099000 r--p 00005000 103:02 10096577                  /usr/lib/jvm/java-21-openjdk-amd64/lib/libmanagement_ext.so
74cd34099000-74cd3409a000 r--p 00006000 103:02 10096577                  /usr/lib/jvm/java-21-openjdk-amd64/lib/libmanagement_ext.so
74cd3409a000-74cd3409b000 rw-p 00007000 103:02 10096577                  /usr/lib/jvm/java-21-openjdk-amd64/lib/libmanagement_ext.so
74cd3409b000-74cd3409f000 ---p 00000000 00:00 0 
74cd3409f000-74cd3419b000 rw-p 00000000 00:00 0 
74cd3419b000-74cd341ab000 r--p 00000000 103:02 9711060                   /usr/lib/x86_64-linux-gnu/libibus-1.0.so.5.0.529
74cd341ab000-74cd341e3000 r-xp 00010000 103:02 9711060                   /usr/lib/x86_64-linux-gnu/libibus-1.0.so.5.0.529
74cd341e3000-74cd3421b000 r--p 00048000 103:02 9711060                   /usr/lib/x86_64-linux-gnu/libibus-1.0.so.5.0.529
74cd3421b000-74cd3421d000 r--p 00080000 103:02 9711060                   /usr/lib/x86_64-linux-gnu/libibus-1.0.so.5.0.529
74cd3421d000-74cd3421e000 rw-p 00082000 103:02 9711060                   /usr/lib/x86_64-linux-gnu/libibus-1.0.so.5.0.529
74cd3421e000-74cd3424d000 r--p 00000000 103:02 9700169                   /usr/lib/x86_64-linux-gnu/libxml2.so.2.9.14
74cd3424d000-74cd343b3000 r-xp 0002f000 103:02 9700169                   /usr/lib/x86_64-linux-gnu/libxml2.so.2.9.14
74cd343b3000-74cd343f5000 r--p 00195000 103:02 9700169                   /usr/lib/x86_64-linux-gnu/libxml2.so.2.9.14
74cd343f5000-74cd343fe000 r--p 001d6000 103:02 9700169                   /usr/lib/x86_64-linux-gnu/libxml2.so.2.9.14
74cd343fe000-74cd343ff000 rw-p 001df000 103:02 9700169                   /usr/lib/x86_64-linux-gnu/libxml2.so.2.9.14
74cd343ff000-74cd34400000 rw-p 00000000 00:00 0 
74cd34400000-74cd3446e000 r-xp 00000000 103:02 27788080                  /home/romaric/TOS_BD-20211109_1610-V8.0.1/configuration/org.eclipse.osgi/21/0/.cp/libswt-pi3-gtk-4944r26.so
74cd3446e000-74cd3466d000 ---p 0006e000 103:02 27788080                  /home/romaric/TOS_BD-20211109_1610-V8.0.1/configuration/org.eclipse.osgi/21/0/.cp/libswt-pi3-gtk-4944r26.so
74cd3466d000-74cd3466e000 r--p 0006d000 103:02 27788080                  /home/romaric/TOS_BD-20211109_1610-V8.0.1/configuration/org.eclipse.osgi/21/0/.cp/libswt-pi3-gtk-4944r26.so
74cd3466e000-74cd34671000 rw-p 0006e000 103:02 27788080                  /home/romaric/TOS_BD-20211109_1610-V8.0.1/configuration/org.eclipse.osgi/21/0/.cp/libswt-pi3-gtk-4944r26.so
74cd34671000-74cd34672000 rw-p 00000000 00:00 0 
74cd34673000-74cd34674000 r--p 00000000 103:02 9710669                   /usr/lib/x86_64-linux-gnu/libX11-xcb.so.1.0.0
74cd34674000-74cd34675000 r-xp 00001000 103:02 9710669                   /usr/lib/x86_64-linux-gnu/libX11-xcb.so.1.0.0
74cd34675000-74cd34676000 r--p 00002000 103:02 9710669                   /usr/lib/x86_64-linux-gnu/libX11-xcb.so.1.0.0
74cd34676000-74cd34677000 r--p 00002000 103:02 9710669                   /usr/lib/x86_64-linux-gnu/libX11-xcb.so.1.0.0
74cd34677000-74cd34678000 rw-p 00003000 103:02 9710669                   /usr/lib/x86_64-linux-gnu/libX11-xcb.so.1.0.0
74cd34679000-74cd3467b000 r--p 00000000 103:02 10096573                  /usr/lib/jvm/java-21-openjdk-amd64/lib/libmanagement.so
74cd3467b000-74cd3467c000 r-xp 00002000 103:02 10096573                  /usr/lib/jvm/java-21-openjdk-amd64/lib/libmanagement.so
74cd3467c000-74cd3467d000 r--p 00003000 103:02 10096573                  /usr/lib/jvm/java-21-openjdk-amd64/lib/libmanagement.so
74cd3467d000-74cd3467e000 r--p 00003000 103:02 10096573                  /usr/lib/jvm/java-21-openjdk-amd64/lib/libmanagement.so
74cd3467e000-74cd3467f000 rw-p 00004000 103:02 10096573                  /usr/lib/jvm/java-21-openjdk-amd64/lib/libmanagement.so
74cd3467f000-74cd34680000 r--p 00000000 103:02 10096553                  /usr/lib/jvm/java-21-openjdk-amd64/lib/libjaas.so
74cd34680000-74cd34681000 r-xp 00001000 103:02 10096553                  /usr/lib/jvm/java-21-openjdk-amd64/lib/libjaas.so
74cd34681000-74cd34682000 r--p 00002000 103:02 10096553                  /usr/lib/jvm/java-21-openjdk-amd64/lib/libjaas.so
74cd34682000-74cd34683000 r--p 00002000 103:02 10096553                  /usr/lib/jvm/java-21-openjdk-amd64/lib/libjaas.so
74cd34683000-74cd34684000 rw-p 00003000 103:02 10096553                  /usr/lib/jvm/java-21-openjdk-amd64/lib/libjaas.so
74cd34684000-74cd3468b000 r--s 00000000 103:02 9727936                   /usr/lib/x86_64-linux-gnu/gconv/gconv-modules.cache
74cd3468b000-74cd3468c000 r--p 00000000 103:02 9711200                   /usr/lib/x86_64-linux-gnu/libnss_mdns4_minimal.so.2
74cd3468c000-74cd3468e000 r-xp 00001000 103:02 9711200                   /usr/lib/x86_64-linux-gnu/libnss_mdns4_minimal.so.2
74cd3468e000-74cd3468f000 r--p 00003000 103:02 9711200                   /usr/lib/x86_64-linux-gnu/libnss_mdns4_minimal.so.2
74cd3468f000-74cd34690000 r--p 00003000 103:02 9711200                   /usr/lib/x86_64-linux-gnu/libnss_mdns4_minimal.so.2
74cd34690000-74cd34691000 rw-p 00004000 103:02 9711200                   /usr/lib/x86_64-linux-gnu/libnss_mdns4_minimal.so.2
74cd34693000-74cd34695000 r--p 00000000 103:02 9712825                   /usr/lib/x86_64-linux-gnu/libcanberra-0.30/libcanberra-pulse.so
74cd34695000-74cd34699000 r-xp 00002000 103:02 9712825                   /usr/lib/x86_64-linux-gnu/libcanberra-0.30/libcanberra-pulse.so
74cd34699000-74cd3469a000 r--p 00006000 103:02 9712825                   /usr/lib/x86_64-linux-gnu/libcanberra-0.30/libcanberra-pulse.so
74cd3469a000-74cd3469b000 r--p 00006000 103:02 9712825                   /usr/lib/x86_64-linux-gnu/libcanberra-0.30/libcanberra-pulse.so
74cd3469b000-74cd3469c000 rw-p 00007000 103:02 9712825                   /usr/lib/x86_64-linux-gnu/libcanberra-0.30/libcanberra-pulse.so
74cd3469c000-74cd3469e000 r--p 00000000 103:02 9743980                   /usr/lib/x86_64-linux-gnu/gdk-pixbuf-2.0/2.10.0/loaders/libpixbufloader-gif.so
74cd3469e000-74cd346a1000 r-xp 00002000 103:02 9743980                   /usr/lib/x86_64-linux-gnu/gdk-pixbuf-2.0/2.10.0/loaders/libpixbufloader-gif.so
74cd346a1000-74cd346a2000 r--p 00005000 103:02 9743980                   /usr/lib/x86_64-linux-gnu/gdk-pixbuf-2.0/2.10.0/loaders/libpixbufloader-gif.so
74cd346a2000-74cd346a3000 r--p 00005000 103:02 9743980                   /usr/lib/x86_64-linux-gnu/gdk-pixbuf-2.0/2.10.0/loaders/libpixbufloader-gif.so
74cd346a3000-74cd346a4000 rw-p 00006000 103:02 9743980                   /usr/lib/x86_64-linux-gnu/gdk-pixbuf-2.0/2.10.0/loaders/libpixbufloader-gif.so
74cd346a4000-74cd346f8000 r--p 00000000 103:02 9728867                   /usr/share/fonts/truetype/dejavu/DejaVuSansMono.ttf
74cd346f8000-74cd34800000 r--p 00000000 103:02 9729210                   /usr/share/fonts/truetype/ubuntu/UbuntuSans[wdth,wght].ttf
74cd34800000-74cd3488b000 r-xp 00000000 103:02 27788079                  /home/romaric/TOS_BD-20211109_1610-V8.0.1/configuration/org.eclipse.osgi/21/0/.cp/libswt-gtk-4944r26.so
74cd3488b000-74cd34a8a000 ---p 0008b000 103:02 27788079                  /home/romaric/TOS_BD-20211109_1610-V8.0.1/configuration/org.eclipse.osgi/21/0/.cp/libswt-gtk-4944r26.so
74cd34a8a000-74cd34a8b000 r--p 0008a000 103:02 27788079                  /home/romaric/TOS_BD-20211109_1610-V8.0.1/configuration/org.eclipse.osgi/21/0/.cp/libswt-gtk-4944r26.so
74cd34a8b000-74cd34a93000 rw-p 0008b000 103:02 27788079                  /home/romaric/TOS_BD-20211109_1610-V8.0.1/configuration/org.eclipse.osgi/21/0/.cp/libswt-gtk-4944r26.so
74cd34a93000-74cd34a97000 rw-p 00000000 00:00 0 
74cd34a97000-74cd34a98000 r--p 00000000 103:02 10096546                  /usr/lib/jvm/java-21-openjdk-amd64/lib/libextnet.so
74cd34a98000-74cd34a99000 r-xp 00001000 103:02 10096546                  /usr/lib/jvm/java-21-openjdk-amd64/lib/libextnet.so
74cd34a99000-74cd34a9a000 r--p 00002000 103:02 10096546                  /usr/lib/jvm/java-21-openjdk-amd64/lib/libextnet.so
74cd34a9a000-74cd34a9b000 r--p 00002000 103:02 10096546                  /usr/lib/jvm/java-21-openjdk-amd64/lib/libextnet.so
74cd34a9b000-74cd34a9c000 rw-p 00003000 103:02 10096546                  /usr/lib/jvm/java-21-openjdk-amd64/lib/libextnet.so
74cd34a9c000-74cd34ba4000 r--p 00000000 103:02 9729210                   /usr/share/fonts/truetype/ubuntu/UbuntuSans[wdth,wght].ttf
74cd34ba4000-74cd34bf4000 r--p 00000000 103:02 9849303                   /usr/share/icons/Humanity/icon-theme.cache
74cd34bf4000-74cd34bf8000 ---p 00000000 00:00 0 
74cd34bf8000-74cd34cf4000 rw-p 00000000 00:00 0 
74cd34cf4000-74cd34cf8000 ---p 00000000 00:00 0 
74cd34cf8000-74cd34df4000 rw-p 00000000 00:00 0 
74cd34df4000-74cd34df5000 ---p 00000000 00:00 0 
74cd34df5000-74cd34ef5000 rw-p 00000000 00:00 0 
74cd34ef5000-74cd34ef6000 ---p 00000000 00:00 0 
74cd34ef6000-74cd34ff6000 rw-p 00000000 00:00 0 
74cd34ff6000-74cd34ffa000 ---p 00000000 00:00 0 
74cd34ffa000-74cd350f6000 rw-p 00000000 00:00 0 
74cd350f6000-74cd350fa000 ---p 00000000 00:00 0 
74cd350fa000-74cd351f6000 rw-p 00000000 00:00 0 
74cd351f6000-74cd351fa000 ---p 00000000 00:00 0 
74cd351fa000-74cd352f6000 rw-p 00000000 00:00 0 
74cd352f6000-74cd352fa000 ---p 00000000 00:00 0 
74cd352fa000-74cd353f6000 rw-p 00000000 00:00 0 
74cd353f6000-74cd353fa000 ---p 00000000 00:00 0 
74cd353fa000-74cd354f6000 rw-p 00000000 00:00 0 
74cd354f6000-74cd354fa000 ---p 00000000 00:00 0 
74cd354fa000-74cd355f6000 rw-p 00000000 00:00 0 
74cd355f6000-74cd355fa000 ---p 00000000 00:00 0 
74cd355fa000-74cd356f6000 rw-p 00000000 00:00 0 
74cd356f6000-74cd356fa000 ---p 00000000 00:00 0 
74cd356fa000-74cd357f6000 rw-p 00000000 00:00 0 
74cd357f6000-74cd357fa000 ---p 00000000 00:00 0 
74cd357fa000-74cd358f6000 rw-p 00000000 00:00 0 
74cd358f6000-74cd358fa000 ---p 00000000 00:00 0 
74cd358fa000-74cd359f6000 rw-p 00000000 00:00 0 
74cd359f6000-74cd359f7000 ---p 00000000 00:00 0 
74cd359f7000-74cd35af7000 rw-p 00000000 00:00 0 
74cd35af7000-74cd35af8000 ---p 00000000 00:00 0 
74cd35af8000-74cd35bf8000 rw-p 00000000 00:00 0 
74cd35bf8000-74cd35bf9000 ---p 00000000 00:00 0 
74cd35bf9000-74cd35cf9000 rw-p 00000000 00:00 0 
74cd35cf9000-74cd35cfa000 ---p 00000000 00:00 0 
74cd35cfa000-74cd35dfa000 rw-p 00000000 00:00 0 
74cd35dfa000-74cd35dfb000 ---p 00000000 00:00 0 
74cd35dfb000-74cd35efb000 rw-p 00000000 00:00 0 
74cd35efb000-74cd35efc000 ---p 00000000 00:00 0 
74cd35efc000-74cd35ffc000 rw-p 00000000 00:00 0 
74cd35ffc000-74cd35ffd000 ---p 00000000 00:00 0 
74cd35ffd000-74cd367fd000 rw-p 00000000 00:00 0 
74cd367fd000-74cd367fe000 ---p 00000000 00:00 0 
74cd367fe000-74cd36ffe000 rw-p 00000000 00:00 0 
74cd36ffe000-74cd36fff000 ---p 00000000 00:00 0 
74cd36fff000-74cd377ff000 rw-p 00000000 00:00 0 
74cd377ff000-74cd37800000 ---p 00000000 00:00 0 
74cd37800000-74cd38000000 rw-p 00000000 00:00 0 
74cd38000000-74cd38021000 rw-p 00000000 00:00 0 
74cd38021000-74cd3c000000 ---p 00000000 00:00 0 
74cd3c000000-74cd3c021000 rw-p 00000000 00:00 0 
74cd3c021000-74cd40000000 ---p 00000000 00:00 0 
74cd40000000-74cd40c68000 rw-p 00000000 00:00 0 
74cd40c68000-74cd44000000 ---p 00000000 00:00 0 
74cd44000000-74cd44e0e000 rw-p 00000000 00:00 0 
74cd44e0e000-74cd48000000 ---p 00000000 00:00 0 
74cd48000000-74cd4ae49000 rw-p 00000000 00:00 0 
74cd4ae49000-74cd4c000000 ---p 00000000 00:00 0 
74cd4c000000-74cd4d6f2000 rw-p 00000000 00:00 0 
74cd4d6f2000-74cd50000000 ---p 00000000 00:00 0 
74cd50000000-74cd50021000 rw-p 00000000 00:00 0 
74cd50021000-74cd54000000 ---p 00000000 00:00 0 
74cd54000000-74cd54021000 rw-p 00000000 00:00 0 
74cd54021000-74cd58000000 ---p 00000000 00:00 0 
74cd58000000-74cd58021000 rw-p 00000000 00:00 0 
74cd58021000-74cd5c000000 ---p 00000000 00:00 0 
74cd5c000000-74cd5c021000 rw-p 00000000 00:00 0 
74cd5c021000-74cd60000000 ---p 00000000 00:00 0 
74cd60000000-74cd6011b000 rw-p 00000000 00:00 0 
74cd6011b000-74cd64000000 ---p 00000000 00:00 0 
74cd64000000-74cd64021000 rw-p 00000000 00:00 0 
74cd64021000-74cd68000000 ---p 00000000 00:00 0 
74cd68000000-74cd68400000 rw-p 00000000 00:00 0 
74cd68400000-74cd68780000 rw-p 00000000 00:00 0 
74cd68780000-74cd68900000 rw-p 00000000 00:00 0 
74cd68900000-74cd68b00000 rw-p 00000000 00:00 0 
74cd68b00000-74cd68c00000 rw-p 00000000 00:00 0 
74cd68c00000-74cd68dc0000 rw-p 00000000 00:00 0 
74cd68dc0000-74cd68e00000 rw-p 00000000 00:00 0 
74cd68e00000-74cd68f00000 rw-p 00000000 00:00 0 
74cd68f00000-74cd69000000 rw-p 00000000 00:00 0 
74cd69000000-74cd69100000 rw-p 00000000 00:00 0 
74cd69100000-74cd69200000 rw-p 00000000 00:00 0 
74cd69200000-74cd69980000 rw-p 00000000 00:00 0 
74cd69980000-74cd69a00000 rw-p 00000000 00:00 0 
74cd69a00000-74cd6a100000 rw-p 00000000 00:00 0 
74cd6a100000-74cd6a200000 rw-p 00000000 00:00 0 
74cd6a200000-74cd6a300000 rw-p 00000000 00:00 0 
74cd6a300000-74cd6a400000 rw-p 00000000 00:00 0 
74cd6a400000-74cd6a700000 rw-p 00000000 00:00 0 
74cd6a700000-74cd6afe0000 rw-p 00000000 00:00 0 
74cd6afe0000-74cd6b000000 rw-p 00000000 00:00 0 
74cd6b000000-74cd6b300000 rw-p 00000000 00:00 0 
74cd6b300000-74cd6b400000 rw-p 00000000 00:00 0 
74cd6b400000-74cd6c000000 rw-p 00000000 00:00 0 
74cd6c000000-74cd6c021000 rw-p 00000000 00:00 0 
74cd6c021000-74cd70000000 ---p 00000000 00:00 0 
74cd70003000-74cd70006000 r--p 00000000 103:02 9712800                   /usr/lib/x86_64-linux-gnu/gtk-3.0/3.0.0/immodules/im-ibus.so
74cd70006000-74cd7000a000 r-xp 00003000 103:02 9712800                   /usr/lib/x86_64-linux-gnu/gtk-3.0/3.0.0/immodules/im-ibus.so
74cd7000a000-74cd7000c000 r--p 00007000 103:02 9712800                   /usr/lib/x86_64-linux-gnu/gtk-3.0/3.0.0/immodules/im-ibus.so
74cd7000c000-74cd7000d000 r--p 00008000 103:02 9712800                   /usr/lib/x86_64-linux-gnu/gtk-3.0/3.0.0/immodules/im-ibus.so
74cd7000d000-74cd7000e000 rw-p 00009000 103:02 9712800                   /usr/lib/x86_64-linux-gnu/gtk-3.0/3.0.0/immodules/im-ibus.so
74cd7000e000-74cd7000f000 r--p 00000000 103:02 9712521                   /usr/lib/x86_64-linux-gnu/gdk-pixbuf-2.0/2.10.0/loaders/libpixbufloader-svg.so
74cd7000f000-74cd70010000 r-xp 00001000 103:02 9712521                   /usr/lib/x86_64-linux-gnu/gdk-pixbuf-2.0/2.10.0/loaders/libpixbufloader-svg.so
74cd70010000-74cd70011000 r--p 00002000 103:02 9712521                   /usr/lib/x86_64-linux-gnu/gdk-pixbuf-2.0/2.10.0/loaders/libpixbufloader-svg.so
74cd70011000-74cd70012000 r--p 00002000 103:02 9712521                   /usr/lib/x86_64-linux-gnu/gdk-pixbuf-2.0/2.10.0/loaders/libpixbufloader-svg.so
74cd70012000-74cd70013000 rw-p 00003000 103:02 9712521                   /usr/lib/x86_64-linux-gnu/gdk-pixbuf-2.0/2.10.0/loaders/libpixbufloader-svg.so
74cd70013000-74cd70041000 r--p 00000000 103:02 9861261                   /usr/share/icons/Yaru/icon-theme.cache
74cd70041000-74cd70042000 r--p 00000000 103:02 9712251                   /usr/lib/x86_64-linux-gnu/libgthread-2.0.so.0.8000.0
74cd70042000-74cd70043000 r-xp 00001000 103:02 9712251                   /usr/lib/x86_64-linux-gnu/libgthread-2.0.so.0.8000.0
74cd70043000-74cd70044000 r--p 00002000 103:02 9712251                   /usr/lib/x86_64-linux-gnu/libgthread-2.0.so.0.8000.0
74cd70044000-74cd70045000 r--p 00002000 103:02 9712251                   /usr/lib/x86_64-linux-gnu/libgthread-2.0.so.0.8000.0
74cd70045000-74cd70046000 rw-p 00003000 103:02 9712251                   /usr/lib/x86_64-linux-gnu/libgthread-2.0.so.0.8000.0
74cd7004a000-74cd7004f000 r--p 00000000 103:02 9834744                   /usr/share/icons/hicolor/icon-theme.cache
74cd7004f000-74cd70059000 r--p 00000000 103:02 9843256                   /usr/share/icons/Adwaita/icon-theme.cache
74cd70059000-74cd7005b000 r--p 00000000 103:02 9711214                   /usr/lib/x86_64-linux-gnu/libogg.so.0.8.5
74cd7005b000-74cd7005e000 r-xp 00002000 103:02 9711214                   /usr/lib/x86_64-linux-gnu/libogg.so.0.8.5
74cd7005e000-74cd70061000 r--p 00005000 103:02 9711214                   /usr/lib/x86_64-linux-gnu/libogg.so.0.8.5
74cd70061000-74cd70062000 r--p 00007000 103:02 9711214                   /usr/lib/x86_64-linux-gnu/libogg.so.0.8.5
74cd70062000-74cd70063000 rw-p 00008000 103:02 9711214                   /usr/lib/x86_64-linux-gnu/libogg.so.0.8.5
74cd70063000-74cd70066000 r--p 00000000 103:02 9711410                   /usr/lib/x86_64-linux-gnu/libvorbis.so.0.4.9
74cd70066000-74cd7007e000 r-xp 00003000 103:02 9711410                   /usr/lib/x86_64-linux-gnu/libvorbis.so.0.4.9
74cd7007e000-74cd7008f000 r--p 0001b000 103:02 9711410                   /usr/lib/x86_64-linux-gnu/libvorbis.so.0.4.9
74cd7008f000-74cd70090000 r--p 0002b000 103:02 9711410                   /usr/lib/x86_64-linux-gnu/libvorbis.so.0.4.9
74cd70090000-74cd70091000 rw-p 0002c000 103:02 9711410                   /usr/lib/x86_64-linux-gnu/libvorbis.so.0.4.9
74cd70091000-74cd70093000 r--p 00000000 103:02 9711121                   /usr/lib/x86_64-linux-gnu/libltdl.so.7.3.2
74cd70093000-74cd70098000 r-xp 00002000 103:02 9711121                   /usr/lib/x86_64-linux-gnu/libltdl.so.7.3.2
74cd70098000-74cd7009a000 r--p 00007000 103:02 9711121                   /usr/lib/x86_64-linux-gnu/libltdl.so.7.3.2
74cd7009a000-74cd7009b000 r--p 00008000 103:02 9711121                   /usr/lib/x86_64-linux-gnu/libltdl.so.7.3.2
74cd7009b000-74cd7009c000 rw-p 00009000 103:02 9711121                   /usr/lib/x86_64-linux-gnu/libltdl.so.7.3.2
74cd7009c000-74cd700a0000 r--p 00000000 103:02 9711359                   /usr/lib/x86_64-linux-gnu/libtdb.so.1.4.10
74cd700a0000-74cd700ae000 r-xp 00004000 103:02 9711359                   /usr/lib/x86_64-linux-gnu/libtdb.so.1.4.10
74cd700ae000-74cd700b3000 r--p 00012000 103:02 9711359                   /usr/lib/x86_64-linux-gnu/libtdb.so.1.4.10
74cd700b3000-74cd700b4000 r--p 00016000 103:02 9711359                   /usr/lib/x86_64-linux-gnu/libtdb.so.1.4.10
74cd700b4000-74cd700b5000 rw-p 00017000 103:02 9711359                   /usr/lib/x86_64-linux-gnu/libtdb.so.1.4.10
74cd700b5000-74cd700b7000 r--p 00000000 103:02 9711412                   /usr/lib/x86_64-linux-gnu/libvorbisfile.so.3.3.8
74cd700b7000-74cd700bc000 r-xp 00002000 103:02 9711412                   /usr/lib/x86_64-linux-gnu/libvorbisfile.so.3.3.8
74cd700bc000-74cd700bd000 r--p 00007000 103:02 9711412                   /usr/lib/x86_64-linux-gnu/libvorbisfile.so.3.3.8
74cd700bd000-74cd700be000 r--p 00007000 103:02 9711412                   /usr/lib/x86_64-linux-gnu/libvorbisfile.so.3.3.8
74cd700be000-74cd700bf000 rw-p 00008000 103:02 9711412                   /usr/lib/x86_64-linux-gnu/libvorbisfile.so.3.3.8
74cd700bf000-74cd700c2000 r--p 00000000 103:02 9710832                   /usr/lib/x86_64-linux-gnu/libcanberra.so.0.2.5
74cd700c2000-74cd700cd000 r-xp 00003000 103:02 9710832                   /usr/lib/x86_64-linux-gnu/libcanberra.so.0.2.5
74cd700cd000-74cd700d0000 r--p 0000e000 103:02 9710832                   /usr/lib/x86_64-linux-gnu/libcanberra.so.0.2.5
74cd700d0000-74cd700d1000 r--p 00010000 103:02 9710832                   /usr/lib/x86_64-linux-gnu/libcanberra.so.0.2.5
74cd700d1000-74cd700d2000 rw-p 00011000 103:02 9710832                   /usr/lib/x86_64-linux-gnu/libcanberra.so.0.2.5
74cd700d2000-74cd700d4000 r--p 00000000 103:02 9710831                   /usr/lib/x86_64-linux-gnu/libcanberra-gtk3.so.0.1.9
74cd700d4000-74cd700d6000 r-xp 00002000 103:02 9710831                   /usr/lib/x86_64-linux-gnu/libcanberra-gtk3.so.0.1.9
74cd700d6000-74cd700d7000 r--p 00004000 103:02 9710831                   /usr/lib/x86_64-linux-gnu/libcanberra-gtk3.so.0.1.9
74cd700d7000-74cd700d8000 r--p 00004000 103:02 9710831                   /usr/lib/x86_64-linux-gnu/libcanberra-gtk3.so.0.1.9
74cd700d8000-74cd700d9000 rw-p 00005000 103:02 9710831                   /usr/lib/x86_64-linux-gnu/libcanberra-gtk3.so.0.1.9
74cd700dc000-74cd700e0000 r--p 00000000 103:02 10096588                  /usr/lib/jvm/java-21-openjdk-amd64/lib/libverify.so
74cd700e0000-74cd700e7000 r-xp 00004000 103:02 10096588                  /usr/lib/jvm/java-21-openjdk-amd64/lib/libverify.so
74cd700e7000-74cd700e9000 r--p 0000b000 103:02 10096588                  /usr/lib/jvm/java-21-openjdk-amd64/lib/libverify.so
74cd700e9000-74cd700eb000 r--p 0000c000 103:02 10096588                  /usr/lib/jvm/java-21-openjdk-amd64/lib/libverify.so
74cd700eb000-74cd700ec000 rw-p 0000e000 103:02 10096588                  /usr/lib/jvm/java-21-openjdk-amd64/lib/libverify.so
74cd700ec000-74cd700ed000 ---p 00000000 00:00 0 
74cd700ed000-74cd701ed000 rw-p 00000000 00:00 0 
74cd701ed000-74cd701ee000 ---p 00000000 00:00 0 
74cd701ee000-74cd702ee000 rw-p 00000000 00:00 0 
74cd702ee000-74cd702ef000 ---p 00000000 00:00 0 
74cd702ef000-74cd703ef000 rw-p 00000000 00:00 0 
74cd703ef000-74cd703f3000 ---p 00000000 00:00 0 
74cd703f3000-74cd704ef000 rw-p 00000000 00:00 0 
74cd704ef000-74cd704f3000 ---p 00000000 00:00 0 
74cd704f3000-74cd705ef000 rw-p 00000000 00:00 0 
74cd705ef000-74cd706f7000 r--p 00000000 103:02 9729210                   /usr/share/fonts/truetype/ubuntu/UbuntuSans[wdth,wght].ttf
74cd706f7000-74cd707ff000 r--p 00000000 103:02 9729210                   /usr/share/fonts/truetype/ubuntu/UbuntuSans[wdth,wght].ttf
74cd707ff000-74cd70800000 ---p 00000000 00:00 0 
74cd70800000-74cd71000000 rw-p 00000000 00:00 0 
74cd71000000-74cd71c9c000 rw-p 00001000 103:02 10096592                  /usr/lib/jvm/java-21-openjdk-amd64/lib/server/classes.jsa
74cd71c9c000-74cd72000000 ---p 00000000 00:00 0 
74cd72000000-74cd72020000 rw-p 00000000 00:00 0 
74cd72020000-74cd72040000 rw-p 00000000 00:00 0 
74cd72040000-74cd72100000 rw-p 00000000 00:00 0 
74cd72100000-74cd721c0000 rw-p 00000000 00:00 0 
74cd721c0000-74cd72200000 rw-p 00000000 00:00 0 
74cd72200000-74cd72300000 rw-p 00000000 00:00 0 
74cd72300000-74cd72460000 rw-p 00000000 00:00 0 
74cd72460000-74cd72480000 rw-p 00000000 00:00 0 
74cd72480000-74cd72640000 rw-p 00000000 00:00 0 
74cd72640000-74cd72680000 rw-p 00000000 00:00 0 
74cd72680000-74cd72c60000 rw-p 00000000 00:00 0 
74cd72c60000-74cd72c80000 rw-p 00000000 00:00 0 
74cd72c80000-74cd72f40000 rw-p 00000000 00:00 0 
74cd72f40000-74cd72f80000 rw-p 00000000 00:00 0 
74cd72f80000-74cd731f0000 rw-p 00000000 00:00 0 
74cd731f0000-74cd73200000 ---p 00000000 00:00 0 
74cd73200000-74cd73cf0000 rw-p 00000000 00:00 0 
74cd73cf0000-74cd8c000000 ---p 00000000 00:00 0 
74cd8c000000-74cd8c021000 rw-p 00000000 00:00 0 
74cd8c021000-74cd90000000 ---p 00000000 00:00 0 
74cd90000000-74cd90021000 rw-p 00000000 00:00 0 
74cd90021000-74cd94000000 ---p 00000000 00:00 0 
74cd94003000-74cd94005000 r--p 00000000 103:02 9712812                   /usr/lib/x86_64-linux-gnu/gtk-3.0/modules/libcanberra-gtk3-module.so
74cd94005000-74cd94008000 r-xp 00002000 103:02 9712812                   /usr/lib/x86_64-linux-gnu/gtk-3.0/modules/libcanberra-gtk3-module.so
74cd94008000-74cd94009000 r--p 00005000 103:02 9712812                   /usr/lib/x86_64-linux-gnu/gtk-3.0/modules/libcanberra-gtk3-module.so
74cd94009000-74cd9400a000 r--p 00005000 103:02 9712812                   /usr/lib/x86_64-linux-gnu/gtk-3.0/modules/libcanberra-gtk3-module.so
74cd9400a000-74cd9400b000 rw-p 00006000 103:02 9712812                   /usr/lib/x86_64-linux-gnu/gtk-3.0/modules/libcanberra-gtk3-module.so
74cd94010000-74cd94024000 r--p 00000000 103:02 9728835                   /usr/share/fonts/opentype/urw-base35/NimbusMonoPS-Regular.otf
74cd94024000-74cd94076000 rw-s 00000000 00:01 27496                      /memfd:gdk-wayland (deleted)
74cd94076000-74cd94084000 r--s 00000000 103:02 18874772                  /var/cache/fontconfig/a4e60e8d1e10d2fdff3fe3037a1845fb-le64.cache-9
74cd94084000-74cd94089000 r--s 00000000 103:02 18881454                  /var/cache/fontconfig/6aa41aa22e18b8fa06a12da28ea9c28b-le64.cache-9
74cd94089000-74cd940e7000 r--s 00000000 103:02 18874757                  /var/cache/fontconfig/2300eef321c393bfd76478a5c0e95b23-le64.cache-9
74cd940e7000-74cd9415c000 r--s 00000000 103:02 18874755                  /var/cache/fontconfig/0bd3dc0958fa2205aaaa8ebb13e2872b-le64.cache-9
74cd9415c000-74cd94161000 r--s 00000000 103:02 18881752                  /var/cache/fontconfig/c57959a16110560c8d0fcea73374aeeb-le64.cache-9
74cd94161000-74cd94169000 r--s 00000000 103:02 18874758                  /var/cache/fontconfig/3047814df9a2f067bd2d96a2b9c36e5a-le64.cache-9
74cd94169000-74cd94172000 r--s 00000000 103:02 18881453                  /var/cache/fontconfig/bf3b770c553c462765856025a94f1ce6-le64.cache-9
74cd94172000-74cd94189000 r--s 00000000 103:02 18881352                  /var/cache/fontconfig/d52a8644073d54c13679302ca1180695-le64.cache-9
74cd94189000-74cd94196000 r--s 00000000 103:02 18881133                  /var/cache/fontconfig/d589a48862398ed80a3d6066f4f56f4c-le64.cache-9
74cd94196000-74cd941a6000 r--s 00000000 103:02 18874766                  /var/cache/fontconfig/6cc790b63b123a6a96ee260fcdad32a9-le64.cache-9
74cd941a6000-74cd941b7000 r--s 00000000 103:02 18874770                  /var/cache/fontconfig/9b89f8e3dae116d678bbf48e5f21f69b-le64.cache-9
74cd941b7000-74cd941c2000 r--s 00000000 103:02 18880492                  /var/cache/fontconfig/d0972c3d32f097851eb916381fc38920-le64.cache-9
74cd941c2000-74cd941ee000 r--s 00000000 103:02 18876600                  /var/cache/fontconfig/e13b20fdb08344e0e664864cc2ede53d-le64.cache-9
74cd941ee000-74cd941fd000 r--s 00000000 103:02 18881451                  /var/cache/fontconfig/8f02d4cb045bd6ce15663e43f347c9f8-le64.cache-9
74cd94201000-74cd94202000 r--s 00000000 103:02 27807075                  /home/romaric/TOS_BD-20211109_1610-V8.0.1/workspace/.metadata/.plugins/org.eclipse.m2e.core/nexus/830bc118332e77292949ed1e6d2fabe0/_1w.fdt
74cd94202000-74cd94203000 r--s 00000000 103:02 27807126                  /home/romaric/TOS_BD-20211109_1610-V8.0.1/workspace/.metadata/.plugins/org.eclipse.m2e.core/nexus/830bc118332e77292949ed1e6d2fabe0/_1w.nvd
74cd94203000-74cd94241000 r--p 00000000 103:02 9728866                   /usr/share/fonts/truetype/dejavu/DejaVuSansMono-Oblique.ttf
74cd94241000-74cd94242000 r--s 00000000 103:02 27807078                  /home/romaric/TOS_BD-20211109_1610-V8.0.1/workspace/.metadata/.plugins/org.eclipse.m2e.core/nexus/830bc118332e77292949ed1e6d2fabe0/_1w_Lucene50_0.tim
74cd94242000-74cd94243000 r--s 00000000 103:02 27807077                  /home/romaric/TOS_BD-20211109_1610-V8.0.1/workspace/.metadata/.plugins/org.eclipse.m2e.core/nexus/830bc118332e77292949ed1e6d2fabe0/_1w_Lucene50_0.pos
74cd94243000-74cd94244000 r--p 00000000 00:00 0 
74cd94244000-74cd94245000 r--s 00000000 103:02 27807076                  /home/romaric/TOS_BD-20211109_1610-V8.0.1/workspace/.metadata/.plugins/org.eclipse.m2e.core/nexus/830bc118332e77292949ed1e6d2fabe0/_1w_Lucene50_0.doc
74cd94245000-74cd94249000 ---p 00000000 00:00 0 
74cd94249000-74cd94267000 rw-p 00000000 00:00 0 
74cd94267000-74cd94268000 rw-s 00000000 00:01 26373                      /memfd:gdk-wayland (deleted)
74cd94268000-74cd94269000 r--s 00000000 103:02 27807097                  /home/romaric/TOS_BD-20211109_1610-V8.0.1/workspace/.metadata/.plugins/org.eclipse.m2e.core/nexus/477458f297182afbcae54a29b06489fa/_6.cfs
74cd94269000-74cd9426a000 r--s 00000000 103:02 27797325                  /home/romaric/TOS_BD-20211109_1610-V8.0.1/workspace/.metadata/.plugins/org.eclipse.m2e.core/nexus/477458f297182afbcae54a29b06489fa/_5.cfs
74cd9426a000-74cd9426b000 r--s 00000000 103:02 27807100                  /home/romaric/TOS_BD-20211109_1610-V8.0.1/workspace/.metadata/.plugins/org.eclipse.m2e.core/nexus/df37ef5b7ed9c79c16efe958efe47968/_6.cfs
74cd9426b000-74cd94290000 r--s 00000000 103:02 18881445                  /var/cache/fontconfig/467c019e582ee353435ea5c21d137ef6-le64.cache-9
74cd94290000-74cd94291000 r--p 00000000 103:02 9724510                   /usr/lib/x86_64-linux-gnu/gdk-pixbuf-2.0/2.10.0/loaders/libpixbufloader-bmp.so
74cd94291000-74cd94294000 r-xp 00001000 103:02 9724510                   /usr/lib/x86_64-linux-gnu/gdk-pixbuf-2.0/2.10.0/loaders/libpixbufloader-bmp.so
74cd94294000-74cd94295000 r--p 00004000 103:02 9724510                   /usr/lib/x86_64-linux-gnu/gdk-pixbuf-2.0/2.10.0/loaders/libpixbufloader-bmp.so
74cd94295000-74cd94296000 r--p 00004000 103:02 9724510                   /usr/lib/x86_64-linux-gnu/gdk-pixbuf-2.0/2.10.0/loaders/libpixbufloader-bmp.so
74cd94296000-74cd94297000 rw-p 00005000 103:02 9724510                   /usr/lib/x86_64-linux-gnu/gdk-pixbuf-2.0/2.10.0/loaders/libpixbufloader-bmp.so
74cd94297000-74cd942bf000 r--s 00000000 103:02 9702714                   /usr/share/mime/mime.cache
74cd942bf000-74cd94300000 rw-p 00000000 00:00 0 
74cd94300000-74cd94312000 r--p 00000000 103:02 9701117                   /usr/lib/x86_64-linux-gnu/gvfs/libgvfscommon.so
74cd94312000-74cd9432e000 r-xp 00012000 103:02 9701117                   /usr/lib/x86_64-linux-gnu/gvfs/libgvfscommon.so
74cd9432e000-74cd9433a000 r--p 0002e000 103:02 9701117                   /usr/lib/x86_64-linux-gnu/gvfs/libgvfscommon.so
74cd9433a000-74cd94340000 r--p 00039000 103:02 9701117                   /usr/lib/x86_64-linux-gnu/gvfs/libgvfscommon.so
74cd94340000-74cd94341000 rw-p 0003f000 103:02 9701117                   /usr/lib/x86_64-linux-gnu/gvfs/libgvfscommon.so
74cd94341000-74cd9434b000 r--p 00000000 103:02 9701120                   /usr/lib/x86_64-linux-gnu/gio/modules/libgvfsdbus.so
74cd9434b000-74cd94369000 r-xp 0000a000 103:02 9701120                   /usr/lib/x86_64-linux-gnu/gio/modules/libgvfsdbus.so
74cd94369000-74cd94371000 r--p 00028000 103:02 9701120                   /usr/lib/x86_64-linux-gnu/gio/modules/libgvfsdbus.so
74cd94371000-74cd94373000 r--p 00030000 103:02 9701120                   /usr/lib/x86_64-linux-gnu/gio/modules/libgvfsdbus.so
74cd94373000-74cd94374000 rw-p 00032000 103:02 9701120                   /usr/lib/x86_64-linux-gnu/gio/modules/libgvfsdbus.so
74cd94374000-74cd94428000 r--p 00000000 103:02 9991059                   /usr/share/themes/Yaru-purple/gtk-3.0/gtk.gresource
74cd94428000-74cd94668000 rw-s 00000000 00:01 31043                      /memfd:wayland-cursor (deleted)
74cd94668000-74cd9466d000 r--p 00000000 103:02 24694444                  /home/romaric/.config/dconf/user
74cd9466d000-74cd94697000 r--p 00000000 103:02 9700437                   /usr/share/glib-2.0/schemas/gschemas.compiled
74cd94697000-74cd94698000 ---p 00000000 00:00 0 
74cd94698000-74cd94e98000 rw-p 00000000 00:00 0 
74cd94e98000-74cd94e9c000 r--p 00000000 103:02 9711000                   /usr/lib/x86_64-linux-gnu/libgpg-error.so.0.34.0
74cd94e9c000-74cd94eb2000 r-xp 00004000 103:02 9711000                   /usr/lib/x86_64-linux-gnu/libgpg-error.so.0.34.0
74cd94eb2000-74cd94ebb000 r--p 0001a000 103:02 9711000                   /usr/lib/x86_64-linux-gnu/libgpg-error.so.0.34.0
74cd94ebb000-74cd94ebc000 r--p 00023000 103:02 9711000                   /usr/lib/x86_64-linux-gnu/libgpg-error.so.0.34.0
74cd94ebc000-74cd94ebd000 rw-p 00024000 103:02 9711000                   /usr/lib/x86_64-linux-gnu/libgpg-error.so.0.34.0
74cd94ebd000-74cd94ec1000 r--p 00000000 103:02 9711483                   /usr/lib/x86_64-linux-gnu/libzstd.so.1.5.5
74cd94ec1000-74cd94f68000 r-xp 00004000 103:02 9711483                   /usr/lib/x86_64-linux-gnu/libzstd.so.1.5.5
74cd94f68000-74cd94f75000 r--p 000ab000 103:02 9711483                   /usr/lib/x86_64-linux-gnu/libzstd.so.1.5.5
74cd94f75000-74cd94f76000 r--p 000b7000 103:02 9711483                   /usr/lib/x86_64-linux-gnu/libzstd.so.1.5.5
74cd94f76000-74cd94f77000 rw-p 000b8000 103:02 9711483                   /usr/lib/x86_64-linux-gnu/libzstd.so.1.5.5
74cd94f77000-74cd94f7a000 r--p 00000000 103:02 9711125                   /usr/lib/x86_64-linux-gnu/liblzma.so.5.4.5
74cd94f7a000-74cd94f9c000 r-xp 00003000 103:02 9711125                   /usr/lib/x86_64-linux-gnu/liblzma.so.5.4.5
74cd94f9c000-74cd94fa7000 r--p 00025000 103:02 9711125                   /usr/lib/x86_64-linux-gnu/liblzma.so.5.4.5
74cd94fa7000-74cd94fa8000 r--p 00030000 103:02 9711125                   /usr/lib/x86_64-linux-gnu/liblzma.so.5.4.5
74cd94fa8000-74cd94fa9000 rw-p 00031000 103:02 9711125                   /usr/lib/x86_64-linux-gnu/liblzma.so.5.4.5
74cd94fa9000-74cd94fac000 r--p 00000000 103:02 9711124                   /usr/lib/x86_64-linux-gnu/liblz4.so.1.9.4
74cd94fac000-74cd94fc7000 r-xp 00003000 103:02 9711124                   /usr/lib/x86_64-linux-gnu/liblz4.so.1.9.4
74cd94fc7000-74cd94fc9000 r--p 0001e000 103:02 9711124                   /usr/lib/x86_64-linux-gnu/liblz4.so.1.9.4
74cd94fc9000-74cd94fca000 r--p 00020000 103:02 9711124                   /usr/lib/x86_64-linux-gnu/liblz4.so.1.9.4
74cd94fca000-74cd94fcb000 rw-p 00021000 103:02 9711124                   /usr/lib/x86_64-linux-gnu/liblz4.so.1.9.4
74cd94fcb000-74cd94fda000 r--p 00000000 103:02 9710962                   /usr/lib/x86_64-linux-gnu/libgcrypt.so.20.4.3
74cd94fda000-74cd950ce000 r-xp 0000f000 103:02 9710962                   /usr/lib/x86_64-linux-gnu/libgcrypt.so.20.4.3
74cd950ce000-74cd95109000 r--p 00103000 103:02 9710962                   /usr/lib/x86_64-linux-gnu/libgcrypt.so.20.4.3
74cd95109000-74cd9510e000 r--p 0013e000 103:02 9710962                   /usr/lib/x86_64-linux-gnu/libgcrypt.so.20.4.3
74cd9510e000-74cd95112000 rw-p 00143000 103:02 9710962                   /usr/lib/x86_64-linux-gnu/libgcrypt.so.20.4.3
74cd95112000-74cd95113000 rw-p 00000000 00:00 0 
74cd95113000-74cd95116000 r--p 00000000 103:02 9701741                   /usr/lib/x86_64-linux-gnu/libcap.so.2.66
74cd95116000-74cd9511c000 r-xp 00003000 103:02 9701741                   /usr/lib/x86_64-linux-gnu/libcap.so.2.66
74cd9511c000-74cd9511e000 r--p 00009000 103:02 9701741                   /usr/lib/x86_64-linux-gnu/libcap.so.2.66
74cd9511e000-74cd9511f000 r--p 0000b000 103:02 9701741                   /usr/lib/x86_64-linux-gnu/libcap.so.2.66
74cd9511f000-74cd95120000 rw-p 0000c000 103:02 9701741                   /usr/lib/x86_64-linux-gnu/libcap.so.2.66
74cd95120000-74cd95136000 r--p 00000000 103:02 9710351                   /usr/lib/x86_64-linux-gnu/libsystemd.so.0.38.0
74cd95136000-74cd951c5000 r-xp 00016000 103:02 9710351                   /usr/lib/x86_64-linux-gnu/libsystemd.so.0.38.0
74cd951c5000-74cd951f3000 r--p 000a5000 103:02 9710351                   /usr/lib/x86_64-linux-gnu/libsystemd.so.0.38.0
74cd951f3000-74cd951fe000 r--p 000d2000 103:02 9710351                   /usr/lib/x86_64-linux-gnu/libsystemd.so.0.38.0
74cd951fe000-74cd951ff000 rw-p 000dd000 103:02 9710351                   /usr/lib/x86_64-linux-gnu/libsystemd.so.0.38.0
74cd951ff000-74cd95200000 rw-p 00000000 00:00 0 
74cd95200000-74cd95283000 r--p 00000000 103:02 9711033                   /usr/lib/x86_64-linux-gnu/libgtk-3.so.0.2409.32
74cd95283000-74cd95631000 r-xp 00083000 103:02 9711033                   /usr/lib/x86_64-linux-gnu/libgtk-3.so.0.2409.32
74cd95631000-74cd959b6000 r--p 00431000 103:02 9711033                   /usr/lib/x86_64-linux-gnu/libgtk-3.so.0.2409.32
74cd959b6000-74cd959c6000 r--p 007b5000 103:02 9711033                   /usr/lib/x86_64-linux-gnu/libgtk-3.so.0.2409.32
74cd959c6000-74cd959c8000 rw-p 007c5000 103:02 9711033                   /usr/lib/x86_64-linux-gnu/libgtk-3.so.0.2409.32
74cd959c8000-74cd959cd000 rw-p 00000000 00:00 0 
74cd959cd000-74cd959ce000 r--s 00000000 103:02 27797360                  /home/romaric/TOS_BD-20211109_1610-V8.0.1/workspace/.metadata/.plugins/org.eclipse.m2e.core/nexus/df37ef5b7ed9c79c16efe958efe47968/_5.cfs
74cd959ce000-74cd959da000 r--p 00000000 103:02 9710862                   /usr/lib/x86_64-linux-gnu/libdbus-1.so.3.32.4
74cd959da000-74cd95a0a000 r-xp 0000c000 103:02 9710862                   /usr/lib/x86_64-linux-gnu/libdbus-1.so.3.32.4
74cd95a0a000-74cd95a1b000 r--p 0003c000 103:02 9710862                   /usr/lib/x86_64-linux-gnu/libdbus-1.so.3.32.4
74cd95a1b000-74cd95a1c000 r--p 0004c000 103:02 9710862                   /usr/lib/x86_64-linux-gnu/libdbus-1.so.3.32.4
74cd95a1c000-74cd95a1d000 rw-p 0004d000 103:02 9710862                   /usr/lib/x86_64-linux-gnu/libdbus-1.so.3.32.4
74cd95a1d000-74cd95a2d000 r--p 00000000 103:02 9710784                   /usr/lib/x86_64-linux-gnu/libatspi.so.0.0.1
74cd95a2d000-74cd95a46000 r-xp 00010000 103:02 9710784                   /usr/lib/x86_64-linux-gnu/libatspi.so.0.0.1
74cd95a46000-74cd95a53000 r--p 00029000 103:02 9710784                   /usr/lib/x86_64-linux-gnu/libatspi.so.0.0.1
74cd95a53000-74cd95a56000 r--p 00036000 103:02 9710784                   /usr/lib/x86_64-linux-gnu/libatspi.so.0.0.1
74cd95a56000-74cd95a57000 rw-p 00039000 103:02 9710784                   /usr/lib/x86_64-linux-gnu/libatspi.so.0.0.1
74cd95a57000-74cd95a63000 r--p 00000000 103:02 9710780                   /usr/lib/x86_64-linux-gnu/libatk-bridge-2.0.so.0.0.0
74cd95a63000-74cd95a7d000 r-xp 0000c000 103:02 9710780                   /usr/lib/x86_64-linux-gnu/libatk-bridge-2.0.so.0.0.0
74cd95a7d000-74cd95a90000 r--p 00026000 103:02 9710780                   /usr/lib/x86_64-linux-gnu/libatk-bridge-2.0.so.0.0.0
74cd95a90000-74cd95a91000 r--p 00039000 103:02 9710780                   /usr/lib/x86_64-linux-gnu/libatk-bridge-2.0.so.0.0.0
74cd95a91000-74cd95a93000 rw-p 0003a000 103:02 9710780                   /usr/lib/x86_64-linux-gnu/libatk-bridge-2.0.so.0.0.0
74cd95a93000-74cd95a9e000 r--p 00000000 103:02 9710779                   /usr/lib/x86_64-linux-gnu/libatk-1.0.so.0.25209.1
74cd95a9e000-74cd95aae000 r-xp 0000b000 103:02 9710779                   /usr/lib/x86_64-linux-gnu/libatk-1.0.so.0.25209.1
74cd95aae000-74cd95ab9000 r--p 0001b000 103:02 9710779                   /usr/lib/x86_64-linux-gnu/libatk-1.0.so.0.25209.1
74cd95ab9000-74cd95abc000 r--p 00026000 103:02 9710779                   /usr/lib/x86_64-linux-gnu/libatk-1.0.so.0.25209.1
74cd95abc000-74cd95abd000 rw-p 00029000 103:02 9710779                   /usr/lib/x86_64-linux-gnu/libatk-1.0.so.0.25209.1
74cd95abd000-74cd95abf000 r--p 00000000 103:02 9711139                   /usr/lib/x86_64-linux-gnu/libmd.so.0.1.0
74cd95abf000-74cd95ac8000 r-xp 00002000 103:02 9711139                   /usr/lib/x86_64-linux-gnu/libmd.so.0.1.0
74cd95ac8000-74cd95aca000 r--p 0000b000 103:02 9711139                   /usr/lib/x86_64-linux-gnu/libmd.so.0.1.0
74cd95aca000-74cd95acb000 r--p 0000c000 103:02 9711139                   /usr/lib/x86_64-linux-gnu/libmd.so.0.1.0
74cd95acb000-74cd95acc000 rw-p 0000d000 103:02 9711139                   /usr/lib/x86_64-linux-gnu/libmd.so.0.1.0
74cd95acc000-74cd95ad0000 r--p 00000000 103:02 9710819                   /usr/lib/x86_64-linux-gnu/libbsd.so.0.12.1
74cd95ad0000-74cd95adc000 r-xp 00004000 103:02 9710819                   /usr/lib/x86_64-linux-gnu/libbsd.so.0.12.1
74cd95adc000-74cd95adf000 r--p 00010000 103:02 9710819                   /usr/lib/x86_64-linux-gnu/libbsd.so.0.12.1
74cd95adf000-74cd95ae0000 r--p 00012000 103:02 9710819                   /usr/lib/x86_64-linux-gnu/libbsd.so.0.12.1
74cd95ae0000-74cd95ae1000 rw-p 00013000 103:02 9710819                   /usr/lib/x86_64-linux-gnu/libbsd.so.0.12.1
74cd95ae1000-74cd95ae2000 rw-p 00000000 00:00 0 
74cd95ae2000-74cd95ae3000 r--p 00000000 103:02 9710816                   /usr/lib/x86_64-linux-gnu/libbrotlicommon.so.1.1.0
74cd95ae3000-74cd95ae4000 r-xp 00001000 103:02 9710816                   /usr/lib/x86_64-linux-gnu/libbrotlicommon.so.1.1.0
74cd95ae4000-74cd95b03000 r--p 00002000 103:02 9710816                   /usr/lib/x86_64-linux-gnu/libbrotlicommon.so.1.1.0
74cd95b03000-74cd95b04000 r--p 00021000 103:02 9710816                   /usr/lib/x86_64-linux-gnu/libbrotlicommon.so.1.1.0
74cd95b04000-74cd95b05000 rw-p 00022000 103:02 9710816                   /usr/lib/x86_64-linux-gnu/libbrotlicommon.so.1.1.0
74cd95b05000-74cd95b0c000 r--p 00000000 103:02 9700731                   /usr/lib/x86_64-linux-gnu/libblkid.so.1.1.0
74cd95b0c000-74cd95b30000 r-xp 00007000 103:02 9700731                   /usr/lib/x86_64-linux-gnu/libblkid.so.1.1.0
74cd95b30000-74cd95b39000 r--p 0002b000 103:02 9700731                   /usr/lib/x86_64-linux-gnu/libblkid.so.1.1.0
74cd95b39000-74cd95b3f000 r--p 00033000 103:02 9700731                   /usr/lib/x86_64-linux-gnu/libblkid.so.1.1.0
74cd95b3f000-74cd95b40000 rw-p 00039000 103:02 9700731                   /usr/lib/x86_64-linux-gnu/libblkid.so.1.1.0
74cd95b40000-74cd95b43000 r--p 00000000 103:02 9711006                   /usr/lib/x86_64-linux-gnu/libgraphite2.so.3.2.1
74cd95b43000-74cd95b60000 r-xp 00003000 103:02 9711006                   /usr/lib/x86_64-linux-gnu/libgraphite2.so.3.2.1
74cd95b60000-74cd95b63000 r--p 00020000 103:02 9711006                   /usr/lib/x86_64-linux-gnu/libgraphite2.so.3.2.1
74cd95b63000-74cd95b65000 r--p 00022000 103:02 9711006                   /usr/lib/x86_64-linux-gnu/libgraphite2.so.3.2.1
74cd95b65000-74cd95b66000 rw-p 00024000 103:02 9711006                   /usr/lib/x86_64-linux-gnu/libgraphite2.so.3.2.1
74cd95b66000-74cd95b68000 r--p 00000000 103:02 9710860                   /usr/lib/x86_64-linux-gnu/libdatrie.so.1.4.0
74cd95b68000-74cd95b6c000 r-xp 00002000 103:02 9710860                   /usr/lib/x86_64-linux-gnu/libdatrie.so.1.4.0
74cd95b6c000-74cd95b6d000 r--p 00006000 103:02 9710860                   /usr/lib/x86_64-linux-gnu/libdatrie.so.1.4.0
74cd95b6d000-74cd95b6e000 r--p 00006000 103:02 9710860                   /usr/lib/x86_64-linux-gnu/libdatrie.so.1.4.0
74cd95b6e000-74cd95b6f000 rw-p 00007000 103:02 9710860                   /usr/lib/x86_64-linux-gnu/libdatrie.so.1.4.0
74cd95b6f000-74cd95b71000 r--p 00000000 103:02 9710677                   /usr/lib/x86_64-linux-gnu/libXdmcp.so.6.0.0
74cd95b71000-74cd95b73000 r-xp 00002000 103:02 9710677                   /usr/lib/x86_64-linux-gnu/libXdmcp.so.6.0.0
74cd95b73000-74cd95b75000 r--p 00004000 103:02 9710677                   /usr/lib/x86_64-linux-gnu/libXdmcp.so.6.0.0
74cd95b75000-74cd95b76000 r--p 00005000 103:02 9710677                   /usr/lib/x86_64-linux-gnu/libXdmcp.so.6.0.0
74cd95b76000-74cd95b77000 rw-p 00006000 103:02 9710677                   /usr/lib/x86_64-linux-gnu/libXdmcp.so.6.0.0
74cd95b77000-74cd95b78000 r--p 00000000 103:02 9710672                   /usr/lib/x86_64-linux-gnu/libXau.so.6.0.0
74cd95b78000-74cd95b7a000 r-xp 00001000 103:02 9710672                   /usr/lib/x86_64-linux-gnu/libXau.so.6.0.0
74cd95b7a000-74cd95b7b000 r--p 00003000 103:02 9710672                   /usr/lib/x86_64-linux-gnu/libXau.so.6.0.0
74cd95b7b000-74cd95b7c000 r--p 00003000 103:02 9710672                   /usr/lib/x86_64-linux-gnu/libXau.so.6.0.0
74cd95b7c000-74cd95b7d000 rw-p 00004000 103:02 9710672                   /usr/lib/x86_64-linux-gnu/libXau.so.6.0.0
74cd95b7d000-74cd95b7e000 r--p 00000000 103:02 9710817                   /usr/lib/x86_64-linux-gnu/libbrotlidec.so.1.1.0
74cd95b7e000-74cd95b86000 r-xp 00001000 103:02 9710817                   /usr/lib/x86_64-linux-gnu/libbrotlidec.so.1.1.0
74cd95b86000-74cd95b89000 r--p 00009000 103:02 9710817                   /usr/lib/x86_64-linux-gnu/libbrotlidec.so.1.1.0
74cd95b89000-74cd95b8a000 r--p 0000b000 103:02 9710817                   /usr/lib/x86_64-linux-gnu/libbrotlidec.so.1.1.0
74cd95b8a000-74cd95b8b000 rw-p 0000c000 103:02 9710817                   /usr/lib/x86_64-linux-gnu/libbrotlidec.so.1.1.0
74cd95b8b000-74cd95b8d000 r--p 00000000 103:02 9710821                   /usr/lib/x86_64-linux-gnu/libbz2.so.1.0.4
74cd95b8d000-74cd95b9b000 r-xp 00002000 103:02 9710821                   /usr/lib/x86_64-linux-gnu/libbz2.so.1.0.4
74cd95b9b000-74cd95b9d000 r--p 00010000 103:02 9710821                   /usr/lib/x86_64-linux-gnu/libbz2.so.1.0.4
74cd95b9d000-74cd95b9e000 r--p 00011000 103:02 9710821                   /usr/lib/x86_64-linux-gnu/libbz2.so.1.0.4
74cd95b9e000-74cd95b9f000 rw-p 00012000 103:02 9710821                   /usr/lib/x86_64-linux-gnu/libbz2.so.1.0.4
74cd95b9f000-74cd95ba7000 r--p 00000000 103:02 9711231                   /usr/lib/x86_64-linux-gnu/libpangoft2-1.0.so.0.5200.1
74cd95ba7000-74cd95bb4000 r-xp 00008000 103:02 9711231                   /usr/lib/x86_64-linux-gnu/libpangoft2-1.0.so.0.5200.1
74cd95bb4000-74cd95bb8000 r--p 00015000 103:02 9711231                   /usr/lib/x86_64-linux-gnu/libpangoft2-1.0.so.0.5200.1
74cd95bb8000-74cd95bb9000 r--p 00019000 103:02 9711231                   /usr/lib/x86_64-linux-gnu/libpangoft2-1.0.so.0.5200.1
74cd95bb9000-74cd95bba000 rw-p 0001a000 103:02 9711231                   /usr/lib/x86_64-linux-gnu/libpangoft2-1.0.so.0.5200.1
74cd95bba000-74cd95bc0000 r--p 00000000 103:02 9711314                   /usr/lib/x86_64-linux-gnu/libselinux.so.1
74cd95bc0000-74cd95bdd000 r-xp 00006000 103:02 9711314                   /usr/lib/x86_64-linux-gnu/libselinux.so.1
74cd95bdd000-74cd95be3000 r--p 00023000 103:02 9711314                   /usr/lib/x86_64-linux-gnu/libselinux.so.1
74cd95be3000-74cd95be4000 r--p 00029000 103:02 9711314                   /usr/lib/x86_64-linux-gnu/libselinux.so.1
74cd95be4000-74cd95be5000 rw-p 0002a000 103:02 9711314                   /usr/lib/x86_64-linux-gnu/libselinux.so.1
74cd95be5000-74cd95be7000 rw-p 00000000 00:00 0 
74cd95be7000-74cd95bf0000 r--p 00000000 103:02 9700739                   /usr/lib/x86_64-linux-gnu/libmount.so.1.1.0
74cd95bf0000-74cd95c24000 r-xp 00009000 103:02 9700739                   /usr/lib/x86_64-linux-gnu/libmount.so.1.1.0
74cd95c24000-74cd95c31000 r--p 0003d000 103:02 9700739                   /usr/lib/x86_64-linux-gnu/libmount.so.1.1.0
74cd95c31000-74cd95c33000 r--p 00049000 103:02 9700739                   /usr/lib/x86_64-linux-gnu/libmount.so.1.1.0
74cd95c33000-74cd95c34000 rw-p 0004b000 103:02 9700739                   /usr/lib/x86_64-linux-gnu/libmount.so.1.1.0
74cd95c34000-74cd95c38000 r--p 00000000 103:02 9721889                   /usr/lib/x86_64-linux-gnu/libexpat.so.1.9.1
74cd95c38000-74cd95c55000 r-xp 00004000 103:02 9721889                   /usr/lib/x86_64-linux-gnu/libexpat.so.1.9.1
74cd95c55000-74cd95c5d000 r--p 00021000 103:02 9721889                   /usr/lib/x86_64-linux-gnu/libexpat.so.1.9.1
74cd95c5d000-74cd95c5f000 r--p 00028000 103:02 9721889                   /usr/lib/x86_64-linux-gnu/libexpat.so.1.9.1
74cd95c5f000-74cd95c60000 rw-p 0002a000 103:02 9721889                   /usr/lib/x86_64-linux-gnu/libexpat.so.1.9.1
74cd95c60000-74cd95c6b000 r--p 00000000 103:02 9711050                   /usr/lib/x86_64-linux-gnu/libharfbuzz.so.0.60830.0
74cd95c6b000-74cd95d39000 r-xp 0000b000 103:02 9711050                   /usr/lib/x86_64-linux-gnu/libharfbuzz.so.0.60830.0
74cd95d39000-74cd95d6b000 r--p 000d9000 103:02 9711050                   /usr/lib/x86_64-linux-gnu/libharfbuzz.so.0.60830.0
74cd95d6b000-74cd95d6c000 r--p 0010b000 103:02 9711050                   /usr/lib/x86_64-linux-gnu/libharfbuzz.so.0.60830.0
74cd95d6c000-74cd95d6d000 rw-p 0010c000 103:02 9711050                   /usr/lib/x86_64-linux-gnu/libharfbuzz.so.0.60830.0
74cd95d6d000-74cd95d6f000 r--p 00000000 103:02 9711363                   /usr/lib/x86_64-linux-gnu/libthai.so.0.3.1
74cd95d6f000-74cd95d73000 r-xp 00002000 103:02 9711363                   /usr/lib/x86_64-linux-gnu/libthai.so.0.3.1
74cd95d73000-74cd95d76000 r--p 00006000 103:02 9711363                   /usr/lib/x86_64-linux-gnu/libthai.so.0.3.1
74cd95d76000-74cd95d77000 r--p 00008000 103:02 9711363                   /usr/lib/x86_64-linux-gnu/libthai.so.0.3.1
74cd95d77000-74cd95d78000 rw-p 00009000 103:02 9711363                   /usr/lib/x86_64-linux-gnu/libthai.so.0.3.1
74cd95d78000-74cd95d82000 r--p 00000000 103:02 9711252                   /usr/lib/x86_64-linux-gnu/libpixman-1.so.0.42.2
74cd95d82000-74cd95e0f000 r-xp 0000a000 103:02 9711252                   /usr/lib/x86_64-linux-gnu/libpixman-1.so.0.42.2
74cd95e0f000-74cd95e1e000 r--p 00097000 103:02 9711252                   /usr/lib/x86_64-linux-gnu/libpixman-1.so.0.42.2
74cd95e1e000-74cd95e26000 r--p 000a5000 103:02 9711252                   /usr/lib/x86_64-linux-gnu/libpixman-1.so.0.42.2
74cd95e26000-74cd95e27000 rw-p 000ad000 103:02 9711252                   /usr/lib/x86_64-linux-gnu/libpixman-1.so.0.42.2
74cd95e27000-74cd95e28000 r--p 00000000 103:02 9711461                   /usr/lib/x86_64-linux-gnu/libxcb-shm.so.0.0.0
74cd95e28000-74cd95e29000 r-xp 00001000 103:02 9711461                   /usr/lib/x86_64-linux-gnu/libxcb-shm.so.0.0.0
74cd95e29000-74cd95e2a000 r--p 00002000 103:02 9711461                   /usr/lib/x86_64-linux-gnu/libxcb-shm.so.0.0.0
74cd95e2a000-74cd95e2b000 r--p 00002000 103:02 9711461                   /usr/lib/x86_64-linux-gnu/libxcb-shm.so.0.0.0
74cd95e2b000-74cd95e2c000 rw-p 00003000 103:02 9711461                   /usr/lib/x86_64-linux-gnu/libxcb-shm.so.0.0.0
74cd95e2c000-74cd95e31000 r--p 00000000 103:02 9711458                   /usr/lib/x86_64-linux-gnu/libxcb-render.so.0.0.0
74cd95e31000-74cd95e36000 r-xp 00005000 103:02 9711458                   /usr/lib/x86_64-linux-gnu/libxcb-render.so.0.0.0
74cd95e36000-74cd95e39000 r--p 0000a000 103:02 9711458                   /usr/lib/x86_64-linux-gnu/libxcb-render.so.0.0.0
74cd95e39000-74cd95e3a000 r--p 0000c000 103:02 9711458                   /usr/lib/x86_64-linux-gnu/libxcb-render.so.0.0.0
74cd95e3a000-74cd95e3b000 rw-p 0000d000 103:02 9711458                   /usr/lib/x86_64-linux-gnu/libxcb-render.so.0.0.0
74cd95e3b000-74cd95e46000 r--p 00000000 103:02 9711467                   /usr/lib/x86_64-linux-gnu/libxcb.so.1.1.0
74cd95e46000-74cd95e59000 r-xp 0000b000 103:02 9711467                   /usr/lib/x86_64-linux-gnu/libxcb.so.1.1.0
74cd95e59000-74cd95e62000 r--p 0001e000 103:02 9711467                   /usr/lib/x86_64-linux-gnu/libxcb.so.1.1.0
74cd95e62000-74cd95e63000 r--p 00026000 103:02 9711467                   /usr/lib/x86_64-linux-gnu/libxcb.so.1.1.0
74cd95e63000-74cd95e64000 rw-p 00027000 103:02 9711467                   /usr/lib/x86_64-linux-gnu/libxcb.so.1.1.0
74cd95e64000-74cd95e66000 r--p 00000000 103:02 9710688                   /usr/lib/x86_64-linux-gnu/libXrender.so.1.3.0
74cd95e66000-74cd95e6d000 r-xp 00002000 103:02 9710688                   /usr/lib/x86_64-linux-gnu/libXrender.so.1.3.0
74cd95e6d000-74cd95e6e000 r--p 00009000 103:02 9710688                   /usr/lib/x86_64-linux-gnu/libXrender.so.1.3.0
74cd95e6e000-74cd95e6f000 r--p 00009000 103:02 9710688                   /usr/lib/x86_64-linux-gnu/libXrender.so.1.3.0
74cd95e6f000-74cd95e70000 rw-p 0000a000 103:02 9710688                   /usr/lib/x86_64-linux-gnu/libXrender.so.1.3.0
74cd95e70000-74cd95e7d000 r--p 00000000 103:02 9699666                   /usr/lib/x86_64-linux-gnu/libfreetype.so.6.20.1
74cd95e7d000-74cd95f0e000 r-xp 0000d000 103:02 9699666                   /usr/lib/x86_64-linux-gnu/libfreetype.so.6.20.1
74cd95f0e000-74cd95f34000 r--p 0009e000 103:02 9699666                   /usr/lib/x86_64-linux-gnu/libfreetype.so.6.20.1
74cd95f34000-74cd95f3b000 r--p 000c4000 103:02 9699666                   /usr/lib/x86_64-linux-gnu/libfreetype.so.6.20.1
74cd95f3b000-74cd95f3c000 rw-p 000cb000 103:02 9699666                   /usr/lib/x86_64-linux-gnu/libfreetype.so.6.20.1
74cd95f3c000-74cd95f3e000 r--p 00000000 103:02 9711243                   /usr/lib/x86_64-linux-gnu/libpcre2-8.so.0.11.2
74cd95f3e000-74cd95fac000 r-xp 00002000 103:02 9711243                   /usr/lib/x86_64-linux-gnu/libpcre2-8.so.0.11.2
74cd95fac000-74cd95fd4000 r--p 00070000 103:02 9711243                   /usr/lib/x86_64-linux-gnu/libpcre2-8.so.0.11.2
74cd95fd4000-74cd95fd5000 r--p 00097000 103:02 9711243                   /usr/lib/x86_64-linux-gnu/libpcre2-8.so.0.11.2
74cd95fd5000-74cd95fd6000 rw-p 00098000 103:02 9711243                   /usr/lib/x86_64-linux-gnu/libpcre2-8.so.0.11.2
74cd95fd6000-74cd95fd8000 r--p 00000000 103:02 9710927                   /usr/lib/x86_64-linux-gnu/libffi.so.8.1.4
74cd95fd8000-74cd95fdf000 r-xp 00002000 103:02 9710927                   /usr/lib/x86_64-linux-gnu/libffi.so.8.1.4
74cd95fdf000-74cd95fe0000 r--p 00009000 103:02 9710927                   /usr/lib/x86_64-linux-gnu/libffi.so.8.1.4
74cd95fe0000-74cd95fe1000 r--p 0000a000 103:02 9710927                   /usr/lib/x86_64-linux-gnu/libffi.so.8.1.4
74cd95fe1000-74cd95fe2000 rw-p 0000b000 103:02 9710927                   /usr/lib/x86_64-linux-gnu/libffi.so.8.1.4
74cd95fe2000-74cd95fe6000 r--p 00000000 103:02 9711100                   /usr/lib/x86_64-linux-gnu/libjpeg.so.8.2.2
74cd95fe6000-74cd96033000 r-xp 00004000 103:02 9711100                   /usr/lib/x86_64-linux-gnu/libjpeg.so.8.2.2
74cd96033000-74cd96063000 r--p 00051000 103:02 9711100                   /usr/lib/x86_64-linux-gnu/libjpeg.so.8.2.2
74cd96063000-74cd96064000 r--p 00081000 103:02 9711100                   /usr/lib/x86_64-linux-gnu/libjpeg.so.8.2.2
74cd96064000-74cd96065000 rw-p 00082000 103:02 9711100                   /usr/lib/x86_64-linux-gnu/libjpeg.so.8.2.2
74cd96065000-74cd9606a000 r--p 00000000 103:02 9717809                   /usr/lib/x86_64-linux-gnu/libpng16.so.16.43.0
74cd9606a000-74cd96092000 r-xp 00005000 103:02 9717809                   /usr/lib/x86_64-linux-gnu/libpng16.so.16.43.0
74cd96092000-74cd9609b000 r--p 0002d000 103:02 9717809                   /usr/lib/x86_64-linux-gnu/libpng16.so.16.43.0
74cd9609b000-74cd9609c000 r--p 00035000 103:02 9717809                   /usr/lib/x86_64-linux-gnu/libpng16.so.16.43.0
74cd9609c000-74cd9609d000 rw-p 00036000 103:02 9717809                   /usr/lib/x86_64-linux-gnu/libpng16.so.16.43.0
74cd9609d000-74cd9609f000 r--p 00000000 103:02 9711546                   /usr/lib/x86_64-linux-gnu/libgmodule-2.0.so.0.8000.0
74cd9609f000-74cd960a1000 r-xp 00002000 103:02 9711546                   /usr/lib/x86_64-linux-gnu/libgmodule-2.0.so.0.8000.0
74cd960a1000-74cd960a2000 r--p 00004000 103:02 9711546                   /usr/lib/x86_64-linux-gnu/libgmodule-2.0.so.0.8000.0
74cd960a2000-74cd960a3000 r--p 00004000 103:02 9711546                   /usr/lib/x86_64-linux-gnu/libgmodule-2.0.so.0.8000.0
74cd960a3000-74cd960a4000 rw-p 00005000 103:02 9711546                   /usr/lib/x86_64-linux-gnu/libgmodule-2.0.so.0.8000.0
74cd960a4000-74cd960a5000 r--p 00000000 103:02 9710683                   /usr/lib/x86_64-linux-gnu/libXinerama.so.1.0.0
74cd960a5000-74cd960a6000 r-xp 00001000 103:02 9710683                   /usr/lib/x86_64-linux-gnu/libXinerama.so.1.0.0
74cd960a6000-74cd960a7000 r--p 00002000 103:02 9710683                   /usr/lib/x86_64-linux-gnu/libXinerama.so.1.0.0
74cd960a7000-74cd960a8000 r--p 00002000 103:02 9710683                   /usr/lib/x86_64-linux-gnu/libXinerama.so.1.0.0
74cd960a8000-74cd960a9000 rw-p 00003000 103:02 9710683                   /usr/lib/x86_64-linux-gnu/libXinerama.so.1.0.0
74cd960a9000-74cd960c2000 r--p 00000000 103:02 9710670                   /usr/lib/x86_64-linux-gnu/libX11.so.6.4.0
74cd960c2000-74cd96152000 r-xp 00019000 103:02 9710670                   /usr/lib/x86_64-linux-gnu/libX11.so.6.4.0
74cd96152000-74cd961e1000 r--p 000a9000 103:02 9710670                   /usr/lib/x86_64-linux-gnu/libX11.so.6.4.0
74cd961e1000-74cd961e2000 r--p 00138000 103:02 9710670                   /usr/lib/x86_64-linux-gnu/libX11.so.6.4.0
74cd961e2000-74cd961e6000 rw-p 00139000 103:02 9710670                   /usr/lib/x86_64-linux-gnu/libX11.so.6.4.0
74cd961e6000-74cd961eb000 r--p 00000000 103:02 9711470                   /usr/lib/x86_64-linux-gnu/libxkbcommon.so.0.0.0
74cd961eb000-74cd9620b000 r-xp 00005000 103:02 9711470                   /usr/lib/x86_64-linux-gnu/libxkbcommon.so.0.0.0
74cd9620b000-74cd9622c000 r--p 00025000 103:02 9711470                   /usr/lib/x86_64-linux-gnu/libxkbcommon.so.0.0.0
74cd9622c000-74cd9622e000 r--p 00045000 103:02 9711470                   /usr/lib/x86_64-linux-gnu/libxkbcommon.so.0.0.0
74cd9622e000-74cd9622f000 rw-p 00047000 103:02 9711470                   /usr/lib/x86_64-linux-gnu/libxkbcommon.so.0.0.0
74cd9622f000-74cd96268000 r--p 00000000 103:02 9711357                   /usr/lib/x86_64-linux-gnu/libgio-2.0.so.0.8000.0
74cd96268000-74cd9637f000 r-xp 00039000 103:02 9711357                   /usr/lib/x86_64-linux-gnu/libgio-2.0.so.0.8000.0
74cd9637f000-74cd963f4000 r--p 00150000 103:02 9711357                   /usr/lib/x86_64-linux-gnu/libgio-2.0.so.0.8000.0
74cd963f4000-74cd963fc000 r--p 001c4000 103:02 9711357                   /usr/lib/x86_64-linux-gnu/libgio-2.0.so.0.8000.0
74cd963fc000-74cd963fd000 rw-p 001cc000 103:02 9711357                   /usr/lib/x86_64-linux-gnu/libgio-2.0.so.0.8000.0
74cd963fd000-74cd963ff000 rw-p 00000000 00:00 0 
74cd963ff000-74cd96407000 r--p 00000000 103:02 9710933                   /usr/lib/x86_64-linux-gnu/libfontconfig.so.1.12.1
74cd96407000-74cd96436000 r-xp 00008000 103:02 9710933                   /usr/lib/x86_64-linux-gnu/libfontconfig.so.1.12.1
74cd96436000-74cd9644d000 r--p 00037000 103:02 9710933                   /usr/lib/x86_64-linux-gnu/libfontconfig.so.1.12.1
74cd9644d000-74cd9644f000 r--p 0004d000 103:02 9710933                   /usr/lib/x86_64-linux-gnu/libfontconfig.so.1.12.1
74cd9644f000-74cd96450000 rw-p 0004f000 103:02 9710933                   /usr/lib/x86_64-linux-gnu/libfontconfig.so.1.12.1
74cd96450000-74cd964b0000 r--p 00000000 103:02 9710912                   /usr/lib/x86_64-linux-gnu/libepoxy.so.0.0.0
74cd964b0000-74cd96516000 r-xp 00060000 103:02 9710912                   /usr/lib/x86_64-linux-gnu/libepoxy.so.0.0.0
74cd96516000-74cd96564000 r--p 000c6000 103:02 9710912                   /usr/lib/x86_64-linux-gnu/libepoxy.so.0.0.0
74cd96564000-74cd9656c000 r--p 00113000 103:02 9710912                   /usr/lib/x86_64-linux-gnu/libepoxy.so.0.0.0
74cd9656c000-74cd96573000 rw-p 0011b000 103:02 9710912                   /usr/lib/x86_64-linux-gnu/libepoxy.so.0.0.0
74cd96573000-74cd96587000 r--p 00000000 103:02 9710828                   /usr/lib/x86_64-linux-gnu/libcairo.so.2.11800.0
74cd96587000-74cd96678000 r-xp 00014000 103:02 9710828                   /usr/lib/x86_64-linux-gnu/libcairo.so.2.11800.0
74cd96678000-74cd966b0000 r--p 00105000 103:02 9710828                   /usr/lib/x86_64-linux-gnu/libcairo.so.2.11800.0
74cd966b0000-74cd966b4000 r--p 0013d000 103:02 9710828                   /usr/lib/x86_64-linux-gnu/libcairo.so.2.11800.0
74cd966b4000-74cd966b6000 rw-p 00141000 103:02 9710828                   /usr/lib/x86_64-linux-gnu/libcairo.so.2.11800.0
74cd966b6000-74cd966b7000 rw-p 00000000 00:00 0 
74cd966b7000-74cd966d5000 r--p 00000000 103:02 9711437                   /usr/lib/x86_64-linux-gnu/libglib-2.0.so.0.8000.0
74cd966d5000-74cd96775000 r-xp 0001e000 103:02 9711437                   /usr/lib/x86_64-linux-gnu/libglib-2.0.so.0.8000.0
74cd96775000-74cd967fd000 r--p 000be000 103:02 9711437                   /usr/lib/x86_64-linux-gnu/libglib-2.0.so.0.8000.0
74cd967fd000-74cd967fe000 r--p 00146000 103:02 9711437                   /usr/lib/x86_64-linux-gnu/libglib-2.0.so.0.8000.0
74cd967fe000-74cd967ff000 rw-p 00147000 103:02 9711437                   /usr/lib/x86_64-linux-gnu/libglib-2.0.so.0.8000.0
74cd967ff000-74cd96800000 rw-p 00000000 00:00 0 
74cd96800000-74cd96810000 r-xp 00000000 103:02 27308132                  /home/romaric/TOS_BD-20211109_1610-V8.0.1/plugins/org.eclipse.equinox.launcher.gtk.linux.x86_64_1.2.200.v20210429-1609/eclipse_11401.so
74cd96810000-74cd96a0f000 ---p 00010000 103:02 27308132                  /home/romaric/TOS_BD-20211109_1610-V8.0.1/plugins/org.eclipse.equinox.launcher.gtk.linux.x86_64_1.2.200.v20210429-1609/eclipse_11401.so
74cd96a0f000-74cd96a10000 r--p 0000f000 103:02 27308132                  /home/romaric/TOS_BD-20211109_1610-V8.0.1/plugins/org.eclipse.equinox.launcher.gtk.linux.x86_64_1.2.200.v20210429-1609/eclipse_11401.so
74cd96a10000-74cd96a11000 rw-p 00010000 103:02 27308132                  /home/romaric/TOS_BD-20211109_1610-V8.0.1/plugins/org.eclipse.equinox.launcher.gtk.linux.x86_64_1.2.200.v20210429-1609/eclipse_11401.so
74cd96a11000-74cd96a13000 r--p 00000000 103:02 9710687                   /usr/lib/x86_64-linux-gnu/libXrandr.so.2.2.0
74cd96a13000-74cd96a1a000 r-xp 00002000 103:02 9710687                   /usr/lib/x86_64-linux-gnu/libXrandr.so.2.2.0
74cd96a1a000-74cd96a1c000 r--p 00009000 103:02 9710687                   /usr/lib/x86_64-linux-gnu/libXrandr.so.2.2.0
74cd96a1c000-74cd96a1d000 r--p 0000a000 103:02 9710687                   /usr/lib/x86_64-linux-gnu/libXrandr.so.2.2.0
74cd96a1d000-74cd96a1e000 rw-p 0000b000 103:02 9710687                   /usr/lib/x86_64-linux-gnu/libXrandr.so.2.2.0
74cd96a1e000-74cd96a1f000 r--p 00000000 103:02 9710674                   /usr/lib/x86_64-linux-gnu/libXcomposite.so.1.0.0
74cd96a1f000-74cd96a20000 r-xp 00001000 103:02 9710674                   /usr/lib/x86_64-linux-gnu/libXcomposite.so.1.0.0
74cd96a20000-74cd96a21000 r--p 00002000 103:02 9710674                   /usr/lib/x86_64-linux-gnu/libXcomposite.so.1.0.0
74cd96a21000-74cd96a22000 r--p 00002000 103:02 9710674                   /usr/lib/x86_64-linux-gnu/libXcomposite.so.1.0.0
74cd96a22000-74cd96a23000 rw-p 00003000 103:02 9710674                   /usr/lib/x86_64-linux-gnu/libXcomposite.so.1.0.0
74cd96a23000-74cd96a27000 r--p 00000000 103:02 9710678                   /usr/lib/x86_64-linux-gnu/libXext.so.6.4.0
74cd96a27000-74cd96a32000 r-xp 00004000 103:02 9710678                   /usr/lib/x86_64-linux-gnu/libXext.so.6.4.0
74cd96a32000-74cd96a35000 r--p 0000f000 103:02 9710678                   /usr/lib/x86_64-linux-gnu/libXext.so.6.4.0
74cd96a35000-74cd96a36000 r--p 00011000 103:02 9710678                   /usr/lib/x86_64-linux-gnu/libXext.so.6.4.0
74cd96a36000-74cd96a37000 rw-p 00012000 103:02 9710678                   /usr/lib/x86_64-linux-gnu/libXext.so.6.4.0
74cd96a37000-74cd96a4a000 r--p 00000000 103:02 9711229                   /usr/lib/x86_64-linux-gnu/libpango-1.0.so.0.5200.1
74cd96a4a000-74cd96a83000 r-xp 00013000 103:02 9711229                   /usr/lib/x86_64-linux-gnu/libpango-1.0.so.0.5200.1
74cd96a83000-74cd96a9d000 r--p 0004c000 103:02 9711229                   /usr/lib/x86_64-linux-gnu/libpango-1.0.so.0.5200.1
74cd96a9d000-74cd96aa1000 r--p 00065000 103:02 9711229                   /usr/lib/x86_64-linux-gnu/libpango-1.0.so.0.5200.1
74cd96aa1000-74cd96aa2000 rw-p 00069000 103:02 9711229                   /usr/lib/x86_64-linux-gnu/libpango-1.0.so.0.5200.1
74cd96aa2000-74cd96ab1000 r--p 00000000 103:02 9712248                   /usr/lib/x86_64-linux-gnu/libgobject-2.0.so.0.8000.0
74cd96ab1000-74cd96ae8000 r-xp 0000f000 103:02 9712248                   /usr/lib/x86_64-linux-gnu/libgobject-2.0.so.0.8000.0
74cd96ae8000-74cd96b01000 r--p 00046000 103:02 9712248                   /usr/lib/x86_64-linux-gnu/libgobject-2.0.so.0.8000.0
74cd96b01000-74cd96b04000 r--p 0005e000 103:02 9712248                   /usr/lib/x86_64-linux-gnu/libgobject-2.0.so.0.8000.0
74cd96b04000-74cd96b05000 rw-p 00061000 103:02 9712248                   /usr/lib/x86_64-linux-gnu/libgobject-2.0.so.0.8000.0
74cd96b05000-74cd96b2f000 r--p 00000000 103:02 9710967                   /usr/lib/x86_64-linux-gnu/libgdk-3.so.0.2409.32
74cd96b2f000-74cd96bb3000 r-xp 0002a000 103:02 9710967                   /usr/lib/x86_64-linux-gnu/libgdk-3.so.0.2409.32
74cd96bb3000-74cd96bf5000 r--p 000ae000 103:02 9710967                   /usr/lib/x86_64-linux-gnu/libgdk-3.so.0.2409.32
74cd96bf5000-74cd96bfe000 r--p 000ef000 103:02 9710967                   /usr/lib/x86_64-linux-gnu/libgdk-3.so.0.2409.32
74cd96bfe000-74cd96c00000 rw-p 000f8000 103:02 9710967                   /usr/lib/x86_64-linux-gnu/libgdk-3.so.0.2409.32
74cd96c00000-74cd96c04000 ---p 00000000 00:00 0 
74cd96c04000-74cd96d00000 rw-p 00000000 00:00 0 
74cd96d00000-74cd96d04000 ---p 00000000 00:00 0 
74cd96d04000-74cd96e00000 rw-p 00000000 00:00 0 
74cd96e00000-74cd96e04000 ---p 00000000 00:00 0 
74cd96e04000-74cd96f00000 rw-p 00000000 00:00 0 
74cd96f00000-74cd96f04000 ---p 00000000 00:00 0 
74cd96f04000-74cd97000000 rw-p 00000000 00:00 0 
74cd97000000-74cd97004000 ---p 00000000 00:00 0 
74cd97004000-74cd97100000 rw-p 00000000 00:00 0 
74cd97100000-74cd97104000 ---p 00000000 00:00 0 
74cd97104000-74cd97200000 rw-p 00000000 00:00 0 
74cd97200000-74cd97204000 ---p 00000000 00:00 0 
74cd97204000-74cd97300000 rw-p 00000000 00:00 0 
74cd97300000-74cd97304000 ---p 00000000 00:00 0 
74cd97304000-74cd97400000 rw-p 00000000 00:00 0 
74cd97400000-74cd97bf2000 r--p 00000000 103:02 9699834                   /usr/lib/locale/locale-archive
74cd97bf2000-74cd97bf3000 rw-s 00000000 00:01 26372                      /memfd:gdk-wayland (deleted)
74cd97bf3000-74cd97bf4000 rw-s 00000000 00:01 26371                      /memfd:gdk-wayland (deleted)
74cd97bf4000-74cd97bf5000 rw-s 00000000 00:01 26370                      /memfd:gdk-wayland (deleted)
74cd97bf5000-74cd97bf7000 r--p 00000000 103:02 9710679                   /usr/lib/x86_64-linux-gnu/libXfixes.so.3.1.0
74cd97bf7000-74cd97bfa000 r-xp 00002000 103:02 9710679                   /usr/lib/x86_64-linux-gnu/libXfixes.so.3.1.0
74cd97bfa000-74cd97bfb000 r--p 00005000 103:02 9710679                   /usr/lib/x86_64-linux-gnu/libXfixes.so.3.1.0
74cd97bfb000-74cd97bfc000 r--p 00005000 103:02 9710679                   /usr/lib/x86_64-linux-gnu/libXfixes.so.3.1.0
74cd97bfc000-74cd97bfd000 rw-p 00006000 103:02 9710679                   /usr/lib/x86_64-linux-gnu/libXfixes.so.3.1.0
74cd97bfd000-74cd97c01000 ---p 00000000 00:00 0 
74cd97c01000-74cd97cfd000 rw-p 00000000 00:00 0 
74cd97cfd000-74cd97cfe000 ---p 00000000 00:00 0 
74cd97cfe000-74cd97dfe000 rw-p 00000000 00:00 0 
74cd97dfe000-74cd97dff000 ---p 00000000 00:00 0 
74cd97dff000-74cd97eff000 rw-p 00000000 00:00 0 
74cd97eff000-74cd97f00000 ---p 00000000 00:00 0 
74cd97f00000-74cd98000000 rw-p 00000000 00:00 0 
74cd98000000-74cd98021000 rw-p 00000000 00:00 0 
74cd98021000-74cd9c000000 ---p 00000000 00:00 0 
74cd9c000000-74cd9c158000 rw-p 00000000 00:00 0 
74cd9c158000-74cda0000000 ---p 00000000 00:00 0 
74cda0000000-74cda0037000 rw-p 00000000 00:00 0 
74cda0037000-74cda4000000 ---p 00000000 00:00 0 
74cda4000000-74cda4001000 r--p 00000000 103:02 9710676                   /usr/lib/x86_64-linux-gnu/libXdamage.so.1.1.0
74cda4001000-74cda4002000 r-xp 00001000 103:02 9710676                   /usr/lib/x86_64-linux-gnu/libXdamage.so.1.1.0
74cda4002000-74cda4003000 r--p 00002000 103:02 9710676                   /usr/lib/x86_64-linux-gnu/libXdamage.so.1.1.0
74cda4003000-74cda4004000 r--p 00002000 103:02 9710676                   /usr/lib/x86_64-linux-gnu/libXdamage.so.1.1.0
74cda4004000-74cda4005000 rw-p 00003000 103:02 9710676                   /usr/lib/x86_64-linux-gnu/libXdamage.so.1.1.0
74cda4005000-74cda4007000 r--p 00000000 103:02 9710675                   /usr/lib/x86_64-linux-gnu/libXcursor.so.1.0.2
74cda4007000-74cda400d000 r-xp 00002000 103:02 9710675                   /usr/lib/x86_64-linux-gnu/libXcursor.so.1.0.2
74cda400d000-74cda400f000 r--p 00008000 103:02 9710675                   /usr/lib/x86_64-linux-gnu/libXcursor.so.1.0.2
74cda400f000-74cda4010000 r--p 00009000 103:02 9710675                   /usr/lib/x86_64-linux-gnu/libXcursor.so.1.0.2
74cda4010000-74cda4011000 rw-p 0000a000 103:02 9710675                   /usr/lib/x86_64-linux-gnu/libXcursor.so.1.0.2
74cda4011000-74cda4014000 r--p 00000000 103:02 9710682                   /usr/lib/x86_64-linux-gnu/libXi.so.6.1.0
74cda4014000-74cda4020000 r-xp 00003000 103:02 9710682                   /usr/lib/x86_64-linux-gnu/libXi.so.6.1.0
74cda4020000-74cda4022000 r--p 0000f000 103:02 9710682                   /usr/lib/x86_64-linux-gnu/libXi.so.6.1.0
74cda4022000-74cda4023000 r--p 00011000 103:02 9710682                   /usr/lib/x86_64-linux-gnu/libXi.so.6.1.0
74cda4023000-74cda4024000 rw-p 00012000 103:02 9710682                   /usr/lib/x86_64-linux-gnu/libXi.so.6.1.0
74cda4024000-74cda4029000 r--p 00000000 103:02 10096564                  /usr/lib/jvm/java-21-openjdk-amd64/lib/libjsvml.so
74cda4029000-74cda406a000 r-xp 00005000 103:02 10096564                  /usr/lib/jvm/java-21-openjdk-amd64/lib/libjsvml.so
74cda406a000-74cda40f3000 r--p 00046000 103:02 10096564                  /usr/lib/jvm/java-21-openjdk-amd64/lib/libjsvml.so
74cda40f3000-74cda40f4000 r--p 000ce000 103:02 10096564                  /usr/lib/jvm/java-21-openjdk-amd64/lib/libjsvml.so
74cda40f4000-74cda40f5000 rw-p 000cf000 103:02 10096564                  /usr/lib/jvm/java-21-openjdk-amd64/lib/libjsvml.so
74cda40f5000-74cda40f6000 ---p 00000000 00:00 0 
74cda40f6000-74cda41f6000 rw-p 00000000 00:00 0 
74cda41f6000-74cda7820000 rw-p 00000000 00:00 0 
74cda7820000-74cda8360000 ---p 00000000 00:00 0 
74cda8360000-74cda8400000 rw-p 00000000 00:00 0 
74cda8400000-74cda8404000 ---p 00000000 00:00 0 
74cda8404000-74cda8500000 rw-p 00000000 00:00 0 
74cda8500000-74cda8684000 rw-p 00000000 00:00 0 
74cda8684000-74cda87ec000 ---p 00000000 00:00 0 
74cda87ec000-74cda8800000 rw-p 00000000 00:00 0 
74cda8800000-74cdac1d0000 rwxp 00000000 00:00 0 
74cdac1d0000-74cdafd37000 ---p 00000000 00:00 0 
74cdafd37000-74cdaffa7000 rwxp 00000000 00:00 0 
74cdaffa7000-74cdb02c9000 ---p 00000000 00:00 0 
74cdb02c9000-74cdb1959000 rwxp 00000000 00:00 0 
74cdb1959000-74cdb7800000 ---p 00000000 00:00 0 
74cdb7800000-74cdbfe3e000 r--s 00000000 103:02 10096590                  /usr/lib/jvm/java-21-openjdk-amd64/lib/modules
74cdbfe3e000-74cdbfe3f000 r--s 00000000 103:02 27807125                  /home/romaric/TOS_BD-20211109_1610-V8.0.1/workspace/.metadata/.plugins/org.eclipse.m2e.core/nexus/830bc118332e77292949ed1e6d2fabe0/_21.cfs
74cdbfe3f000-74cdbfe40000 r--s 00000000 103:02 27807121                  /home/romaric/TOS_BD-20211109_1610-V8.0.1/workspace/.metadata/.plugins/org.eclipse.m2e.core/nexus/830bc118332e77292949ed1e6d2fabe0/_20.cfs
74cdbfe40000-74cdbfe45000 r--p 00000000 103:02 9711425                   /usr/lib/x86_64-linux-gnu/libwayland-client.so.0.22.0
74cdbfe45000-74cdbfe4b000 r-xp 00005000 103:02 9711425                   /usr/lib/x86_64-linux-gnu/libwayland-client.so.0.22.0
74cdbfe4b000-74cdbfe4d000 r--p 0000b000 103:02 9711425                   /usr/lib/x86_64-linux-gnu/libwayland-client.so.0.22.0
74cdbfe4d000-74cdbfe4f000 r--p 0000d000 103:02 9711425                   /usr/lib/x86_64-linux-gnu/libwayland-client.so.0.22.0
74cdbfe4f000-74cdbfe50000 rw-p 0000f000 103:02 9711425                   /usr/lib/x86_64-linux-gnu/libwayland-client.so.0.22.0
74cdbfe50000-74cdbfe58000 r--p 00000000 103:02 9750697                   /usr/lib/x86_64-linux-gnu/libgdk_pixbuf-2.0.so.0.4200.10
74cdbfe58000-74cdbfe73000 r-xp 00008000 103:02 9750697                   /usr/lib/x86_64-linux-gnu/libgdk_pixbuf-2.0.so.0.4200.10
74cdbfe73000-74cdbfe7c000 r--p 00023000 103:02 9750697                   /usr/lib/x86_64-linux-gnu/libgdk_pixbuf-2.0.so.0.4200.10
74cdbfe7c000-74cdbfe7d000 r--p 0002c000 103:02 9750697                   /usr/lib/x86_64-linux-gnu/libgdk_pixbuf-2.0.so.0.4200.10
74cdbfe7d000-74cdbfe7e000 rw-p 0002d000 103:02 9750697                   /usr/lib/x86_64-linux-gnu/libgdk_pixbuf-2.0.so.0.4200.10
74cdbfe7e000-74cdbfeff000 rw-p 00000000 00:00 0 
74cdbfeff000-74cdbff00000 ---p 00000000 00:00 0 
74cdbff00000-74cdc0000000 rw-p 00000000 00:00 0 
74cdc0000000-74cdc3ffd000 rw-p 00000000 00:00 0 
74cdc3ffd000-74cdc4000000 ---p 00000000 00:00 0 
74cdc4000000-74cdc4001000 r--s 00000000 103:02 27807117                  /home/romaric/TOS_BD-20211109_1610-V8.0.1/workspace/.metadata/.plugins/org.eclipse.m2e.core/nexus/830bc118332e77292949ed1e6d2fabe0/_1z.cfs
74cdc4001000-74cdc4003000 r--p 00000000 103:02 9859108                   /usr/share/icons/Yaru-purple/icon-theme.cache
74cdc4003000-74cdc4005000 r--p 00000000 103:02 9711426                   /usr/lib/x86_64-linux-gnu/libwayland-cursor.so.0.22.0
74cdc4005000-74cdc4007000 r-xp 00002000 103:02 9711426                   /usr/lib/x86_64-linux-gnu/libwayland-cursor.so.0.22.0
74cdc4007000-74cdc4008000 r--p 00004000 103:02 9711426                   /usr/lib/x86_64-linux-gnu/libwayland-cursor.so.0.22.0
74cdc4008000-74cdc4009000 r--p 00004000 103:02 9711426                   /usr/lib/x86_64-linux-gnu/libwayland-cursor.so.0.22.0
74cdc4009000-74cdc400d000 rw-p 00005000 103:02 9711426                   /usr/lib/x86_64-linux-gnu/libwayland-cursor.so.0.22.0
74cdc400d000-74cdc4012000 r--p 00000000 103:02 9711230                   /usr/lib/x86_64-linux-gnu/libpangocairo-1.0.so.0.5200.1
74cdc4012000-74cdc401a000 r-xp 00005000 103:02 9711230                   /usr/lib/x86_64-linux-gnu/libpangocairo-1.0.so.0.5200.1
74cdc401a000-74cdc401c000 r--p 0000d000 103:02 9711230                   /usr/lib/x86_64-linux-gnu/libpangocairo-1.0.so.0.5200.1
74cdc401c000-74cdc401d000 r--p 0000f000 103:02 9711230                   /usr/lib/x86_64-linux-gnu/libpangocairo-1.0.so.0.5200.1
74cdc401d000-74cdc401e000 rw-p 00010000 103:02 9711230                   /usr/lib/x86_64-linux-gnu/libpangocairo-1.0.so.0.5200.1
74cdc401e000-74cdc401f000 ---p 00000000 00:00 0 
74cdc401f000-74cdc411f000 rw-p 00000000 00:00 0 
74cdc411f000-74cdc4120000 ---p 00000000 00:00 0 
74cdc4120000-74cdc4220000 rw-p 00000000 00:00 0 
74cdc4220000-74cdc43a4000 rw-p 00000000 00:00 0 
74cdc43a4000-74cdc450c000 ---p 00000000 00:00 0 
74cdc450c000-74cdc4f58000 rw-p 00000000 00:00 0 
74cdc4f58000-74cdc5015000 ---p 00000000 00:00 0 
74cdc5015000-74cdc5089000 rw-p 00000000 00:00 0 
74cdc5089000-74cdc5100000 ---p 00000000 00:00 0 
74cdc5100000-74cdc5104000 ---p 00000000 00:00 0 
74cdc5104000-74cdc5200000 rw-p 00000000 00:00 0 
74cdc5200000-74cdc529d000 r--p 00000000 103:02 9717818                   /usr/lib/x86_64-linux-gnu/libstdc++.so.6.0.33
74cdc529d000-74cdc53e5000 r-xp 0009d000 103:02 9717818                   /usr/lib/x86_64-linux-gnu/libstdc++.so.6.0.33
74cdc53e5000-74cdc546c000 r--p 001e5000 103:02 9717818                   /usr/lib/x86_64-linux-gnu/libstdc++.so.6.0.33
74cdc546c000-74cdc5477000 r--p 0026b000 103:02 9717818                   /usr/lib/x86_64-linux-gnu/libstdc++.so.6.0.33
74cdc5477000-74cdc547a000 rw-p 00276000 103:02 9717818                   /usr/lib/x86_64-linux-gnu/libstdc++.so.6.0.33
74cdc547a000-74cdc547e000 rw-p 00000000 00:00 0 
74cdc547e000-74cdc547f000 r--s 00000000 103:02 27807113                  /home/romaric/TOS_BD-20211109_1610-V8.0.1/workspace/.metadata/.plugins/org.eclipse.m2e.core/nexus/830bc118332e77292949ed1e6d2fabe0/_1y.cfs
74cdc547f000-74cdc5483000 r--p 00000000 103:02 9710826                   /usr/lib/x86_64-linux-gnu/libcairo-gobject.so.2.11800.0
74cdc5483000-74cdc5485000 r-xp 00004000 103:02 9710826                   /usr/lib/x86_64-linux-gnu/libcairo-gobject.so.2.11800.0
74cdc5485000-74cdc5488000 r--p 00006000 103:02 9710826                   /usr/lib/x86_64-linux-gnu/libcairo-gobject.so.2.11800.0
74cdc5488000-74cdc548a000 r--p 00008000 103:02 9710826                   /usr/lib/x86_64-linux-gnu/libcairo-gobject.so.2.11800.0
74cdc548a000-74cdc548b000 rw-p 0000a000 103:02 9710826                   /usr/lib/x86_64-linux-gnu/libcairo-gobject.so.2.11800.0
74cdc548b000-74cdc548d000 r--p 00000000 103:02 9710947                   /usr/lib/x86_64-linux-gnu/libfribidi.so.0.4.0
74cdc548d000-74cdc5491000 r-xp 00002000 103:02 9710947                   /usr/lib/x86_64-linux-gnu/libfribidi.so.0.4.0
74cdc5491000-74cdc54a7000 r--p 00006000 103:02 9710947                   /usr/lib/x86_64-linux-gnu/libfribidi.so.0.4.0
74cdc54a7000-74cdc54a8000 r--p 0001c000 103:02 9710947                   /usr/lib/x86_64-linux-gnu/libfribidi.so.0.4.0
74cdc54a8000-74cdc54a9000 rw-p 0001d000 103:02 9710947                   /usr/lib/x86_64-linux-gnu/libfribidi.so.0.4.0
74cdc54a9000-74cdc54aa000 r--s 00000000 103:02 27807106                  /home/romaric/TOS_BD-20211109_1610-V8.0.1/workspace/.metadata/.plugins/org.eclipse.m2e.core/nexus/830bc118332e77292949ed1e6d2fabe0/_1x.cfs
74cdc54aa000-74cdc54ad000 r--s 00000000 103:02 18881448                  /var/cache/fontconfig/16326683038b281783a0ef8c680e3a10-le64.cache-9
74cdc54ad000-74cdc54b1000 r--p 00000000 103:02 9710217                   /usr/lib/x86_64-linux-gnu/gio/modules/libdconfsettings.so
74cdc54b1000-74cdc54b8000 r-xp 00004000 103:02 9710217                   /usr/lib/x86_64-linux-gnu/gio/modules/libdconfsettings.so
74cdc54b8000-74cdc54ba000 r--p 0000b000 103:02 9710217                   /usr/lib/x86_64-linux-gnu/gio/modules/libdconfsettings.so
74cdc54ba000-74cdc54bb000 r--p 0000d000 103:02 9710217                   /usr/lib/x86_64-linux-gnu/gio/modules/libdconfsettings.so
74cdc54bb000-74cdc54bc000 rw-p 0000e000 103:02 9710217                   /usr/lib/x86_64-linux-gnu/gio/modules/libdconfsettings.so
74cdc54bc000-74cdc5517000 rw-p 00000000 00:00 0 
74cdc5517000-74cdc5527000 r--p 00000000 103:02 9728012                   /usr/lib/x86_64-linux-gnu/libm.so.6
74cdc5527000-74cdc55a6000 r-xp 00010000 103:02 9728012                   /usr/lib/x86_64-linux-gnu/libm.so.6
74cdc55a6000-74cdc55fe000 r--p 0008f000 103:02 9728012                   /usr/lib/x86_64-linux-gnu/libm.so.6
74cdc55fe000-74cdc55ff000 r--p 000e7000 103:02 9728012                   /usr/lib/x86_64-linux-gnu/libm.so.6
74cdc55ff000-74cdc5600000 rw-p 000e8000 103:02 9728012                   /usr/lib/x86_64-linux-gnu/libm.so.6
74cdc5600000-74cdc58a2000 r--p 00000000 103:02 10096596                  /usr/lib/jvm/java-21-openjdk-amd64/lib/server/libjvm.so
74cdc58a2000-74cdc6718000 r-xp 002a2000 103:02 10096596                  /usr/lib/jvm/java-21-openjdk-amd64/lib/server/libjvm.so
74cdc6718000-74cdc69f2000 r--p 01118000 103:02 10096596                  /usr/lib/jvm/java-21-openjdk-amd64/lib/server/libjvm.so
74cdc69f2000-74cdc6ac6000 r--p 013f1000 103:02 10096596                  /usr/lib/jvm/java-21-openjdk-amd64/lib/server/libjvm.so
74cdc6ac6000-74cdc6af6000 rw-p 014c5000 103:02 10096596                  /usr/lib/jvm/java-21-openjdk-amd64/lib/server/libjvm.so
74cdc6af6000-74cdc6b5c000 rw-p 00000000 00:00 0 
74cdc6b5c000-74cdc6b5d000 r--p 00000000 103:02 10487583                  /usr/share/locale-langpack/en/LC_MESSAGES/gnome-control-center-2.0.mo
74cdc6b5d000-74cdc6b5e000 r--p 00000000 103:02 9711427                   /usr/lib/x86_64-linux-gnu/libwayland-egl.so.1.22.0
74cdc6b5e000-74cdc6b5f000 r-xp 00001000 103:02 9711427                   /usr/lib/x86_64-linux-gnu/libwayland-egl.so.1.22.0
74cdc6b5f000-74cdc6b60000 r--p 00002000 103:02 9711427                   /usr/lib/x86_64-linux-gnu/libwayland-egl.so.1.22.0
74cdc6b60000-74cdc6b61000 r--p 00002000 103:02 9711427                   /usr/lib/x86_64-linux-gnu/libwayland-egl.so.1.22.0
74cdc6b61000-74cdc6b62000 rw-p 00003000 103:02 9711427                   /usr/lib/x86_64-linux-gnu/libwayland-egl.so.1.22.0
74cdc6b62000-74cdc6b63000 r--p 00000000 103:02 9728011                   /usr/lib/x86_64-linux-gnu/libdl.so.2
74cdc6b63000-74cdc6b64000 r-xp 00001000 103:02 9728011                   /usr/lib/x86_64-linux-gnu/libdl.so.2
74cdc6b64000-74cdc6b65000 r--p 00002000 103:02 9728011                   /usr/lib/x86_64-linux-gnu/libdl.so.2
74cdc6b65000-74cdc6b66000 r--p 00002000 103:02 9728011                   /usr/lib/x86_64-linux-gnu/libdl.so.2
74cdc6b66000-74cdc6b67000 rw-p 00003000 103:02 9728011                   /usr/lib/x86_64-linux-gnu/libdl.so.2
74cdc6b67000-74cdc6b68000 r--p 00000000 103:02 9728079                   /usr/lib/x86_64-linux-gnu/libpthread.so.0
74cdc6b68000-74cdc6b69000 r-xp 00001000 103:02 9728079                   /usr/lib/x86_64-linux-gnu/libpthread.so.0
74cdc6b69000-74cdc6b6a000 r--p 00002000 103:02 9728079                   /usr/lib/x86_64-linux-gnu/libpthread.so.0
74cdc6b6a000-74cdc6b6b000 r--p 00002000 103:02 9728079                   /usr/lib/x86_64-linux-gnu/libpthread.so.0
74cdc6b6b000-74cdc6b6c000 rw-p 00003000 103:02 9728079                   /usr/lib/x86_64-linux-gnu/libpthread.so.0
74cdc6b6c000-74cdc6b6e000 r--p 00000000 103:02 10096589                  /usr/lib/jvm/java-21-openjdk-amd64/lib/libzip.so
74cdc6b6e000-74cdc6b73000 r-xp 00002000 103:02 10096589                  /usr/lib/jvm/java-21-openjdk-amd64/lib/libzip.so
74cdc6b73000-74cdc6b75000 r--p 00007000 103:02 10096589                  /usr/lib/jvm/java-21-openjdk-amd64/lib/libzip.so
74cdc6b75000-74cdc6b76000 r--p 00008000 103:02 10096589                  /usr/lib/jvm/java-21-openjdk-amd64/lib/libzip.so
74cdc6b76000-74cdc6b77000 rw-p 00009000 103:02 10096589                  /usr/lib/jvm/java-21-openjdk-amd64/lib/libzip.so
74cdc6b77000-74cdc6b7a000 r--p 00000000 103:02 10096579                  /usr/lib/jvm/java-21-openjdk-amd64/lib/libnet.so
74cdc6b7a000-74cdc6b82000 r-xp 00003000 103:02 10096579                  /usr/lib/jvm/java-21-openjdk-amd64/lib/libnet.so
74cdc6b82000-74cdc6b84000 r--p 0000b000 103:02 10096579                  /usr/lib/jvm/java-21-openjdk-amd64/lib/libnet.so
74cdc6b84000-74cdc6b85000 r--p 0000c000 103:02 10096579                  /usr/lib/jvm/java-21-openjdk-amd64/lib/libnet.so
74cdc6b85000-74cdc6b86000 rw-p 0000d000 103:02 10096579                  /usr/lib/jvm/java-21-openjdk-amd64/lib/libnet.so
74cdc6b86000-74cdc6b8d000 r--p 00000000 103:02 10096581                  /usr/lib/jvm/java-21-openjdk-amd64/lib/libnio.so
74cdc6b8d000-74cdc6b96000 r-xp 00007000 103:02 10096581                  /usr/lib/jvm/java-21-openjdk-amd64/lib/libnio.so
74cdc6b96000-74cdc6b9a000 r--p 00010000 103:02 10096581                  /usr/lib/jvm/java-21-openjdk-amd64/lib/libnio.so
74cdc6b9a000-74cdc6b9b000 r--p 00014000 103:02 10096581                  /usr/lib/jvm/java-21-openjdk-amd64/lib/libnio.so
74cdc6b9b000-74cdc6b9c000 rw-p 00015000 103:02 10096581                  /usr/lib/jvm/java-21-openjdk-amd64/lib/libnio.so
74cdc6b9c000-74cdc6c00000 rw-p 00000000 00:00 0 
74cdc6c00000-74cdc6c28000 r--p 00000000 103:02 9727968                   /usr/lib/x86_64-linux-gnu/libc.so.6
74cdc6c28000-74cdc6db0000 r-xp 00028000 103:02 9727968                   /usr/lib/x86_64-linux-gnu/libc.so.6
74cdc6db0000-74cdc6dff000 r--p 001b0000 103:02 9727968                   /usr/lib/x86_64-linux-gnu/libc.so.6
74cdc6dff000-74cdc6e03000 r--p 001fe000 103:02 9727968                   /usr/lib/x86_64-linux-gnu/libc.so.6
74cdc6e03000-74cdc6e05000 rw-p 00202000 103:02 9727968                   /usr/lib/x86_64-linux-gnu/libc.so.6
74cdc6e05000-74cdc6e12000 rw-p 00000000 00:00 0 
74cdc6e12000-74cdc6e13000 r--s 00000000 103:02 18874761                  /var/cache/fontconfig/3f7329c5293ffd510edef78f73874cfd-le64.cache-9
74cdc6e13000-74cdc6e14000 r--s 00000000 103:02 18881447                  /var/cache/fontconfig/e0aa53bcfa504e64f87823c16bc01eb6-le64.cache-9
74cdc6e14000-74cdc6e15000 r--s 00000000 00:3d 892                        /run/user/1000/dconf/user
74cdc6e15000-74cdc6e16000 r--p 00000000 103:02 10487585                  /usr/share/locale-langpack/en/LC_MESSAGES/gtk30.mo
74cdc6e16000-74cdc6e5c000 rw-p 00000000 00:00 0 
74cdc6e5c000-74cdc6e63000 ---p 00000000 00:00 0 
74cdc6e63000-74cdc6e70000 r--p 00000000 103:02 10096554                  /usr/lib/jvm/java-21-openjdk-amd64/lib/libjava.so
74cdc6e70000-74cdc6e7f000 r-xp 0000d000 103:02 10096554                  /usr/lib/jvm/java-21-openjdk-amd64/lib/libjava.so
74cdc6e7f000-74cdc6e84000 r--p 0001c000 103:02 10096554                  /usr/lib/jvm/java-21-openjdk-amd64/lib/libjava.so
74cdc6e84000-74cdc6e85000 r--p 00021000 103:02 10096554                  /usr/lib/jvm/java-21-openjdk-amd64/lib/libjava.so
74cdc6e85000-74cdc6e86000 rw-p 00022000 103:02 10096554                  /usr/lib/jvm/java-21-openjdk-amd64/lib/libjava.so
74cdc6e86000-74cdc6e87000 rw-p 00000000 00:00 0 
74cdc6e87000-74cdc6e8b000 r--p 00000000 103:02 9721870                   /usr/lib/x86_64-linux-gnu/libgcc_s.so.1
74cdc6e8b000-74cdc6eaf000 r-xp 00004000 103:02 9721870                   /usr/lib/x86_64-linux-gnu/libgcc_s.so.1
74cdc6eaf000-74cdc6eb3000 r--p 00028000 103:02 9721870                   /usr/lib/x86_64-linux-gnu/libgcc_s.so.1
74cdc6eb3000-74cdc6eb4000 r--p 0002b000 103:02 9721870                   /usr/lib/x86_64-linux-gnu/libgcc_s.so.1
74cdc6eb4000-74cdc6eb5000 rw-p 0002c000 103:02 9721870                   /usr/lib/x86_64-linux-gnu/libgcc_s.so.1
74cdc6eb5000-74cdc6eb7000 rw-p 00000000 00:00 0 
74cdc6eb7000-74cdc6eb9000 r--p 00000000 103:02 10096558                  /usr/lib/jvm/java-21-openjdk-amd64/lib/libjli.so
74cdc6eb9000-74cdc6ec3000 r-xp 00002000 103:02 10096558                  /usr/lib/jvm/java-21-openjdk-amd64/lib/libjli.so
74cdc6ec3000-74cdc6ec6000 r--p 0000c000 103:02 10096558                  /usr/lib/jvm/java-21-openjdk-amd64/lib/libjli.so
74cdc6ec6000-74cdc6ec7000 r--p 0000f000 103:02 10096558                  /usr/lib/jvm/java-21-openjdk-amd64/lib/libjli.so
74cdc6ec7000-74cdc6ec8000 rw-p 00010000 103:02 10096558                  /usr/lib/jvm/java-21-openjdk-amd64/lib/libjli.so
74cdc6ec8000-74cdc6eca000 r--p 00000000 103:02 9711482                   /usr/lib/x86_64-linux-gnu/libz.so.1.3
74cdc6eca000-74cdc6edc000 r-xp 00002000 103:02 9711482                   /usr/lib/x86_64-linux-gnu/libz.so.1.3
74cdc6edc000-74cdc6ee2000 r--p 00014000 103:02 9711482                   /usr/lib/x86_64-linux-gnu/libz.so.1.3
74cdc6ee2000-74cdc6ee3000 r--p 0001a000 103:02 9711482                   /usr/lib/x86_64-linux-gnu/libz.so.1.3
74cdc6ee3000-74cdc6ee4000 rw-p 0001b000 103:02 9711482                   /usr/lib/x86_64-linux-gnu/libz.so.1.3
74cdc6ee4000-74cdc6eec000 rw-s 00000000 103:02 393276                    /tmp/hsperfdata_romaric/1329509
74cdc6eec000-74cdc6eed000 ---p 00000000 00:00 0 
74cdc6eed000-74cdc6eee000 r--p 00000000 00:00 0 
74cdc6eee000-74cdc6eef000 ---p 00000000 00:00 0 
74cdc6eef000-74cdc6ef1000 r--p 00000000 103:02 10096557                  /usr/lib/jvm/java-21-openjdk-amd64/lib/libjimage.so
74cdc6ef1000-74cdc6ef4000 r-xp 00002000 103:02 10096557                  /usr/lib/jvm/java-21-openjdk-amd64/lib/libjimage.so
74cdc6ef4000-74cdc6ef5000 r--p 00005000 103:02 10096557                  /usr/lib/jvm/java-21-openjdk-amd64/lib/libjimage.so
74cdc6ef5000-74cdc6ef6000 r--p 00006000 103:02 10096557                  /usr/lib/jvm/java-21-openjdk-amd64/lib/libjimage.so
74cdc6ef6000-74cdc6ef7000 rw-p 00007000 103:02 10096557                  /usr/lib/jvm/java-21-openjdk-amd64/lib/libjimage.so
74cdc6ef7000-74cdc6ef9000 rw-p 00000000 00:00 0 
74cdc6ef9000-74cdc6efd000 r--p 00000000 00:00 0                          [vvar]
74cdc6efd000-74cdc6eff000 r--p 00000000 00:00 0                          [vvar_vclock]
74cdc6eff000-74cdc6f01000 r-xp 00000000 00:00 0                          [vdso]
74cdc6f01000-74cdc6f02000 r--p 00000000 103:02 9727965                   /usr/lib/x86_64-linux-gnu/ld-linux-x86-64.so.2
74cdc6f02000-74cdc6f2d000 r-xp 00001000 103:02 9727965                   /usr/lib/x86_64-linux-gnu/ld-linux-x86-64.so.2
74cdc6f2d000-74cdc6f37000 r--p 0002c000 103:02 9727965                   /usr/lib/x86_64-linux-gnu/ld-linux-x86-64.so.2
74cdc6f37000-74cdc6f39000 r--p 00036000 103:02 9727965                   /usr/lib/x86_64-linux-gnu/ld-linux-x86-64.so.2
74cdc6f39000-74cdc6f3b000 rw-p 00038000 103:02 9727965                   /usr/lib/x86_64-linux-gnu/ld-linux-x86-64.so.2
7ffdf611b000-7ffdf613d000 rw-p 00000000 00:00 0                          [stack]
ffffffffff600000-ffffffffff601000 --xp 00000000 00:00 0                  [vsyscall]
Total number of mappings: 1365

JVMTI agents: none


VM Arguments:
jvm_args: -Xms512m -Xmx1536m -Dfile.encoding=UTF-8 -Dosgi.requiredJavaVersion=11 -XX:+UseG1GC -XX:+UseStringDeduplication -XX:MaxMetaspaceSize=512m --add-opens=java.base/java.lang=ALL-UNNAMED --add-opens=java.base/java.util=ALL-UNNAMED --add-modules=ALL-SYSTEM 
java_command: /home/romaric/TOS_BD-20211109_1610-V8.0.1/plugins/org.eclipse.equinox.launcher_1.6.200.v20210416-2027.jar -os linux -ws gtk -arch x86_64 -showsplash -launcher /home/romaric/TOS_BD-20211109_1610-V8.0.1/TOS_BD-linux-gtk-x86_64 -name TOS_BD-linux-gtk-x86_64 --launcher.library /home/romaric/TOS_BD-20211109_1610-V8.0.1/plugins/org.eclipse.equinox.launcher.gtk.linux.x86_64_1.2.200.v20210429-1609/eclipse_11401.so -startup /home/romaric/TOS_BD-20211109_1610-V8.0.1/plugins/org.eclipse.equinox.launcher_1.6.200.v20210416-2027.jar --launcher.overrideVmargs -exitdata 20011 -vm /usr/bin/java -vmargs -Xms512m -Xmx1536m -Dfile.encoding=UTF-8 -Dosgi.requiredJavaVersion=11 -XX:+UseG1GC -XX:+UseStringDeduplication -XX:MaxMetaspaceSize=512m --add-opens java.base/java.lang=ALL-UNNAMED --add-opens java.base/java.util=ALL-UNNAMED --add-modules=ALL-SYSTEM -jar /home/romaric/TOS_BD-20211109_1610-V8.0.1/plugins/org.eclipse.equinox.launcher_1.6.200.v20210416-2027.jar
java_class_path (initial): /home/romaric/TOS_BD-20211109_1610-V8.0.1/plugins/org.eclipse.equinox.launcher_1.6.200.v20210416-2027.jar
Launcher Type: SUN_STANDARD

[Global flags]
     intx CICompilerCount                          = 4                                         {product} {ergonomic}
   size_t CompressedClassSpaceSize                 = 436207616                                 {product} {ergonomic}
     uint ConcGCThreads                            = 3                                         {product} {ergonomic}
     uint G1ConcRefinementThreads                  = 10                                        {product} {ergonomic}
   size_t G1HeapRegionSize                         = 1048576                                   {product} {ergonomic}
    uintx GCDrainStackTargetSize                   = 64                                        {product} {ergonomic}
   size_t InitialHeapSize                          = 536870912                                 {product} {command line}
   size_t MarkStackSize                            = 4194304                                   {product} {ergonomic}
   size_t MaxHeapSize                              = 1610612736                                {product} {command line}
   size_t MaxMetaspaceSize                         = 536870912                                 {product} {command line}
   size_t MaxNewSize                               = 965738496                                 {product} {ergonomic}
   size_t MinHeapDeltaBytes                        = 1048576                                   {product} {ergonomic}
   size_t MinHeapSize                              = 536870912                                 {product} {command line}
    uintx NonNMethodCodeHeapSize                   = 5839372                                {pd product} {ergonomic}
    uintx NonProfiledCodeHeapSize                  = 122909434                              {pd product} {ergonomic}
    uintx ProfiledCodeHeapSize                     = 122909434                              {pd product} {ergonomic}
    uintx ReservedCodeCacheSize                    = 251658240                              {pd product} {ergonomic}
     bool SegmentedCodeCache                       = true                                      {product} {ergonomic}
   size_t SoftMaxHeapSize                          = 1610612736                             {manageable} {ergonomic}
     bool UseCompressedOops                        = true                           {product lp64_product} {ergonomic}
     bool UseG1GC                                  = true                                      {product} {command line}
     bool UseStringDeduplication                   = true                                      {product} {command line}

Logging:
Log output configuration:
 #0: stdout all=warning uptime,level,tags foldmultilines=false
 #1: stderr all=off uptime,level,tags foldmultilines=false

Release file:
IMPLEMENTOR="Ubuntu"
JAVA_RUNTIME_VERSION="21.0.10+7-Ubuntu-124.04"
JAVA_VERSION="21.0.10"
JAVA_VERSION_DATE="2026-01-20"
LIBC="gnu"
MODULES="java.base java.compiler java.datatransfer java.xml java.prefs java.desktop java.instrument java.logging java.management java.security.sasl java.naming java.rmi java.management.rmi java.net.http java.scripting java.security.jgss java.transaction.xa java.sql java.sql.rowset java.xml.crypto java.se java.smartcardio jdk.accessibility jdk.internal.jvmstat jdk.attach jdk.charsets jdk.internal.opt jdk.zipfs jdk.compiler jdk.crypto.ec jdk.crypto.cryptoki jdk.dynalink jdk.internal.ed jdk.editpad jdk.hotspot.agent jdk.httpserver jdk.incubator.vector jdk.internal.le jdk.internal.vm.ci jdk.internal.vm.compiler jdk.internal.vm.compiler.management jdk.jartool jdk.javadoc jdk.jcmd jdk.management jdk.management.agent jdk.jconsole jdk.jdeps jdk.jdwp.agent jdk.jdi jdk.jfr jdk.jlink jdk.jpackage jdk.jshell jdk.jsobject jdk.jstatd jdk.localedata jdk.management.jfr jdk.naming.dns jdk.naming.rmi jdk.net jdk.nio.mapmode jdk.random jdk.sctp jdk.security.auth jdk.security.jgss jdk.unsupported jdk.unsupported.desktop jdk.xml.dom"
OS_ARCH="x86_64"
OS_NAME="Linux"
SOURCE=""

Environment Variables:
PATH=/home/romaric/.local/share/pnpm:/home/romaric/.nvm/versions/node/v22.21.0/bin:/usr/local/sbin:/usr/local/bin:/usr/sbin:/usr/bin:/sbin:/bin:/usr/games:/usr/local/games:/snap/bin:/snap/bin
USERNAME=romaric
SHELL=/bin/bash
DISPLAY=:0
WAYLAND_DISPLAY=wayland-0
LANG=en_US.UTF-8
LC_NUMERIC=en_US.UTF-8
LC_TIME=en_US.UTF-8
TERM=xterm-256color

Active Locale:
LC_ALL=en_US.UTF-8
LC_COLLATE=en_US.UTF-8
LC_CTYPE=en_US.UTF-8
LC_MESSAGES=en_US.UTF-8
LC_MONETARY=en_US.UTF-8
LC_NUMERIC=en_US.UTF-8
LC_TIME=en_US.UTF-8

Signal Handlers:
   SIGSEGV: crash_handler in libjvm.so, mask=11100100010111111101111111111110, flags=SA_RESTART|SA_SIGINFO, unblocked
    SIGBUS: crash_handler in libjvm.so, mask=11100100010111111101111111111110, flags=SA_RESTART|SA_SIGINFO, unblocked
    SIGFPE: crash_handler in libjvm.so, mask=11100100010111111101111111111110, flags=SA_RESTART|SA_SIGINFO, unblocked
   SIGPIPE: SIG_IGN, mask=00000000000010000000000000000000, flags=SA_RESTART, blocked
  *** Handler was modified!
  *** Expected: javaSignalHandler in libjvm.so, mask=11100100110111111111111111111110, flags=SA_RESTART|SA_SIGINFO
   SIGXFSZ: javaSignalHandler in libjvm.so, mask=11100100010111111101111111111110, flags=SA_RESTART|SA_SIGINFO, blocked
    SIGILL: crash_handler in libjvm.so, mask=11100100010111111101111111111110, flags=SA_RESTART|SA_SIGINFO, unblocked
   SIGUSR2: SR_handler in libjvm.so, mask=00000000000000000000000000000000, flags=SA_RESTART|SA_SIGINFO, blocked
    SIGHUP: UserHandler in libjvm.so, mask=11100100010111111101111111111110, flags=SA_RESTART|SA_SIGINFO, blocked
    SIGINT: UserHandler in libjvm.so, mask=11100100010111111101111111111110, flags=SA_RESTART|SA_SIGINFO, blocked
   SIGTERM: UserHandler in libjvm.so, mask=11100100010111111101111111111110, flags=SA_RESTART|SA_SIGINFO, blocked
   SIGQUIT: UserHandler in libjvm.so, mask=11100100010111111101111111111110, flags=SA_RESTART|SA_SIGINFO, blocked
   SIGTRAP: crash_handler in libjvm.so, mask=11100100010111111101111111111110, flags=SA_RESTART|SA_SIGINFO, unblocked


Periodic native trim disabled

---------------  S Y S T E M  ---------------

OS:
DISTRIB_ID=Ubuntu
DISTRIB_RELEASE=24.04
DISTRIB_CODENAME=noble
DISTRIB_DESCRIPTION="Ubuntu 24.04.4 LTS"
uname: Linux 6.17.0-22-generic #22~24.04.1-Ubuntu SMP PREEMPT_DYNAMIC Thu Mar 26 15:25:54 UTC 2 x86_64
OS uptime: 4 days 20:38 hours
libc: glibc 2.39 NPTL 2.39 
rlimit (soft/hard): STACK 8192k/infinity , CORE 0k/infinity , NPROC 61808/61808 , NOFILE 1048576/1048576 , AS infinity/infinity , CPU infinity/infinity , DATA infinity/infinity , FSIZE infinity/infinity , MEMLOCK 2006556k/2006556k
load average: 1.48 1.13 1.26

/proc/meminfo:
MemTotal:       16052468 kB
MemFree:         3439332 kB
MemAvailable:    6442152 kB
Buffers:          104420 kB
Cached:          3332736 kB
SwapCached:       114676 kB
Active:          6356584 kB
Inactive:        4564696 kB
Active(anon):    5533616 kB
Inactive(anon):  2745156 kB
Active(file):     822968 kB
Inactive(file):  1819540 kB
Unevictable:      183232 kB
Mlocked:             104 kB
SwapTotal:       4194300 kB
SwapFree:        1002988 kB
Zswap:                 0 kB
Zswapped:              0 kB
Dirty:              4236 kB
Writeback:             0 kB
AnonPages:       7596032 kB
Mapped:          1092620 kB
Shmem:            794284 kB
KReclaimable:     756412 kB
Slab:            1164756 kB
SReclaimable:     756412 kB
SUnreclaim:       408344 kB
KernelStack:       37184 kB
PageTables:       130112 kB
SecPageTables:      7156 kB
NFS_Unstable:          0 kB
Bounce:                0 kB
WritebackTmp:          0 kB
CommitLimit:    12220532 kB
Committed_AS:   58114436 kB
VmallocTotal:   34359738367 kB
VmallocUsed:       90436 kB
VmallocChunk:          0 kB
Percpu:            16080 kB
HardwareCorrupted:     0 kB
AnonHugePages:         0 kB
ShmemHugePages:   425984 kB
ShmemPmdMapped:        0 kB
FileHugePages:    464896 kB
FilePmdMapped:     61440 kB
CmaTotal:              0 kB
CmaFree:               0 kB
Unaccepted:            0 kB
Balloon:               0 kB
HugePages_Total:       0
HugePages_Free:        0
HugePages_Rsvd:        0
HugePages_Surp:        0
Hugepagesize:       2048 kB
Hugetlb:               0 kB
DirectMap4k:      443480 kB
DirectMap2M:    11816960 kB
DirectMap1G:     5242880 kB

/sys/kernel/mm/transparent_hugepage/enabled: always [madvise] never
/sys/kernel/mm/transparent_hugepage/hpage_pmd_size: 2097152
/sys/kernel/mm/transparent_hugepage/defrag (defrag/compaction efforts parameter): always defer defer+madvise [madvise] never

Process Memory:
Virtual Size: 10313440K (peak: 10324844K)
Resident Set Size: 1898636K (peak: 1908288K) (anon: 1687072K, file: 203208K, shmem: 8356K)
Swapped out: 0K
C-Heap outstanding allocations: 224429K, retained: 313402K
glibc malloc tunables: (default)

/proc/sys/kernel/threads-max (system-wide limit on the number of threads): 123616
/proc/sys/vm/max_map_count (maximum number of memory map areas a process may have): 1048576
/proc/sys/vm/swappiness (control to define how aggressively the kernel swaps out anonymous memory): 60
/proc/sys/kernel/pid_max (system-wide limit on number of process identifiers): 4194304

container information not found.
Steal ticks since vm start: 0
Steal ticks percentage since vm start:  0.000

CPU: total 12 (initial active 12) (12 cores per cpu, 1 threads per core) family 6 model 186 stepping 3 microcode 0x6134, cx8, cmov, fxsr, mmx, 3dnowpref, sse, sse2, sse3, ssse3, sse4.1, sse4.2, popcnt, lzcnt, tsc, tscinvbit, avx, avx2, aes, erms, clmul, bmi1, bmi2, adx, sha, fma, vzeroupper, clflush, clflushopt, clwb, serialize, rdtscp, rdpid, fsrm, f16c, pku, ospke, cet_ibt, cet_ss
CPU Model and flags from /proc/cpuinfo:
model name	: 13th Gen Intel(R) Core(TM) i7-1355U
flags		: fpu vme de pse tsc msr pae mce cx8 apic sep mtrr pge mca cmov pat pse36 clflush dts acpi mmx fxsr sse sse2 ss ht tm pbe syscall nx pdpe1gb rdtscp lm constant_tsc art arch_perfmon pebs bts rep_good nopl xtopology nonstop_tsc cpuid aperfmperf tsc_known_freq pni pclmulqdq dtes64 monitor ds_cpl vmx smx est tm2 ssse3 sdbg fma cx16 xtpr pdcm pcid sse4_1 sse4_2 x2apic movbe popcnt tsc_deadline_timer aes xsave avx f16c rdrand lahf_lm abm 3dnowprefetch cpuid_fault epb ssbd ibrs ibpb stibp ibrs_enhanced tpr_shadow flexpriority ept vpid ept_ad fsgsbase tsc_adjust bmi1 avx2 smep bmi2 erms invpcid rdseed adx smap clflushopt clwb intel_pt sha_ni xsaveopt xsavec xgetbv1 xsaves split_lock_detect user_shstk avx_vnni dtherm ida arat pln pts hwp hwp_notify hwp_act_window hwp_epp hwp_pkg_req hfi vnmi umip pku ospke waitpkg gfni vaes vpclmulqdq rdpid movdiri movdir64b fsrm md_clear serialize arch_lbr ibt flush_l1d arch_capabilities

Online cpus: 0-11
Offline cpus: 
BIOS frequency limitation: <Not Available>
Frequency switch latency (ns): 0
Available cpu frequencies: <Not Available>
Current governor: powersave
Core performance/turbo boost: <Not Available>

Memory: 4k page, physical 16052468k(6442152k free), swap 4194300k(1002988k free)
Page Sizes: 4k

vm_info: OpenJDK 64-Bit Server VM (21.0.10+7-Ubuntu-124.04) for linux-amd64 JRE (21.0.10+7-Ubuntu-124.04), built on 2026-01-22T23:46:23Z by "buildd" with gcc 13.3.0

END.
