#
# A fatal error has been detected by the Java Runtime Environment:
#
#  SIGSEGV (0xb) at pc=0x000076ca8733f9e1, pid=1321150, tid=1321151
#
# JRE version: OpenJDK Runtime Environment (21.0.10+7) (build 21.0.10+7-Ubuntu-124.04)
# Java VM: OpenJDK 64-Bit Server VM (21.0.10+7-Ubuntu-124.04, mixed mode, sharing, tiered, compressed oops, compressed class ptrs, g1 gc, linux-amd64)
# Problematic frame:
# C  [libgtk-3.so.0+0x33f9e1]
#
# Core dump will be written. Default location: Core dumps may be processed with "/usr/share/apport/apport -p%p -s%s -c%c -d%d -P%P -u%u -g%g -F%F -- %E" (or dumping to /home/romaric/Documents/M1/INF2229-Informatique&Gestion_de_Donnees/Projet - Qualité des données IoT et Maintenance/core.1321150)
#
# If you would like to submit a bug report, please visit:
#   https://bugs.launchpad.net/ubuntu/+source/openjdk-21
# The crash happened outside the Java Virtual Machine in native code.
# See problematic frame for where to report the bug.
#

---------------  S U M M A R Y ------------

Command Line: -Xms512m -Xmx1536m -Dfile.encoding=UTF-8 -Dosgi.requiredJavaVersion=11 -XX:+UseG1GC -XX:+UseStringDeduplication -XX:MaxMetaspaceSize=512m --add-opens=java.base/java.lang=ALL-UNNAMED --add-opens=java.base/java.util=ALL-UNNAMED --add-modules=ALL-SYSTEM /home/romaric/TOS_BD-20211109_1610-V8.0.1/plugins/org.eclipse.equinox.launcher_1.6.200.v20210416-2027.jar -os linux -ws gtk -arch x86_64 -showsplash -launcher /home/romaric/TOS_BD-20211109_1610-V8.0.1/TOS_BD-linux-gtk-x86_64 -name TOS_BD-linux-gtk-x86_64 --launcher.library /home/romaric/TOS_BD-20211109_1610-V8.0.1/plugins/org.eclipse.equinox.launcher.gtk.linux.x86_64_1.2.200.v20210429-1609/eclipse_11401.so -startup /home/romaric/TOS_BD-20211109_1610-V8.0.1/plugins/org.eclipse.equinox.launcher_1.6.200.v20210416-2027.jar --launcher.overrideVmargs -exitdata 20010 -vm /usr/bin/java -vmargs -Xms512m -Xmx1536m -Dfile.encoding=UTF-8 -Dosgi.requiredJavaVersion=11 -XX:+UseG1GC -XX:+UseStringDeduplication -XX:MaxMetaspaceSize=512m --add-opens java.base/java.lang=ALL-UNNAMED --add-opens java.base/java.util=ALL-UNNAMED --add-modules=ALL-SYSTEM -jar /home/romaric/TOS_BD-20211109_1610-V8.0.1/plugins/org.eclipse.equinox.launcher_1.6.200.v20210416-2027.jar

Host: 13th Gen Intel(R) Core(TM) i7-1355U, 12 cores, 15G, Ubuntu 24.04.4 LTS
Time: Tue May 12 15:05:48 2026 GMT elapsed time: 1402.699542 seconds (0d 0h 23m 22s)

---------------  T H R E A D  ---------------

Current thread (0x000076cb0c01a8c0):  JavaThread "main"             [_thread_in_native, id=1321151, stack(0x000076cb12300000,0x000076cb12400000) (1024K)]

Stack: [0x000076cb12300000,0x000076cb12400000],  sp=0x000076cb123fabb0,  free space=1002k
Native frames: (J=compiled Java code, j=interpreted, Vv=VM code, C=native code)
C  [libgtk-3.so.0+0x33f9e1]
C  [libgobject-2.0.so.0+0x152fa]  g_closure_invoke+0x14a
C  [libgobject-2.0.so.0+0x4490c]
C  [libgobject-2.0.so.0+0x35591]
C  [libgobject-2.0.so.0+0x357c1]  g_signal_emit_valist+0x41
C  [libgobject-2.0.so.0+0x35883]  g_signal_emit+0x93
C  [libgtk-3.so.0+0x32ce46]  gtk_tree_store_set_valist+0x116
C  [libgtk-3.so.0+0x32cf1a]  gtk_tree_store_set+0x9a
C  [libswt-pi3-gtk-4944r26.so+0x4896f]  Java_org_eclipse_swt_internal_gtk_GTK_gtk_1tree_1store_1set__JJIII+0x1f
j  org.eclipse.swt.widgets.Tree.getId(JZ)I+116
j  org.eclipse.swt.widgets.Tree._getItem(J)Lorg/eclipse/swt/widgets/TreeItem;+3
j  org.eclipse.swt.widgets.Tree.cellDataProc(JJJJJ)J+14
J 60241 c2 org.eclipse.swt.widgets.Display.cellDataProc(JJJJJ)J (29 bytes) @ 0x000076cafe21dc98 [0x000076cafe21db40+0x0000000000000158]
v  ~StubRoutines::call_stub 0x000076cafbd37cc6
V  [libjvm.so+0x9140ba]  JavaCalls::call_helper(JavaValue*, methodHandle const&, JavaCallArguments*, JavaThread*)+0x2da
V  [libjvm.so+0x9b8a1a]  jni_invoke_nonstatic(JNIEnv_*, JavaValue*, _jobject*, JNICallType, _jmethodID*, JNI_ArgumentPusher*, JavaThread*) [clone .constprop.1]+0x20a
V  [libjvm.so+0x9c0464]  jni_CallLongMethodV+0x1d4
Java frames: (J=compiled Java code, j=interpreted, Vv=VM code)
J 49244  org.eclipse.swt.internal.gtk.GTK.gtk_tree_store_set(JJIII)V (0 bytes) @ 0x000076cafdd3ae06 [0x000076cafdd3ada0+0x0000000000000066]
j  org.eclipse.swt.widgets.Tree.getId(JZ)I+116
j  org.eclipse.swt.widgets.Tree._getItem(J)Lorg/eclipse/swt/widgets/TreeItem;+3
j  org.eclipse.swt.widgets.Tree.cellDataProc(JJJJJ)J+14
J 60241 c2 org.eclipse.swt.widgets.Display.cellDataProc(JJJJJ)J (29 bytes) @ 0x000076cafe21dc98 [0x000076cafe21db40+0x0000000000000158]
v  ~StubRoutines::call_stub 0x000076cafbd37cc6
J 49211  org.eclipse.swt.internal.gtk.GTK.gtk_widget_grab_focus(J)V (0 bytes) @ 0x000076cafdd21479 [0x000076cafdd21420+0x0000000000000059]
J 55756 c1 org.eclipse.swt.widgets.Control.forceFocus(J)Z (114 bytes) @ 0x000076caf4c6d8ec [0x000076caf4c6d7e0+0x000000000000010c]
J 59461 c1 org.eclipse.swt.widgets.Composite.forceFocus(J)Z (36 bytes) @ 0x000076caf5ebdeec [0x000076caf5ebdde0+0x000000000000010c]
J 37592 c1 org.eclipse.swt.widgets.Control.forceFocus()Z (58 bytes) @ 0x000076caf7274c64 [0x000076caf72745c0+0x00000000000006a4]
j  org.eclipse.swt.widgets.Control.setTabItemFocus(Z)Z+10
j  org.eclipse.swt.widgets.Composite.setTabItemFocus(Z)Z+2
j  org.eclipse.swt.widgets.Composite.setTabGroupFocus(Z)Z+61
j  org.eclipse.swt.widgets.Control.traverseGroup(Z)Z+94
j  org.eclipse.swt.widgets.Shell.open()V+33
j  org.eclipse.jface.window.Window.open()I+34
j  org.talend.designer.core.ui.editor.update.UpdateManagerUtils.doExecuteUpdates(Ljava/util/List;ZZZ)Z+86
j  org.talend.designer.core.ui.editor.update.UpdateManagerUtils.access$1(Ljava/util/List;ZZZ)Z+4
j  org.talend.designer.core.ui.editor.update.UpdateManagerUtils$2.run()V+17
j  org.talend.repository.RepositoryWorkUnit.executeRun()V+1
j  org.talend.core.repository.model.AbstractRepositoryFactory.executeRepositoryWorkUnit(Lorg/talend/repository/RepositoryWorkUnit;)V+1
j  org.talend.repository.localprovider.model.LocalRepositoryFactory.executeRepositoryWorkUnit(Lorg/talend/repository/RepositoryWorkUnit;)V+31
j  org.talend.core.repository.model.ProxyRepositoryFactory.executeRepositoryWorkUnit(Lorg/talend/repository/RepositoryWorkUnit;)V+9
j  org.talend.designer.core.ui.editor.update.UpdateManagerUtils.executeUpdates(Ljava/util/List;ZZZZ)Z+43
j  org.talend.designer.core.ui.editor.update.UpdateManagerUtils.executeUpdates(Ljava/util/List;ZZZ)Z+5
j  org.talend.designer.core.ui.editor.update.UpdateManagerUtils.executeUpdates(Ljava/util/List;ZZ)Z+4
j  org.talend.designer.core.DesignerCoreService.executeUpdatesManager(Ljava/util/List;Z)Z+3
j  org.talend.core.model.update.RepositoryUpdateManager.doWork(ZZ)Z+308
j  org.talend.core.model.update.RepositoryUpdateManager.updateDBConnection(Lorg/talend/core/model/properties/ConnectionItem;Ljava/lang/String;ZZ)Z+39
j  org.talend.core.model.update.RepositoryUpdateManager.updateDBConnection(Lorg/talend/core/model/properties/ConnectionItem;ZZ)Z+6
j  org.talend.core.model.update.RepositoryUpdateManager.updateDBConnection(Lorg/talend/core/model/properties/ConnectionItem;)Z+3
j  org.talend.repository.ui.wizards.metadata.connection.database.DatabaseWizard.handleDatabasePart(Lorg/talend/core/model/metadata/IMetadataConnection;Lorg/talend/core/ITDQRepositoryService;)Lorg/talend/utils/sugars/TypedReturnCode;+259
j  org.talend.repository.ui.wizards.metadata.connection.database.DatabaseWizard.handleDatabaseUpdate(Lorg/talend/core/model/metadata/IMetadataConnection;Lorg/talend/core/ITDQRepositoryService;)Z+3
j  org.talend.repository.ui.wizards.metadata.connection.database.DatabaseWizard.performFinish()Z+931
j  org.eclipse.jface.wizard.WizardDialog.finishPressed()V+4
j  org.eclipse.jface.wizard.WizardDialog.buttonPressed(I)V+54
j  org.eclipse.jface.dialogs.Dialog.lambda$0(Lorg/eclipse/swt/events/SelectionEvent;)V+14
j  org.eclipse.jface.dialogs.Dialog$$Lambda+0x000076cac272deb0.accept(Ljava/lang/Object;)V+8
J 60872 c1 org.eclipse.swt.events.SelectionListener$1.widgetSelected(Lorg/eclipse/swt/events/SelectionEvent;)V (11 bytes) @ 0x000076caf5e05f4c [0x000076caf5e05e40+0x000000000000010c]
J 58623 c2 org.eclipse.swt.widgets.TypedListener.handleEvent(Lorg/eclipse/swt/widgets/Event;)V (1291 bytes) @ 0x000076cafe032494 [0x000076cafe02d4c0+0x0000000000004fd4]
J 28606 c2 org.eclipse.swt.widgets.EventTable.sendEvent(Lorg/eclipse/swt/widgets/Event;)V (592 bytes) @ 0x000076cafcc1b34c [0x000076cafcc1b2a0+0x00000000000000ac]
J 61230 c2 org.eclipse.swt.widgets.Display.readAndDispatch()Z (88 bytes) @ 0x000076cafd4f69cc [0x000076cafd4f6180+0x000000000000084c]
J 57916 c1 org.eclipse.jface.window.Window.runEventLoop(Lorg/eclipse/swt/widgets/Shell;)V (70 bytes) @ 0x000076caf4e71494 [0x000076caf4e70f20+0x0000000000000574]
j  org.eclipse.jface.window.Window.open()I+49
j  org.talend.repository.metadata.ui.actions.metadata.CreateConnectionAction.doRun()V+445
j  org.talend.repository.ui.actions.AContextualAction$2.run()V+73
j  org.talend.repository.RepositoryWorkUnit.executeRun()V+1
j  org.talend.core.repository.model.AbstractRepositoryFactory.executeRepositoryWorkUnit(Lorg/talend/repository/RepositoryWorkUnit;)V+1
j  org.talend.repository.localprovider.model.LocalRepositoryFactory.executeRepositoryWorkUnit(Lorg/talend/repository/RepositoryWorkUnit;)V+31
j  org.talend.core.repository.model.ProxyRepositoryFactory.executeRepositoryWorkUnit(Lorg/talend/repository/RepositoryWorkUnit;)V+9
j  org.talend.repository.ui.actions.AContextualAction.run()V+154
j  org.eclipse.jface.action.Action.runWithEvent(Lorg/eclipse/swt/widgets/Event;)V+1
j  org.eclipse.jface.action.ActionContributionItem.handleWidgetSelection(Lorg/eclipse/swt/widgets/Event;Z)V+361
j  org.eclipse.jface.action.ActionContributionItem.lambda$4(Lorg/eclipse/swt/widgets/Event;)V+54
j  org.eclipse.jface.action.ActionContributionItem$$Lambda+0x000076cac335ae80.handleEvent(Lorg/eclipse/swt/widgets/Event;)V+5
J 28606 c2 org.eclipse.swt.widgets.EventTable.sendEvent(Lorg/eclipse/swt/widgets/Event;)V (592 bytes) @ 0x000076cafcc1b34c [0x000076cafcc1b2a0+0x00000000000000ac]
J 61176% c2 org.eclipse.e4.ui.internal.workbench.swt.PartRenderingEngine$5.run()V (690 bytes) @ 0x000076cafe36fd6c [0x000076cafe36f2c0+0x0000000000000aac]
j  org.eclipse.core.databinding.observable.Realm.runWithDefault(Lorg/eclipse/core/databinding/observable/Realm;Ljava/lang/Runnable;)V+12
j  org.eclipse.e4.ui.internal.workbench.swt.PartRenderingEngine.run(Lorg/eclipse/e4/ui/model/application/MApplicationElement;Lorg/eclipse/e4/core/contexts/IEclipseContext;)Ljava/lang/Object;+57
j  org.eclipse.e4.ui.internal.workbench.E4Workbench.createAndRunUI(Lorg/eclipse/e4/ui/model/application/MApplicationElement;)V+20
j  org.eclipse.ui.internal.Workbench.lambda$3(Lorg/eclipse/swt/widgets/Display;Lorg/eclipse/ui/application/WorkbenchAdvisor;[I)V+393
j  org.eclipse.ui.internal.Workbench$$Lambda+0x000076cac271d5a8.run()V+12
j  org.eclipse.core.databinding.observable.Realm.runWithDefault(Lorg/eclipse/core/databinding/observable/Realm;Ljava/lang/Runnable;)V+12
j  org.eclipse.ui.internal.Workbench.createAndRunWorkbench(Lorg/eclipse/swt/widgets/Display;Lorg/eclipse/ui/application/WorkbenchAdvisor;)I+16
j  org.eclipse.ui.PlatformUI.createAndRunWorkbench(Lorg/eclipse/swt/widgets/Display;Lorg/eclipse/ui/application/WorkbenchAdvisor;)I+2
j  org.talend.rcp.intro.Application.start(Lorg/eclipse/equinox/app/IApplicationContext;)Ljava/lang/Object;+956
j  org.eclipse.equinox.internal.app.EclipseAppHandle.run(Ljava/lang/Object;)Ljava/lang/Object;+138
j  org.eclipse.core.runtime.internal.adaptor.EclipseAppLauncher.runApplication(Ljava/lang/Object;)Ljava/lang/Object;+85
j  org.eclipse.core.runtime.internal.adaptor.EclipseAppLauncher.start(Ljava/lang/Object;)Ljava/lang/Object;+79
j  org.eclipse.core.runtime.adaptor.EclipseStarter.run(Ljava/lang/Object;)Ljava/lang/Object;+99
j  org.eclipse.core.runtime.adaptor.EclipseStarter.run([Ljava/lang/String;Ljava/lang/Runnable;)Ljava/lang/Object;+132
j  java.lang.invoke.DirectMethodHandle$Holder.invokeStatic(Ljava/lang/Object;Ljava/lang/Object;Ljava/lang/Object;)Ljava/lang/Object;+11 java.base@21.0.10
j  java.lang.invoke.LambdaForm$MH+0x000076cac2007800.invoke(Ljava/lang/Object;Ljava/lang/Object;Ljava/lang/Object;Ljava/lang/Object;)Ljava/lang/Object;+54 java.base@21.0.10
j  java.lang.invoke.LambdaForm$MH+0x000076cac2007c00.invokeExact_MT(Ljava/lang/Object;Ljava/lang/Object;Ljava/lang/Object;Ljava/lang/Object;Ljava/lang/Object;)Ljava/lang/Object;+22 java.base@21.0.10
j  jdk.internal.reflect.DirectMethodHandleAccessor.invokeImpl(Ljava/lang/Object;[Ljava/lang/Object;)Ljava/lang/Object;+72 java.base@21.0.10
j  jdk.internal.reflect.DirectMethodHandleAccessor.invoke(Ljava/lang/Object;[Ljava/lang/Object;)Ljava/lang/Object;+23 java.base@21.0.10
j  java.lang.reflect.Method.invoke(Ljava/lang/Object;[Ljava/lang/Object;)Ljava/lang/Object;+102 java.base@21.0.10
j  org.eclipse.equinox.launcher.Main.invokeFramework([Ljava/lang/String;[Ljava/net/URL;)V+201
j  org.eclipse.equinox.launcher.Main.basicRun([Ljava/lang/String;)V+159
j  org.eclipse.equinox.launcher.Main.run([Ljava/lang/String;)I+4
j  org.eclipse.equinox.launcher.Main.main([Ljava/lang/String;)V+10
v  ~StubRoutines::call_stub 0x000076cafbd37cc6

siginfo: si_signo: 11 (SIGSEGV), si_code: 1 (SEGV_MAPERR), si_addr: 0x0000000000000188

Registers:
RAX=0x0000000000000000, RBX=0x000076c9199d0940, RCX=0x0000000040000002, RDX=0x0000000000000000
RSP=0x000076cb123fabb0, RBP=0x000076cb123fac50, RSI=0x0000000000000050, RDI=0x000076c918a21d60
R8 =0x000076cb0c0008e0, R9 =0x0000000000000007, R10=0x000076c919f6ad00, R11=0x632205e6680b8589
R12=0x0000000000000000, R13=0x000076c9199d2e50, R14=0x000076cb0e764bc0, R15=0x000076c919efa340
RIP=0x000076ca8733f9e1, EFLAGS=0x0000000000010206, CSGSFS=0x002b000000000033, ERR=0x0000000000000004
  TRAPNO=0x000000000000000e

XMM[0]=0x2525252525252525 0x2525252525252525
XMM[1]=0x0000000000000000 0x0000000000000000
XMM[2]=0x00000000000000ff 0x00000000000000ff
XMM[3]=0x00000000000000ff 0x00000000000000ff
XMM[4]=0x000076cb0c01b090 0x000076cb0c01b010
XMM[5]=0x0000000000000000 0x000076cb0c01b090
XMM[6]=0x000076cb0c439070 0x0000000000000000
XMM[7]=0x0000000000000000 0x000076cafbd3ea90
XMM[8]=0x00000000000000ca 0x0000000000000000
XMM[9]=0xe3023b02e3023b02 0xe3023b021b47174d
XMM[10]=0x0000000000000000 0x000000003844dc4b
XMM[11]=0x3980a72b3980a72b 0x3980a72b54c7be78
XMM[12]=0x0000000000000000 0x000000001b47174d
XMM[13]=0x0000000000000000 0x0000000000000000
XMM[14]=0x0000000000000000 0x3ff0000000000000
XMM[15]=0x0000000000000000 0x0000000000000000
  MXCSR=0x00001fa7


Register to memory mapping:

RAX=0x0 is null
RBX=0x000076c9199d0940 points into unknown readable memory: 0x000076cb0c88e640 | 40 e6 88 0c cb 76 00 00
RCX=0x0000000040000002 is an unknown value
RDX=0x0 is null
RSP=0x000076cb123fabb0 is pointing into the stack for thread: 0x000076cb0c01a8c0
RBP=0x000076cb123fac50 is pointing into the stack for thread: 0x000076cb0c01a8c0
RSI=0x0000000000000050 is an unknown value
RDI=0x000076c918a21d60 points into unknown readable memory: 0x000076cb0d5cdf50 | 50 df 5c 0d cb 76 00 00
R8 =0x000076cb0c0008e0 points into unknown readable memory: 0x0007000300060006 | 06 00 06 00 03 00 07 00
R9 =0x0000000000000007 is an unknown value
R10=0x000076c919f6ad00 points into unknown readable memory: 0x3638782f62696c2f | 2f 6c 69 62 2f 78 38 36
R11=0x632205e6680b8589 is an unknown value
R12=0x0 is null
R13=0x000076c9199d2e50 points into unknown readable memory: 0x0000000100000001 | 01 00 00 00 01 00 00 00
R14=0x000076cb0e764bc0 points into unknown readable memory: 0x000076cb0d257640 | 40 76 25 0d cb 76 00 00
R15=0x000076c919efa340 points into unknown readable memory: 0x0000000000000000 | 00 00 00 00 00 00 00 00

Top of Stack: (sp=0x000076cb123fabb0)
0x000076cb123fabb0:   0000000018f0ef84 000076cb0e764ad0
0x000076cb123fabc0:   000076cb0e764ab0 000076cb123fabf0
0x000076cb123fabd0:   000076cb0e764ab0 000076cb0e764ad0
0x000076cb123fabe0:   000076cb0e764ad0 000076cb0e764ab0
0x000076cb123fabf0:   000076cb0e32bcf0 000076cb0e764ab0
0x000076cb123fac00:   000076cb0e764ad0 000076cb0e32be80
0x000076cb123fac10:   0000000000000000 736f38d597436000
0x000076cb123fac20:   000076cb123fac50 0000000000000000
0x000076cb123fac30:   000076cb0e32bcf0 000076cb123fae40
0x000076cb123fac40:   000076cb123fad90 000076ca870961b0
0x000076cb123fac50:   000076cb123facd0 000076cb0be702fa
0x000076cb123fac60:   0000000000000014 0000000000000000
0x000076cb123fac70:   0000000300000020 0000000000000000
0x000076cb123fac80:   000076cb40000002 000076cac060573c
0x000076cb123fac90:   000076c918a21ba0 000076cafbd37cc6
0x000076cb123faca0:   000076cafbd37cc6 000076cb0e32bc90
0x000076cb123facb0:   000076cb123faf40 0000000000000000
0x000076cb123facc0:   000076cb0e32bc90 000076cb0bebd110
0x000076cb123facd0:   000076cb123fae30 000076cb0be9f90c
0x000076cb123face0:   000076cb00001fa7 000076cb123fad80
0x000076cb123facf0:   000000000000000b 000076cb0d5cdb40
0x000076cb123fad00:   000076cb123faed0 000076cb123faf40
0x000076cb123fad10:   00000000013fadd0 0000000000000000
0x000076cb123fad20:   0000000000000000 00000000001133b5
0x000076cb123fad30:   000076c918a21ba0 0000000300000145
0x000076cb123fad40:   000076cb123fae40 0000000000000020
0x000076cb123fad50:   000076c919f56890 000076cb123fad90
0x000076cb123fad60:   000076cb00000145 0000000000000001
0x000076cb123fad70:   0000000000000000 736f38d597436000
0x000076cb123fad80:   000076cb123fbd80 000076c918a21ba0
0x000076cb123fad90:   0000000000000145 0000000100020001
0x000076cb123fada0:   0000000000000004 000076cb0beac680 

Instructions: (pc=0x000076ca8733f9e1)
0x000076ca8733f8e1:   89 f7 e8 08 97 fd ff 85 c0 75 14 48 8b 43 28 48
0x000076ca8733f8f1:   8b b8 d0 00 00 00 48 85 ff 0f 85 dc 01 00 00 4c
0x000076ca8733f901:   89 f7 e8 68 70 fd ff 4d 85 ed 0f 85 fe 01 00 00
0x000076ca8733f911:   4c 89 e6 4c 89 ff e8 d4 a4 fd ff c7 85 64 ff ff
0x000076ca8733f921:   ff 01 00 00 00 49 89 c5 48 8b 7b 28 48 8d 4d 90
0x000076ca8733f931:   48 8d 55 98 4c 89 ee e8 d3 a9 0e 00 85 c0 0f 85
0x000076ca8733f941:   46 01 00 00 48 8b 45 98 48 89 85 70 ff ff ff 48
0x000076ca8733f951:   85 c0 0f 84 32 01 00 00 48 8b 45 90 48 89 df 45
0x000076ca8733f961:   31 e4 f3 0f 7e 8d 70 ff ff ff 48 89 85 68 ff ff
0x000076ca8733f971:   ff 0f 16 8d 68 ff ff ff 0f 29 4d 80 e8 5e 41 02
0x000076ca8733f981:   00 49 89 c6 48 8d 45 a0 48 89 85 78 ff ff ff eb
0x000076ca8733f991:   69 66 0f 1f 44 00 00 44 89 e6 48 89 df e8 ad ab
0x000076ca8733f9a1:   ff ff 49 8b 56 60 66 0f 6f 45 80 48 89 45 b8 48
0x000076ca8733f9b1:   8b b5 78 ff ff ff 0f 11 45 a8 48 8b 3a e8 fd 07
0x000076ca8733f9c1:   d5 ff 48 85 c0 74 2f 4c 8b 38 4d 85 ff 74 27 4c
0x000076ca8733f9d1:   89 fa 4c 89 f6 48 89 df e8 a2 1e 0d 00 49 8b 17
0x000076ca8733f9e1:   48 8b 92 88 01 00 00 48 85 d2 74 0a be 01 00 00
0x000076ca8733f9f1:   00 4c 89 ff ff d2 41 83 c4 01 48 89 df e8 cd aa
0x000076ca8733fa01:   ff ff 41 39 c4 72 90 31 c0 48 8d 35 e9 20 10 00
0x000076ca8733fa11:   4c 89 f7 e8 d7 4b d5 ff 48 8b 43 28 0f b6 90 9c
0x000076ca8733fa21:   02 00 00 f6 c2 08 0f 84 83 01 00 00 8b 90 94 01
0x000076ca8733fa31:   00 00 85 d2 0f 89 05 02 00 00 48 8b b5 68 ff ff
0x000076ca8733fa41:   ff 48 8b bd 70 ff ff ff e8 22 e1 f2 ff 48 8b 43
0x000076ca8733fa51:   28 4c 8b a0 f0 00 00 00 4d 85 e4 74 31 66 90 4d
0x000076ca8733fa61:   8b 34 24 4c 89 f7 e8 c4 ff 00 00 85 c0 74 11 4c
0x000076ca8733fa71:   89 f7 e8 48 02 01 00 83 f8 01 0f 84 8f 01 00 00
0x000076ca8733fa81:   4d 8b 64 24 08 4d 85 e4 75 d5 48 8b 43 28 f6 80
0x000076ca8733fa91:   9c 02 00 00 02 0f 84 94 00 00 00 8b 85 64 ff ff
0x000076ca8733faa1:   ff 85 c0 0f 85 b6 00 00 00 48 8b 45 c8 64 48 2b
0x000076ca8733fab1:   04 25 28 00 00 00 0f 85 b3 01 00 00 48 83 c4 78
0x000076ca8733fac1:   5b 41 5c 41 5d 41 5e 41 5f 5d c3 0f 1f 40 00 48
0x000076ca8733fad1:   8b b8 d0 00 00 00 48 85 ff 74 2a e8 8f af da ff 


Stack slot to memory mapping:

stack at sp + 0 slots: 0x0000000018f0ef84 is an unknown value
stack at sp + 1 slots: 0x000076cb0e764ad0 points into unknown readable memory: 0x000000010c00028d | 8d 02 00 0c 01 00 00 00
stack at sp + 2 slots: 0x000076cb0e764ab0 points into unknown readable memory: 0x000076c91983c9a0 | a0 c9 83 19 c9 76 00 00
stack at sp + 3 slots: 0x000076cb123fabf0 is pointing into the stack for thread: 0x000076cb0c01a8c0
stack at sp + 4 slots: 0x000076cb0e764ab0 points into unknown readable memory: 0x000076c91983c9a0 | a0 c9 83 19 c9 76 00 00
stack at sp + 5 slots: 0x000076cb0e764ad0 points into unknown readable memory: 0x000000010c00028d | 8d 02 00 0c 01 00 00 00
stack at sp + 6 slots: 0x000076cb0e764ad0 points into unknown readable memory: 0x000000010c00028d | 8d 02 00 0c 01 00 00 00
stack at sp + 7 slots: 0x000076cb0e764ab0 points into unknown readable memory: 0x000076c91983c9a0 | a0 c9 83 19 c9 76 00 00


Compiled method (c2) 1402971 60241       4       org.eclipse.swt.widgets.Display::cellDataProc (29 bytes)
 total in heap  [0x000076cafe21d990,0x000076cafe21e090] = 1792
 relocation     [0x000076cafe21dae8,0x000076cafe21db40] = 88
 main code      [0x000076cafe21db40,0x000076cafe21de50] = 784
 stub code      [0x000076cafe21de50,0x000076cafe21de88] = 56
 oops           [0x000076cafe21de88,0x000076cafe21de90] = 8
 metadata       [0x000076cafe21de90,0x000076cafe21deb0] = 32
 scopes data    [0x000076cafe21deb0,0x000076cafe21df90] = 224
 scopes pcs     [0x000076cafe21df90,0x000076cafe21e030] = 160
 dependencies   [0x000076cafe21e030,0x000076cafe21e038] = 8
 handler table  [0x000076cafe21e038,0x000076cafe21e080] = 72
 nul chk table  [0x000076cafe21e080,0x000076cafe21e090] = 16

[Constant Pool (empty)]

[MachCode]
[Entry Point]
  # {method} {0x000076cab8ee07b0} 'cellDataProc' '(JJJJJ)J' in 'org/eclipse/swt/widgets/Display'
  # this:     rsi:rsi   = 'org/eclipse/swt/widgets/Display'
  # parm0:    rdx:rdx   = long
  # parm1:    rcx:rcx   = long
  # parm2:    r8:r8     = long
  # parm3:    r9:r9     = long
  # parm4:    rdi:rdi   = long
  #           [sp+0x60]  (sp of caller)
  0x000076cafe21db40: 448b 5608 | 49bb 0000 | 00c1 ca76 | 0000 4d03 | d349 3bc2 

  0x000076cafe21db54: ;   {runtime_call ic_miss_stub}
  0x000076cafe21db54: 0f85 2675 | b6fd 6690 | 0f1f 4000 
[Verified Entry Point]
  0x000076cafe21db60: 8984 2400 | c0fe ff55 | 4883 ec50 | 4181 7f20 | 3b00 0000 | 0f85 c702 | 0000 4c89 | 4c24 184c 
  0x000076cafe21db80: 8944 2410 | 4889 4c24 | 0848 8914 | 2448 897c | 2420 4885 | ff0f 84f9 | 0100 0048 | 8974 2428 
  0x000076cafe21dba0: 448b aef8 | 0200 0045 | 85ed 7410 | 4c8b 9640 | 0100 004c | 3bd7 0f84 | ad00 0000 | bae4 0500 
  0x000076cafe21dbc0: 0048 8bf7 

  0x000076cafe21dbc4: ;   {static_call}
  0x000076cafe21dbc4: 488b efe8 

  0x000076cafe21dbc8: ; ImmutableOopMap {[40]=Oop }
                      ;*invokestatic g_object_get_qdata {reexecute=0 rethrow=0 return_oop=0}
                      ; - org.eclipse.swt.widgets.Display::getWidget@33 (line 3476)
                      ; - org.eclipse.swt.widgets.Display::cellDataProc@3 (line 959)
  0x000076cafe21dbc8: f491 15fe 

  0x000076cafe21dbcc: ;   {other}
  0x000076cafe21dbcc: 0f1f 8400 | 3c02 0000 | 48ff c848 | 85c0 0f8c | a001 0000 | 4c8b 5424 | 2841 8b9a | fc02 0000 
  0x000076cafe21dbec: ; implicit exception: dispatches to 0x000076cafe21de00
  0x000076cafe21dbec: 448b 5b0c | 4d63 d349 | 3bc2 0f8d | dd01 0000 | 4c8b 5424 | 2849 89aa | 4001 0000 | 8be8 413b 
  0x000076cafe21dc0c: eb0f 8357 | 0100 0041 | 807f 4000 | 0f85 c800 | 0000 448b | 6cab 104c | 8b54 2428 | 4589 aaf8 
  0x000076cafe21dc2c: 0200 0049 | 8bed 4c8b | dd4d 33da | 49c1 eb14 | 4d85 db74 | 1f45 85ed | 741a 49c1 | ea09 48bf 
  0x000076cafe21dc4c: 0000 9210 | cb76 0000 | 4903 fa80 | 3f02 0f85 | bc00 0000 | 4585 ed0f | 8419 0100 | 0045 8b5d 
  0x000076cafe21dc6c: 0849 8bf5 

  0x000076cafe21dc70: ;   {metadata('org/eclipse/swt/widgets/Tree')}
  0x000076cafe21dc70: 4181 fb20 | 1f1d 0275 | 3a48 8b14 | 2448 8b4c | 2408 4c8b | 4424 104c | 8b4c 2418 | 488b 7c24 
  0x000076cafe21dc90: ;   {optimized virtual_call}
  0x000076cafe21dc90: 2066 90e8 

  0x000076cafe21dc94: ; ImmutableOopMap {}
                      ;*invokevirtual cellDataProc {reexecute=0 rethrow=0 return_oop=0}
                      ; - org.eclipse.swt.widgets.Display::cellDataProc@25 (line 961)
  0x000076cafe21dc94: b801 0000 

  0x000076cafe21dc98: ;   {other}
  0x000076cafe21dc98: 0f1f 8400 | 0803 0001 | 4883 c450 

  0x000076cafe21dca4: ;   {poll_return}
  0x000076cafe21dca4: 5d49 3ba7 | 5004 0000 | 0f87 7901 | 0000 c348 | 8b14 2448 | 8b4c 2408 | 4c8b 4424 | 104c 8b4c 
  0x000076cafe21dcc4: 2418 488b | 7c24 2066 | 9048 b800 | 0073 c2ca 

  0x000076cafe21dcd4: ;   {virtual_call}
  0x000076cafe21dcd4: 7600 00e8 

  0x000076cafe21dcd8: ; ImmutableOopMap {}
                      ;*invokevirtual cellDataProc {reexecute=0 rethrow=0 return_oop=0}
                      ; - org.eclipse.swt.widgets.Display::cellDataProc@25 (line 961)
  0x000076cafe21dcd8: c460 9bf8 

  0x000076cafe21dcdc: ;   {other}
  0x000076cafe21dcdc: 0f1f 8400 | 4c03 0002 | ebba 458b | 9af8 0200 | 0045 85db | 0f84 28ff | ffff 4d8b | 5728 498b 
  0x000076cafe21dcfc: fb4d 85d2 | 0f84 b600 | 0000 4d8b | 5f38 4b89 | 7c13 f849 | 83c2 f84d | 8957 28e9 | 02ff ffff 
  0x000076cafe21dd1c: 4d8b 5758 | 4d8b 5f48 | f083 4424 | c000 803f | 000f 842d | ffff ff44 | 8827 4d85 | db75 1d49 
  0x000076cafe21dd3c: 8bf7 49ba | 2089 bb12 | cb76 0000 

  0x000076cafe21dd48: ;   {other}
  0x000076cafe21dd48: 41ff d20f | 1f84 0000 | 0000 00e9 | 08ff ffff | 4b89 7c1a | f849 83c3 | f84d 895f | 48e9 f6fe 
  0x000076cafe21dd68: ffff bee4 | ffff ff89 

  0x000076cafe21dd70: ;   {runtime_call UncommonTrapBlob}
  0x000076cafe21dd70: 5c24 30e8 

  0x000076cafe21dd74: ; ImmutableOopMap {[40]=Oop [48]=NarrowOop }
                      ;*aaload {reexecute=0 rethrow=0 return_oop=0}
                      ; - org.eclipse.swt.widgets.Display::getWidget@68 (line 3479)
                      ; - org.eclipse.swt.widgets.Display::cellDataProc@3 (line 959)
  0x000076cafe21dd74: 88d1 b6fd 

  0x000076cafe21dd78: ;   {other}
  0x000076cafe21dd78: 0f1f 8400 | e803 0003 | 33ed be45 

  0x000076cafe21dd84: ;   {runtime_call UncommonTrapBlob}
  0x000076cafe21dd84: ffff ffe8 

  0x000076cafe21dd88: ; ImmutableOopMap {rbp=Oop }
                      ;*ifnonnull {reexecute=1 rethrow=0 return_oop=0}
                      ; - (reexecute) org.eclipse.swt.widgets.Display::cellDataProc@10 (line 960)
  0x000076cafe21dd88: 74d1 b6fd 

  0x000076cafe21dd8c: ;   {other}
  0x000076cafe21dd8c: 0f1f 8400 | fc03 0004 | 4533 d249 | 3bfa bdff | ffff ff7c | 0840 0f95 | c540 0fb6 | edbe 45ff 
  0x000076cafe21ddac: ;   {runtime_call UncommonTrapBlob}
  0x000076cafe21ddac: ffff 90e8 

  0x000076cafe21ddb0: ; ImmutableOopMap {}
                      ;*ifne {reexecute=1 rethrow=0 return_oop=0}
                      ; - (reexecute) org.eclipse.swt.widgets.Display::getWidget@3 (line 3474)
                      ; - org.eclipse.swt.widgets.Display::cellDataProc@3 (line 959)
  0x000076cafe21ddb0: 4cd1 b6fd 

  0x000076cafe21ddb4: ;   {other}
  0x000076cafe21ddb4: 0f1f 8400 | 2404 0005 | 498b f749 | baf0 88bb | 12cb 7600 | 0041 ffd2 

  0x000076cafe21ddcc: ;   {other}
  0x000076cafe21ddcc: 0f1f 8400 | 0000 0000 | e945 feff | ff49 3bc2 | bdff ffff | ff7c 0840 | 0f95 c540 | 0fb6 edbe 
  0x000076cafe21ddec: 45ff ffff 

  0x000076cafe21ddf0: ;   {runtime_call UncommonTrapBlob}
  0x000076cafe21ddf0: 6666 90e8 

  0x000076cafe21ddf4: ; ImmutableOopMap {}
                      ;*ifge {reexecute=1 rethrow=0 return_oop=0}
                      ; - (reexecute) org.eclipse.swt.widgets.Display::getWidget@53 (line 3477)
                      ; - org.eclipse.swt.widgets.Display::cellDataProc@3 (line 959)
  0x000076cafe21ddf4: 08d1 b6fd 

  0x000076cafe21ddf8: ;   {other}
  0x000076cafe21ddf8: 0f1f 8400 | 6804 0006 | bef6 ffff 

  0x000076cafe21de04: ;   {runtime_call UncommonTrapBlob}
  0x000076cafe21de04: ff66 90e8 

  0x000076cafe21de08: ; ImmutableOopMap {}
                      ;*arraylength {reexecute=0 rethrow=0 return_oop=0}
                      ; - org.eclipse.swt.widgets.Display::getWidget@50 (line 3477)
                      ; - org.eclipse.swt.widgets.Display::cellDataProc@3 (line 959)
  0x000076cafe21de08: f4d0 b6fd 

  0x000076cafe21de0c: ;   {other}
  0x000076cafe21de0c: 0f1f 8400 | 7c04 0007 | 488b f0eb | 0848 8bf0 | eb03 488b | f048 83c4 

  0x000076cafe21de24: ;   {runtime_call _rethrow_Java}
  0x000076cafe21de24: 505d e9d5 

  0x000076cafe21de28: ;   {internal_word}
  0x000076cafe21de28: a9c3 fd49 | baa5 dc21 | feca 7600 | 004d 8997 | 6804 0000 

  0x000076cafe21de3c: ;   {runtime_call SafepointBlob}
  0x000076cafe21de3c: e9bf e1b6 

  0x000076cafe21de40: ;   {runtime_call StubRoutines (final stubs)}
  0x000076cafe21de40: fde8 3ad6 | b4fd e92f | fdff fff4 | f4f4 f4f4 
[Stub Code]
  0x000076cafe21de50: ;   {no_reloc}
  0x000076cafe21de50: 48bb a046 | 2aeb c976 

  0x000076cafe21de58: ;   {runtime_call I2C/C2I adapters}
  0x000076cafe21de58: 0000 e998 

  0x000076cafe21de5c: ;   {static_stub}
  0x000076cafe21de5c: a0c8 fd48 | bb00 0000 | 0000 0000 

  0x000076cafe21de68: ;   {runtime_call nmethod}
  0x000076cafe21de68: 00e9 fbff 

  0x000076cafe21de6c: ;   {runtime_call ExceptionBlob}
  0x000076cafe21de6c: ffff e90d | 08c3 fde8 | 0000 0000 | 4883 2c24 

  0x000076cafe21de7c: ;   {runtime_call DeoptimizationBlob}
  0x000076cafe21de7c: 05e9 1ed4 | b6fd f4f4 | f4f4 f4f4 
[/MachCode]


Compiled method (n/a) 1402983 49244     n 0       org.eclipse.swt.internal.gtk.GTK::gtk_tree_store_set (native)
 total in heap  [0x000076cafdd3ac10,0x000076cafdd3af90] = 896
 relocation     [0x000076cafdd3ad68,0x000076cafdd3ada0] = 56
 main code      [0x000076cafdd3ada0,0x000076cafdd3af81] = 481
 stub code      [0x000076cafdd3af81,0x000076cafdd3af88] = 7
 oops           [0x000076cafdd3af88,0x000076cafdd3af90] = 8

[Constant Pool (empty)]

[MachCode]
[Entry Point]
  # {method} {0x000076cab93e8500} 'gtk_tree_store_set' '(JJIII)V' in 'org/eclipse/swt/internal/gtk/GTK'
  # parm0:    rsi:rsi   = long
  # parm1:    rdx:rdx   = long
  # parm2:    rcx       = int
  # parm3:    r8        = int
  # parm4:    r9        = int
  #           [sp+0x60]  (sp of caller)
  0x000076cafdd3ada0: 448b 5608 | 49bb 0000 | 00c1 ca76 | 0000 4d03 | d349 3bc2 | 0f84 0600 

  0x000076cafdd3adb8: ;   {runtime_call ic_miss_stub}
  0x000076cafdd3adb8: 0000 e9c1 | a204 fe90 
[Verified Entry Point]
  0x000076cafdd3adc0: 8984 2400 | c0fe ff55 | 488b ec48 | 83ec 5090 | 4181 7f20 | 3b00 0000 

  0x000076cafdd3add8: ;   {runtime_call StubRoutines (final stubs)}
  0x000076cafdd3add8: 7405 e8a1 | 0603 fe4c | 890c 244d | 8bc8 4c8b | c148 8bca 

  0x000076cafdd3adec: ;   {oop(a 'java/lang/Class'{0x00000000ab1b26a8} = 'org/eclipse/swt/internal/gtk/GTK')}
  0x000076cafdd3adec: 488b d649 | bea8 261b | ab00 0000 | 004c 8974 | 2438 4c8d | 7424 3849 | 8bf6 c5f8 

  0x000076cafdd3ae08: ;   {internal_word}
  0x000076cafdd3ae08: 7749 ba06 | aed3 fdca | 7600 004d | 8997 a803 | 0000 4989 | a7a0 0300 

  0x000076cafdd3ae20: ;   {external_word}
  0x000076cafdd3ae20: 0080 3dad | 12bd 1500 | 0f84 3c00 | 0000 5652 | 5141 5041 

  0x000076cafdd3ae34: ;   {metadata({method} {0x000076cab93e8500} 'gtk_tree_store_set' '(JJIII)V' in 'org/eclipse/swt/internal/gtk/GTK')}
  0x000076cafdd3ae34: 5148 be00 | 853e b9ca | 7600 0049 | 8bff 40f6 | c40f 0f84 | 1200 0000 | 4883 ec08 

  0x000076cafdd3ae50: ;   {runtime_call SharedRuntime::dtrace_method_entry(JavaThread*, Method*)}
  0x000076cafdd3ae50: e80b 9348 | 1548 83c4 | 08e9 0500 

  0x000076cafdd3ae5c: ;   {runtime_call SharedRuntime::dtrace_method_entry(JavaThread*, Method*)}
  0x000076cafdd3ae5c: 0000 e8fd | 9248 1541 | 5941 5859 | 5a5e 498d | bfc0 0300 | 0041 c787 | 4c04 0000 | 0400 0000 
  0x000076cafdd3ae7c: ;   {runtime_call Java_org_eclipse_swt_internal_gtk_GTK_gtk_1tree_1store_1set__JJIII}
  0x000076cafdd3ae7c: 48b8 5089 | 446d ca76 | 0000 ffd0 | c5f8 7741 | c787 4c04 | 0000 0500 | 0000 f083 | 4424 c000 
  0x000076cafdd3ae9c: 493b af50 | 0400 000f | 870e 0000 | 0041 83bf | 4804 0000 | 000f 841c | 0000 00c5 | f877 498b 
  0x000076cafdd3aebc: ff4c 8be4 | 4883 ec00 | 4883 e4f0 

  0x000076cafdd3aec8: ;   {runtime_call JavaThread::check_special_condition_for_native_trans(JavaThread*)}
  0x000076cafdd3aec8: e833 1cff | 1449 8be4 | 4d33 e441 | c787 4c04 | 0000 0800 | 0000 4183 | bfc8 0400 | 0002 0f84 
  0x000076cafdd3aee8: 7700 0000 

  0x000076cafdd3aeec: ;   {external_word}
  0x000076cafdd3aeec: 803d e211 | bd15 000f | 842e 0000 

  0x000076cafdd3aef8: ;   {metadata({method} {0x000076cab93e8500} 'gtk_tree_store_set' '(JJIII)V' in 'org/eclipse/swt/internal/gtk/GTK')}
  0x000076cafdd3aef8: 0048 be00 | 853e b9ca | 7600 0049 | 8bff 40f6 | c40f 0f84 | 1200 0000 | 4883 ec08 

  0x000076cafdd3af14: ;   {runtime_call SharedRuntime::dtrace_method_exit(JavaThread*, Method*)}
  0x000076cafdd3af14: e837 9348 | 1548 83c4 | 08e9 0500 

  0x000076cafdd3af20: ;   {runtime_call SharedRuntime::dtrace_method_exit(JavaThread*, Method*)}
  0x000076cafdd3af20: 0000 e829 | 9348 1549 | c787 a003 | 0000 0000 | 0000 49c7 | 87a8 0300 | 0000 0000 | 00c5 f877 
  0x000076cafdd3af40: 498b 8f30 | 0400 00c7 | 8100 0100 | 0000 0000 | 00c9 4983 | 7f08 000f | 8501 0000 

  0x000076cafdd3af5c: ;   {runtime_call StubRoutines (initial stubs)}
  0x000076cafdd3af5c: 00c3 e99d | ccff fdc5 | f877 4c8b | e448 83ec | 0048 83e4 

  0x000076cafdd3af70: ;   {runtime_call SharedRuntime::reguard_yellow_pages()}
  0x000076cafdd3af70: f0e8 4aa2 | 4815 498b | e44d 33e4 | e96b ffff | fff4 f4f4 | f4f4 f4f4 
[/MachCode]


Compiled method (n/a) 1402994 49211     n 0       org.eclipse.swt.internal.gtk.GTK::gtk_widget_grab_focus (native)
 total in heap  [0x000076cafdd21290,0x000076cafdd215f8] = 872
 relocation     [0x000076cafdd213e8,0x000076cafdd21420] = 56
 main code      [0x000076cafdd21420,0x000076cafdd215ea] = 458
 stub code      [0x000076cafdd215ea,0x000076cafdd215f0] = 6
 oops           [0x000076cafdd215f0,0x000076cafdd215f8] = 8

[Constant Pool (empty)]

[MachCode]
[Entry Point]
  # {method} {0x000076cab93ec380} 'gtk_widget_grab_focus' '(J)V' in 'org/eclipse/swt/internal/gtk/GTK'
  # parm0:    rsi:rsi   = long
  #           [sp+0x50]  (sp of caller)
  0x000076cafdd21420: 448b 5608 | 49bb 0000 | 00c1 ca76 | 0000 4d03 | d349 3bc2 | 0f84 0600 

  0x000076cafdd21438: ;   {runtime_call ic_miss_stub}
  0x000076cafdd21438: 0000 e941 | 3c06 fe90 
[Verified Entry Point]
  0x000076cafdd21440: 8984 2400 | c0fe ff55 | 488b ec48 | 83ec 4090 | 4181 7f20 | 3b00 0000 

  0x000076cafdd21458: ;   {runtime_call StubRoutines (final stubs)}
  0x000076cafdd21458: 7405 e821 | a004 fe48 

  0x000076cafdd21460: ;   {oop(a 'java/lang/Class'{0x00000000ab1b26a8} = 'org/eclipse/swt/internal/gtk/GTK')}
  0x000076cafdd21460: 8bd6 49be | a826 1bab | 0000 0000 | 4c89 7424 | 304c 8d74 | 2430 498b | f6c5 f877 

  0x000076cafdd2147c: ;   {internal_word}
  0x000076cafdd2147c: 49ba 7914 | d2fd ca76 | 0000 4d89 | 97a8 0300 | 0049 89a7 | a003 0000 

  0x000076cafdd21494: ;   {external_word}
  0x000076cafdd21494: 803d 3aac | be15 000f | 8432 0000 

  0x000076cafdd214a0: ;   {metadata({method} {0x000076cab93ec380} 'gtk_widget_grab_focus' '(J)V' in 'org/eclipse/swt/internal/gtk/GTK')}
  0x000076cafdd214a0: 0056 5248 | be80 c33e | b9ca 7600 | 0049 8bff | 40f6 c40f | 0f84 1200 | 0000 4883 

  0x000076cafdd214bc: ;   {runtime_call SharedRuntime::dtrace_method_entry(JavaThread*, Method*)}
  0x000076cafdd214bc: ec08 e89d | 2c4a 1548 | 83c4 08e9 | 0500 0000 

  0x000076cafdd214cc: ;   {runtime_call SharedRuntime::dtrace_method_entry(JavaThread*, Method*)}
  0x000076cafdd214cc: e88f 2c4a | 155a 5e49 | 8dbf c003 | 0000 41c7 | 874c 0400 | 0004 0000 

  0x000076cafdd214e4: ;   {runtime_call Java_org_eclipse_swt_internal_gtk_GTK_gtk_1widget_1grab_1focus}
  0x000076cafdd214e4: 0048 b8dd | 9e44 6dca | 7600 00ff | d0c5 f877 | 41c7 874c | 0400 0005 | 0000 00f0 | 8344 24c0 
  0x000076cafdd21504: 0049 3baf | 5004 0000 | 0f87 0e00 | 0000 4183 | bf48 0400 | 0000 0f84 | 1c00 0000 | c5f8 7749 
  0x000076cafdd21524: 8bff 4c8b | e448 83ec | 0048 83e4 

  0x000076cafdd21530: ;   {runtime_call JavaThread::check_special_condition_for_native_trans(JavaThread*)}
  0x000076cafdd21530: f0e8 cab5 | 0015 498b | e44d 33e4 | 41c7 874c | 0400 0008 | 0000 0041 | 83bf c804 | 0000 020f 
  0x000076cafdd21550: 8477 0000 

  0x000076cafdd21554: ;   {external_word}
  0x000076cafdd21554: 0080 3d79 | abbe 1500 | 0f84 2e00 

  0x000076cafdd21560: ;   {metadata({method} {0x000076cab93ec380} 'gtk_widget_grab_focus' '(J)V' in 'org/eclipse/swt/internal/gtk/GTK')}
  0x000076cafdd21560: 0000 48be | 80c3 3eb9 | ca76 0000 | 498b ff40 | f6c4 0f0f | 8412 0000 | 0048 83ec 

  0x000076cafdd2157c: ;   {runtime_call SharedRuntime::dtrace_method_exit(JavaThread*, Method*)}
  0x000076cafdd2157c: 08e8 ce2c | 4a15 4883 | c408 e905 

  0x000076cafdd21588: ;   {runtime_call SharedRuntime::dtrace_method_exit(JavaThread*, Method*)}
  0x000076cafdd21588: 0000 00e8 | c02c 4a15 | 49c7 87a0 | 0300 0000 | 0000 0049 | c787 a803 | 0000 0000 | 0000 c5f8 
  0x000076cafdd215a8: 7749 8b8f | 3004 0000 | c781 0001 | 0000 0000 | 0000 c949 | 837f 0800 | 0f85 0100 

  0x000076cafdd215c4: ;   {runtime_call StubRoutines (initial stubs)}
  0x000076cafdd215c4: 0000 c3e9 | 3466 01fe | c5f8 774c | 8be4 4883 | ec00 4883 

  0x000076cafdd215d8: ;   {runtime_call SharedRuntime::reguard_yellow_pages()}
  0x000076cafdd215d8: e4f0 e8e1 | 3b4a 1549 | 8be4 4d33 | e4e9 6bff | ffff f4f4 | f4f4 f4f4 
[/MachCode]


---------------  P R O C E S S  ---------------

Threads class SMR info:
_java_thread_list=0x000076ca7ce2df80, length=72, elements={
0x000076cb0c01a8c0, 0x000076cb0c2a04b0, 0x000076cb0c2a1a30, 0x000076cb0c2a31d0,
0x000076cb0c2a4820, 0x000076cb0c2a5dd0, 0x000076cb0c2a7920, 0x000076cb0c2a8ff0,
0x000076cb0c2aadc0, 0x000076cb0c308000, 0x000076cb0c30a4a0, 0x000076cb0c72dee0,
0x000076cb0c82dae0, 0x000076ca3c019c70, 0x000076cb0c857de0, 0x000076ca34030d80,
0x000076ca34299150, 0x000076ca34ae1360, 0x000076ca300833f0, 0x000076cb0c851f00,
0x000076cb0ce52a10, 0x000076c9f8000fe0, 0x000076cb0c86ccb0, 0x000076ca605c2d00,
0x000076c9e03b6e10, 0x000076c9d40011b0, 0x000076c9e03bd220, 0x000076c9e03bebe0,
0x000076c9e03bf940, 0x000076c9e03c0b20, 0x000076c9e03c1e40, 0x000076c9e03c3170,
0x000076c9e03c4890, 0x000076c9e03c5bd0, 0x000076c9e03c7300, 0x000076c9e03c88d0,
0x000076c9e03cc3f0, 0x000076c9e03cdca0, 0x000076cb0e128d80, 0x000076ca6022d730,
0x000076c9b80168b0, 0x000076ca602fcc80, 0x000076c9dc005b90, 0x000076c9b000e930,
0x000076c9b0019f70, 0x000076c9cc032370, 0x000076c9d0006d60, 0x000076c9c00038c0,
0x000076cb0e1bfdc0, 0x000076c964026c60, 0x000076c964028d50, 0x000076c9f8087170,
0x000076c9cc033ef0, 0x000076c9f01bc3a0, 0x000076cb0e973b20, 0x000076cb0f39e9c0,
0x000076cb0fecd1c0, 0x000076c9501ac840, 0x000076cb0fc91960, 0x000076cb0ff03290,
0x000076c91847ffd0, 0x000076c9183d8b20, 0x000076c918728020, 0x000076cb0fe7c9c0,
0x000076c918e6d590, 0x000076c919033860, 0x000076c9191d0ad0, 0x000076c91922e600,
0x000076c919346ad0, 0x000076c91955bd60, 0x000076c918898390, 0x000076ca99889120
}

Java Threads: ( => current thread )
=>0x000076cb0c01a8c0 JavaThread "main"                              [_thread_in_native, id=1321151, stack(0x000076cb12300000,0x000076cb12400000) (1024K)]
  0x000076cb0c2a04b0 JavaThread "Reference Handler"          daemon [_thread_blocked, id=1321159, stack(0x000076caf0500000,0x000076caf0600000) (1024K)]
  0x000076cb0c2a1a30 JavaThread "Finalizer"                  daemon [_thread_blocked, id=1321160, stack(0x000076caf0400000,0x000076caf0500000) (1024K)]
  0x000076cb0c2a31d0 JavaThread "Signal Dispatcher"          daemon [_thread_blocked, id=1321161, stack(0x000076caf0300000,0x000076caf0400000) (1024K)]
  0x000076cb0c2a4820 JavaThread "Service Thread"             daemon [_thread_blocked, id=1321162, stack(0x000076caf0200000,0x000076caf0300000) (1024K)]
  0x000076cb0c2a5dd0 JavaThread "Monitor Deflation Thread"   daemon [_thread_blocked, id=1321163, stack(0x000076caf0100000,0x000076caf0200000) (1024K)]
  0x000076cb0c2a7920 JavaThread "C2 CompilerThread0"         daemon [_thread_in_vm, id=1321164, stack(0x000076caf0000000,0x000076caf0100000) (1024K)]
  0x000076cb0c2a8ff0 JavaThread "C1 CompilerThread0"         daemon [_thread_blocked, id=1321165, stack(0x000076cac0f00000,0x000076cac1000000) (1024K)]
  0x000076cb0c2aadc0 JavaThread "StringDedupThread"          daemon [_thread_blocked, id=1321166, stack(0x000076cac0e00000,0x000076cac0f00000) (1024K)]
  0x000076cb0c308000 JavaThread "Notification Thread"        daemon [_thread_blocked, id=1321167, stack(0x000076cac0c2f000,0x000076cac0d2f000) (1024K)]
  0x000076cb0c30a4a0 JavaThread "Common-Cleaner"             daemon [_thread_blocked, id=1321168, stack(0x000076cac0b2f000,0x000076cac0c2f000) (1024K)]
  0x000076cb0c72dee0 JavaThread "Active Thread: Equinox Container: c138a7b8-7ce5-459f-972c-2d0cddd6eee4"        [_thread_blocked, id=1321186, stack(0x000076ca6e9a5000,0x000076ca6eaa5000) (1024K)]
  0x000076cb0c82dae0 JavaThread "Refresh Thread: Equinox Container: c138a7b8-7ce5-459f-972c-2d0cddd6eee4" daemon [_thread_blocked, id=1321187, stack(0x000076ca6e8a5000,0x000076ca6e9a5000) (1024K)]
  0x000076ca3c019c70 JavaThread "Framework Event Dispatcher: Equinox Container: c138a7b8-7ce5-459f-972c-2d0cddd6eee4" daemon [_thread_blocked, id=1321188, stack(0x000076ca6e73a000,0x000076ca6e83a000) (1024K)]
  0x000076cb0c857de0 JavaThread "Start Level: Equinox Container: c138a7b8-7ce5-459f-972c-2d0cddd6eee4" daemon [_thread_blocked, id=1321189, stack(0x000076ca6e63a000,0x000076ca6e73a000) (1024K)]
  0x000076ca34030d80 JavaThread "SCR Component Actor"        daemon [_thread_blocked, id=1321190, stack(0x000076ca6e49f000,0x000076ca6e59f000) (1024K)]
  0x000076ca34299150 JavaThread "Bundle File Closer"         daemon [_thread_blocked, id=1321192, stack(0x000076ca6e29f000,0x000076ca6e39f000) (1024K)]
  0x000076ca34ae1360 JavaThread "EMF Reference Cleaner"      daemon [_thread_blocked, id=1321193, stack(0x000076ca6e19f000,0x000076ca6e29f000) (1024K)]
  0x000076ca300833f0 JavaThread "Worker-JM"                         [_thread_blocked, id=1321195, stack(0x000076ca6e09f000,0x000076ca6e19f000) (1024K)]
  0x000076cb0c851f00 JavaThread "Gogo shell"                        [_thread_blocked, id=1321196, stack(0x000076ca6df9f000,0x000076ca6e09f000) (1024K)]
  0x000076cb0ce52a10 JavaThread "Worker-0"                          [_thread_blocked, id=1321215, stack(0x000076ca6db9d000,0x000076ca6dc9d000) (1024K)]
  0x000076c9f8000fe0 JavaThread "Worker-2"                          [_thread_blocked, id=1321218, stack(0x000076ca6c02c000,0x000076ca6c12c000) (1024K)]
  0x000076cb0c86ccb0 JavaThread "Java indexing"              daemon [_thread_blocked, id=1321273, stack(0x000076ca04c8a000,0x000076ca04d8a000) (1024K)]
  0x000076ca605c2d00 JavaThread "org.talend.sdk.component.studio.ProcessManager-server"        [_thread_blocked, id=1321302, stack(0x000076ca04021000,0x000076ca04121000) (1024K)]
  0x000076c9e03b6e10 JavaThread "Catalina-utility-1"                [_thread_blocked, id=1321304, stack(0x000076c9e7b00000,0x000076c9e7c00000) (1024K)]
  0x000076c9d40011b0 JavaThread "Catalina-utility-2"                [_thread_blocked, id=1321305, stack(0x000076c9e7a00000,0x000076c9e7b00000) (1024K)]
  0x000076c9e03bd220 JavaThread "talend-component-kit-http-nio-45107-exec-1" daemon [_thread_blocked, id=1321306, stack(0x000076c9e7900000,0x000076c9e7a00000) (1024K)]
  0x000076c9e03bebe0 JavaThread "talend-component-kit-http-nio-45107-exec-2" daemon [_thread_blocked, id=1321307, stack(0x000076c9e7800000,0x000076c9e7900000) (1024K)]
  0x000076c9e03bf940 JavaThread "talend-component-kit-http-nio-45107-exec-3" daemon [_thread_blocked, id=1321308, stack(0x000076c9e7700000,0x000076c9e7800000) (1024K)]
  0x000076c9e03c0b20 JavaThread "talend-component-kit-http-nio-45107-exec-4" daemon [_thread_blocked, id=1321309, stack(0x000076c9e7600000,0x000076c9e7700000) (1024K)]
  0x000076c9e03c1e40 JavaThread "talend-component-kit-http-nio-45107-exec-5" daemon [_thread_blocked, id=1321310, stack(0x000076c9e7500000,0x000076c9e7600000) (1024K)]
  0x000076c9e03c3170 JavaThread "talend-component-kit-http-nio-45107-exec-6" daemon [_thread_blocked, id=1321311, stack(0x000076c9e7400000,0x000076c9e7500000) (1024K)]
  0x000076c9e03c4890 JavaThread "talend-component-kit-http-nio-45107-exec-7" daemon [_thread_blocked, id=1321312, stack(0x000076c9e7300000,0x000076c9e7400000) (1024K)]
  0x000076c9e03c5bd0 JavaThread "talend-component-kit-http-nio-45107-exec-8" daemon [_thread_blocked, id=1321313, stack(0x000076c9e7200000,0x000076c9e7300000) (1024K)]
  0x000076c9e03c7300 JavaThread "talend-component-kit-http-nio-45107-exec-9" daemon [_thread_blocked, id=1321314, stack(0x000076c9e7100000,0x000076c9e7200000) (1024K)]
  0x000076c9e03c88d0 JavaThread "talend-component-kit-http-nio-45107-exec-10" daemon [_thread_blocked, id=1321315, stack(0x000076c9e7000000,0x000076c9e7100000) (1024K)]
  0x000076c9e03cc3f0 JavaThread "talend-component-kit-http-nio-45107-Poller" daemon [_thread_in_native, id=1321316, stack(0x000076c9e6f00000,0x000076c9e7000000) (1024K)]
  0x000076c9e03cdca0 JavaThread "talend-component-kit-http-nio-45107-Acceptor" daemon [_thread_in_native, id=1321317, stack(0x000076c9e6e00000,0x000076c9e6f00000) (1024K)]
  0x000076cb0e128d80 JavaThread "Thread-11"                         [_thread_blocked, id=1321328, stack(0x000076c9e693a000,0x000076c9e6a3a000) (1024K)]
  0x000076ca6022d730 JavaThread "Thread-12"                  daemon [_thread_in_native, id=1321331, stack(0x000076c9e7f00000,0x000076c9e8000000) (1024K)]
  0x000076c9b80168b0 JavaThread "WebSocket background processing" daemon [_thread_blocked, id=1321332, stack(0x000076c9e673a000,0x000076c9e683a000) (1024K)]
  0x000076ca602fcc80 JavaThread "WebSocket background processing" daemon [_thread_blocked, id=1321333, stack(0x000076c9e663a000,0x000076c9e673a000) (1024K)]
  0x000076c9dc005b90 JavaThread "WebSocketClient-AsyncIO-1"  daemon [_thread_blocked, id=1321334, stack(0x000076c9e653a000,0x000076c9e663a000) (1024K)]
  0x000076c9b000e930 JavaThread "org.talend.sdk.component.server.service.jcache.FrontCacheResolver-refresher"        [_thread_blocked, id=1321336, stack(0x000076c9e643a000,0x000076c9e653a000) (1024K)]
  0x000076c9b0019f70 JavaThread "geronimo-simple-jcache-[geronimo://simple-jcache.properties]-"        [_thread_blocked, id=1321337, stack(0x000076c9e633a000,0x000076c9e643a000) (1024K)]
  0x000076c9cc032370 JavaThread "geronimo-simple-jcache-[geronimo://simple-jcache.properties]-"        [_thread_blocked, id=1321338, stack(0x000076ca04121000,0x000076ca04221000) (1024K)]
  0x000076c9d0006d60 JavaThread "geronimo-simple-jcache-[geronimo://simple-jcache.properties]-"        [_thread_blocked, id=1321339, stack(0x000076ca6c67d000,0x000076ca6c77d000) (1024K)]
  0x000076c9c00038c0 JavaThread "geronimo-simple-jcache-[geronimo://simple-jcache.properties]-"        [_thread_blocked, id=1321340, stack(0x000076c9e623a000,0x000076c9e633a000) (1024K)]
  0x000076cb0e1bfdc0 JavaThread "EventAdmin Async Event Dispatcher Thread" daemon [_thread_blocked, id=1321342, stack(0x000076c9e613a000,0x000076c9e623a000) (1024K)]
  0x000076c964026c60 JavaThread "pool-4-thread-1"                   [_thread_blocked, id=1321343, stack(0x000076c9e603a000,0x000076c9e613a000) (1024K)]
  0x000076c964028d50 JavaThread "pool-5-thread-1"                   [_thread_blocked, id=1321344, stack(0x000076c9e5f3a000,0x000076c9e603a000) (1024K)]
  0x000076c9f8087170 JavaThread "Worker-8"                          [_thread_blocked, id=1321345, stack(0x000076c9e5e3a000,0x000076c9e5f3a000) (1024K)]
  0x000076c9cc033ef0 JavaThread "geronimo-simple-jcache-[geronimo://simple-jcache.properties]-"        [_thread_blocked, id=1321392, stack(0x000076c999632000,0x000076c999732000) (1024K)]
  0x000076c9f01bc3a0 JavaThread "pool-6-thread-1"                   [_thread_blocked, id=1321404, stack(0x000076c9a3f00000,0x000076c9a4000000) (1024K)]
  0x000076cb0e973b20 JavaThread "Worker-10"                         [_thread_blocked, id=1321816, stack(0x000076c998cb3000,0x000076c998db3000) (1024K)]
  0x000076cb0f39e9c0 JavaThread "org.eclipse.jdt.internal.ui.text.JavaReconciler" daemon [_thread_blocked, id=1321817, stack(0x000076c9e6c3a000,0x000076c9e6d3a000) (1024K)]
  0x000076cb0fecd1c0 JavaThread "ExecutionLimiterImproved_pool-9-thread-1"        [_thread_blocked, id=1321876, stack(0x000076c9e683a000,0x000076c9e693a000) (1024K)]
  0x000076c9501ac840 JavaThread "Worker-11"                         [_thread_blocked, id=1321878, stack(0x000076ca042e7000,0x000076ca043e7000) (1024K)]
  0x000076cb0fc91960 JavaThread "org.eclipse.jdt.internal.ui.text.JavaReconciler" daemon [_thread_blocked, id=1321939, stack(0x000076c921c64000,0x000076c921d64000) (1024K)]
  0x000076cb0ff03290 JavaThread "org.eclipse.jdt.internal.ui.text.JavaReconciler" daemon [_thread_blocked, id=1322033, stack(0x000076c998bb3000,0x000076c998cb3000) (1024K)]
  0x000076c91847ffd0 JavaThread "org.eclipse.jdt.internal.ui.text.JavaReconciler" daemon [_thread_blocked, id=1322188, stack(0x000076c921564000,0x000076c921664000) (1024K)]
  0x000076c9183d8b20 JavaThread "org.eclipse.jdt.internal.ui.text.JavaReconciler" daemon [_thread_blocked, id=1322221, stack(0x000076c921664000,0x000076c921764000) (1024K)]
  0x000076c918728020 JavaThread "org.eclipse.jdt.internal.ui.text.JavaReconciler" daemon [_thread_blocked, id=1322477, stack(0x000076c921b64000,0x000076c921c64000) (1024K)]
  0x000076cb0fe7c9c0 JavaThread "org.eclipse.jdt.internal.ui.text.JavaReconciler" daemon [_thread_blocked, id=1322530, stack(0x000076c9988b3000,0x000076c9989b3000) (1024K)]
  0x000076c918e6d590 JavaThread "org.eclipse.jdt.internal.ui.text.JavaReconciler" daemon [_thread_blocked, id=1322550, stack(0x000076c921864000,0x000076c921964000) (1024K)]
  0x000076c919033860 JavaThread "org.eclipse.jdt.internal.ui.text.JavaReconciler" daemon [_thread_blocked, id=1322569, stack(0x000076c921a64000,0x000076c921b64000) (1024K)]
  0x000076c9191d0ad0 JavaThread "org.eclipse.jdt.internal.ui.text.JavaReconciler" daemon [_thread_blocked, id=1322587, stack(0x000076c999432000,0x000076c999532000) (1024K)]
  0x000076c91922e600 JavaThread "org.eclipse.jdt.internal.ui.text.JavaReconciler" daemon [_thread_blocked, id=1322607, stack(0x000076c921364000,0x000076c921464000) (1024K)]
  0x000076c919346ad0 JavaThread "org.eclipse.jdt.internal.ui.text.JavaReconciler" daemon [_thread_blocked, id=1322639, stack(0x000076c999732000,0x000076c999832000) (1024K)]
  0x000076c91955bd60 JavaThread "org.eclipse.jdt.internal.ui.text.JavaReconciler" daemon [_thread_blocked, id=1322647, stack(0x000076c921d64000,0x000076c921e64000) (1024K)]
  0x000076c918898390 JavaThread "EventConflaterChain-23"            [_thread_blocked, id=1323045, stack(0x000076c9e6b3a000,0x000076c9e6c3a000) (1024K)]
  0x000076ca99889120 JavaThread "C2 CompilerThread1"         daemon [_thread_blocked, id=1328678, stack(0x000076c9986b3000,0x000076c9987b3000) (1024K)]
Total: 72

Other Threads:
  0x000076cb0c297430 VMThread "VM Thread"                           [id=1321158, stack(0x000076caf0dff000,0x000076caf0eff000) (1024K)]
  0x000076cb0c281300 WatcherThread "VM Periodic Task Thread"        [id=1321157, stack(0x000076caf0f00000,0x000076caf1000000) (1024K)]
  0x000076cb0c066510 WorkerThread "GC Thread#0"                     [id=1321152, stack(0x000076cb10d20000,0x000076cb10e20000) (1024K)]
  0x000076cab00081c0 WorkerThread "GC Thread#1"                     [id=1321177, stack(0x000076ca6f2ae000,0x000076ca6f3ae000) (1024K)]
  0x000076cab0008d00 WorkerThread "GC Thread#2"                     [id=1321178, stack(0x000076ca6f1ad000,0x000076ca6f2ad000) (1024K)]
  0x000076cab0009840 WorkerThread "GC Thread#3"                     [id=1321179, stack(0x000076ca6f0ac000,0x000076ca6f1ac000) (1024K)]
  0x000076cab000a380 WorkerThread "GC Thread#4"                     [id=1321180, stack(0x000076ca6efab000,0x000076ca6f0ab000) (1024K)]
  0x000076cab000aee0 WorkerThread "GC Thread#5"                     [id=1321181, stack(0x000076ca6eeaa000,0x000076ca6efaa000) (1024K)]
  0x000076cab000ba90 WorkerThread "GC Thread#6"                     [id=1321182, stack(0x000076ca6eda9000,0x000076ca6eea9000) (1024K)]
  0x000076cab000c640 WorkerThread "GC Thread#7"                     [id=1321183, stack(0x000076ca6eca8000,0x000076ca6eda8000) (1024K)]
  0x000076cab000d1f0 WorkerThread "GC Thread#8"                     [id=1321184, stack(0x000076ca6eba7000,0x000076ca6eca7000) (1024K)]
  0x000076cab000e190 WorkerThread "GC Thread#9"                     [id=1321185, stack(0x000076ca6eaa6000,0x000076ca6eba6000) (1024K)]
  0x000076cb0c073b50 ConcurrentGCThread "G1 Main Marker"            [id=1321153, stack(0x000076cb10c1f000,0x000076cb10d1f000) (1024K)]
  0x000076cb0c074b00 WorkerThread "G1 Conc#0"                       [id=1321154, stack(0x000076cb10b1e000,0x000076cb10c1e000) (1024K)]
  0x000076cae4000d80 WorkerThread "G1 Conc#1"                       [id=1321197, stack(0x000076ca6de9f000,0x000076ca6df9f000) (1024K)]
  0x000076cae4001900 WorkerThread "G1 Conc#2"                       [id=1321198, stack(0x000076ca6dd9e000,0x000076ca6de9e000) (1024K)]
  0x000076cb0c26e970 ConcurrentGCThread "G1 Refine#0"               [id=1321155, stack(0x000076cb10013000,0x000076cb10113000) (1024K)]
  0x000076cb0c26f940 ConcurrentGCThread "G1 Service"                [id=1321156, stack(0x000076cb0bf00000,0x000076cb0c000000) (1024K)]
Total: 18

Threads with active compile tasks:
Total: 0

VM state: not at safepoint (normal execution)

VM Mutex/Monitor currently owned by a thread: None

Heap address: 0x00000000a0000000, size: 1536 MB, Compressed Oops mode: 32-bit

CDS archive(s) mapped at: [0x000076cac1000000-0x000076cac1c9c000-0x000076cac1c9c000), size 13221888, SharedBaseAddress: 0x000076cac1000000, ArchiveRelocationMode: 1.
Compressed class space mapped at: 0x000076cac2000000-0x000076cadc000000, reserved size: 436207616
Narrow klass base: 0x000076cac1000000, Narrow klass shift: 0, Narrow klass range: 0x100000000

GC Precious Log:
 CardTable entry size: 512
 Card Set container configuration: InlinePtr #cards 5 size 8 Array Of Cards #cards 12 size 40 Howl #buckets 4 coarsen threshold 1843 Howl Bitmap #cards 512 size 80 coarsen threshold 460 Card regions per heap region 1 cards per card region 2048
 CPUs: 12 total, 12 available
 Memory: 15676M
 Large Page Support: Disabled
 NUMA Support: Disabled
 Compressed Oops: Enabled (32-bit)
 Heap Region Size: 1M
 Heap Min Capacity: 512M
 Heap Initial Capacity: 512M
 Heap Max Capacity: 1536M
 Pre-touch: Disabled
 Parallel Workers: 10
 Concurrent Workers: 3
 Concurrent Refinement Workers: 10
 Periodic GC: Disabled
 String Deduplication is enabled

Heap:
 garbage-first heap   total 892928K, used 653312K [0x00000000a0000000, 0x0000000100000000)
  region size 1024K, 140 young (143360K), 16 survivors (16384K)
 Metaspace       used 243786K, committed 248064K, reserved 688128K
  class space    used 29142K, committed 31040K, reserved 425984K

Heap Regions: E=young(eden), S=young(survivor), O=old, HS=humongous(starts), HC=humongous(continues), CS=collection set, F=free, TAMS=top-at-mark-start, PB=parsable bottom
|   0|0x00000000a0000000, 0x00000000a0100000, 0x00000000a0100000|100%| O|  |TAMS 0x00000000a0000000| PB 0x00000000a0000000| Untracked 
|   1|0x00000000a0100000, 0x00000000a0200000, 0x00000000a0200000|100%| O|  |TAMS 0x00000000a0100000| PB 0x00000000a0100000| Untracked 
|   2|0x00000000a0200000, 0x00000000a0300000, 0x00000000a0300000|100%| O|  |TAMS 0x00000000a0200000| PB 0x00000000a0200000| Untracked 
|   3|0x00000000a0300000, 0x00000000a0400000, 0x00000000a0400000|100%| O|  |TAMS 0x00000000a0300000| PB 0x00000000a0300000| Untracked 
|   4|0x00000000a0400000, 0x00000000a0500000, 0x00000000a0500000|100%| O|  |TAMS 0x00000000a0400000| PB 0x00000000a0400000| Untracked 
|   5|0x00000000a0500000, 0x00000000a0600000, 0x00000000a0600000|100%| O|  |TAMS 0x00000000a0500000| PB 0x00000000a0500000| Untracked 
|   6|0x00000000a0600000, 0x00000000a0700000, 0x00000000a0700000|100%| O|  |TAMS 0x00000000a0600000| PB 0x00000000a0600000| Untracked 
|   7|0x00000000a0700000, 0x00000000a0800000, 0x00000000a0800000|100%| O|  |TAMS 0x00000000a0700000| PB 0x00000000a0700000| Untracked 
|   8|0x00000000a0800000, 0x00000000a0900000, 0x00000000a0900000|100%| O|  |TAMS 0x00000000a0800000| PB 0x00000000a0800000| Untracked 
|   9|0x00000000a0900000, 0x00000000a0a00000, 0x00000000a0a00000|100%| O|  |TAMS 0x00000000a0900000| PB 0x00000000a0900000| Untracked 
|  10|0x00000000a0a00000, 0x00000000a0b00000, 0x00000000a0b00000|100%| O|  |TAMS 0x00000000a0a00000| PB 0x00000000a0a00000| Untracked 
|  11|0x00000000a0b00000, 0x00000000a0c00000, 0x00000000a0c00000|100%| O|  |TAMS 0x00000000a0b00000| PB 0x00000000a0b00000| Untracked 
|  12|0x00000000a0c00000, 0x00000000a0d00000, 0x00000000a0d00000|100%| O|  |TAMS 0x00000000a0c00000| PB 0x00000000a0c00000| Untracked 
|  13|0x00000000a0d00000, 0x00000000a0e00000, 0x00000000a0e00000|100%| O|  |TAMS 0x00000000a0d00000| PB 0x00000000a0d00000| Untracked 
|  14|0x00000000a0e00000, 0x00000000a0f00000, 0x00000000a0f00000|100%| O|  |TAMS 0x00000000a0e00000| PB 0x00000000a0e00000| Untracked 
|  15|0x00000000a0f00000, 0x00000000a1000000, 0x00000000a1000000|100%| O|  |TAMS 0x00000000a0f00000| PB 0x00000000a0f00000| Untracked 
|  16|0x00000000a1000000, 0x00000000a1100000, 0x00000000a1100000|100%| O|  |TAMS 0x00000000a1000000| PB 0x00000000a1000000| Untracked 
|  17|0x00000000a1100000, 0x00000000a1200000, 0x00000000a1200000|100%| O|  |TAMS 0x00000000a1100000| PB 0x00000000a1100000| Untracked 
|  18|0x00000000a1200000, 0x00000000a1300000, 0x00000000a1300000|100%|HS|  |TAMS 0x00000000a1200000| PB 0x00000000a1200000| Complete 
|  19|0x00000000a1300000, 0x00000000a1400000, 0x00000000a1400000|100%| O|  |TAMS 0x00000000a1300000| PB 0x00000000a1300000| Untracked 
|  20|0x00000000a1400000, 0x00000000a1500000, 0x00000000a1500000|100%| O|  |TAMS 0x00000000a1400000| PB 0x00000000a1400000| Untracked 
|  21|0x00000000a1500000, 0x00000000a1600000, 0x00000000a1600000|100%| O|  |TAMS 0x00000000a1500000| PB 0x00000000a1500000| Untracked 
|  22|0x00000000a1600000, 0x00000000a1700000, 0x00000000a1700000|100%| O|  |TAMS 0x00000000a1600000| PB 0x00000000a1600000| Untracked 
|  23|0x00000000a1700000, 0x00000000a1800000, 0x00000000a1800000|100%| O|  |TAMS 0x00000000a1700000| PB 0x00000000a1700000| Untracked 
|  24|0x00000000a1800000, 0x00000000a1900000, 0x00000000a1900000|100%| O|  |TAMS 0x00000000a1800000| PB 0x00000000a1800000| Untracked 
|  25|0x00000000a1900000, 0x00000000a1a00000, 0x00000000a1a00000|100%| O|  |TAMS 0x00000000a1900000| PB 0x00000000a1900000| Untracked 
|  26|0x00000000a1a00000, 0x00000000a1b00000, 0x00000000a1b00000|100%| O|  |TAMS 0x00000000a1a00000| PB 0x00000000a1a00000| Untracked 
|  27|0x00000000a1b00000, 0x00000000a1c00000, 0x00000000a1c00000|100%| O|  |TAMS 0x00000000a1b00000| PB 0x00000000a1b00000| Untracked 
|  28|0x00000000a1c00000, 0x00000000a1d00000, 0x00000000a1d00000|100%| O|  |TAMS 0x00000000a1c00000| PB 0x00000000a1c00000| Untracked 
|  29|0x00000000a1d00000, 0x00000000a1e00000, 0x00000000a1e00000|100%| O|  |TAMS 0x00000000a1d00000| PB 0x00000000a1d00000| Untracked 
|  30|0x00000000a1e00000, 0x00000000a1f00000, 0x00000000a1f00000|100%| O|  |TAMS 0x00000000a1e00000| PB 0x00000000a1e00000| Untracked 
|  31|0x00000000a1f00000, 0x00000000a2000000, 0x00000000a2000000|100%| O|  |TAMS 0x00000000a1f00000| PB 0x00000000a1f00000| Untracked 
|  32|0x00000000a2000000, 0x00000000a2100000, 0x00000000a2100000|100%| O|  |TAMS 0x00000000a2000000| PB 0x00000000a2000000| Untracked 
|  33|0x00000000a2100000, 0x00000000a2200000, 0x00000000a2200000|100%| O|  |TAMS 0x00000000a2100000| PB 0x00000000a2100000| Untracked 
|  34|0x00000000a2200000, 0x00000000a2300000, 0x00000000a2300000|100%| O|  |TAMS 0x00000000a2200000| PB 0x00000000a2200000| Untracked 
|  35|0x00000000a2300000, 0x00000000a2400000, 0x00000000a2400000|100%| O|  |TAMS 0x00000000a2300000| PB 0x00000000a2300000| Untracked 
|  36|0x00000000a2400000, 0x00000000a2500000, 0x00000000a2500000|100%| O|  |TAMS 0x00000000a2400000| PB 0x00000000a2400000| Untracked 
|  37|0x00000000a2500000, 0x00000000a2600000, 0x00000000a2600000|100%| O|  |TAMS 0x00000000a2500000| PB 0x00000000a2500000| Untracked 
|  38|0x00000000a2600000, 0x00000000a2700000, 0x00000000a2700000|100%| O|  |TAMS 0x00000000a2600000| PB 0x00000000a2600000| Untracked 
|  39|0x00000000a2700000, 0x00000000a2800000, 0x00000000a2800000|100%| O|  |TAMS 0x00000000a2700000| PB 0x00000000a2700000| Untracked 
|  40|0x00000000a2800000, 0x00000000a2900000, 0x00000000a2900000|100%| O|  |TAMS 0x00000000a2800000| PB 0x00000000a2800000| Untracked 
|  41|0x00000000a2900000, 0x00000000a2a00000, 0x00000000a2a00000|100%| O|  |TAMS 0x00000000a2900000| PB 0x00000000a2900000| Untracked 
|  42|0x00000000a2a00000, 0x00000000a2b00000, 0x00000000a2b00000|100%| O|  |TAMS 0x00000000a2a00000| PB 0x00000000a2a00000| Untracked 
|  43|0x00000000a2b00000, 0x00000000a2c00000, 0x00000000a2c00000|100%|HS|  |TAMS 0x00000000a2b00000| PB 0x00000000a2b00000| Complete 
|  44|0x00000000a2c00000, 0x00000000a2d00000, 0x00000000a2d00000|100%| O|  |TAMS 0x00000000a2c00000| PB 0x00000000a2c00000| Untracked 
|  45|0x00000000a2d00000, 0x00000000a2e00000, 0x00000000a2e00000|100%| O|  |TAMS 0x00000000a2d00000| PB 0x00000000a2d00000| Untracked 
|  46|0x00000000a2e00000, 0x00000000a2f00000, 0x00000000a2f00000|100%| O|  |TAMS 0x00000000a2e00000| PB 0x00000000a2e00000| Untracked 
|  47|0x00000000a2f00000, 0x00000000a3000000, 0x00000000a3000000|100%| O|  |TAMS 0x00000000a2f00000| PB 0x00000000a2f00000| Untracked 
|  48|0x00000000a3000000, 0x00000000a3100000, 0x00000000a3100000|100%| O|  |TAMS 0x00000000a3000000| PB 0x00000000a3000000| Untracked 
|  49|0x00000000a3100000, 0x00000000a3200000, 0x00000000a3200000|100%| O|  |TAMS 0x00000000a3100000| PB 0x00000000a3100000| Untracked 
|  50|0x00000000a3200000, 0x00000000a3200000, 0x00000000a3300000|  0%| F|  |TAMS 0x00000000a3200000| PB 0x00000000a3200000| Untracked 
|  51|0x00000000a3300000, 0x00000000a3300000, 0x00000000a3400000|  0%| F|  |TAMS 0x00000000a3300000| PB 0x00000000a3300000| Untracked 
|  52|0x00000000a3400000, 0x00000000a3500000, 0x00000000a3500000|100%| O|  |TAMS 0x00000000a3400000| PB 0x00000000a3400000| Untracked 
|  53|0x00000000a3500000, 0x00000000a3600000, 0x00000000a3600000|100%| O|  |TAMS 0x00000000a3500000| PB 0x00000000a3500000| Untracked 
|  54|0x00000000a3600000, 0x00000000a3700000, 0x00000000a3700000|100%| O|  |TAMS 0x00000000a3600000| PB 0x00000000a3600000| Untracked 
|  55|0x00000000a3700000, 0x00000000a3800000, 0x00000000a3800000|100%| O|  |TAMS 0x00000000a3700000| PB 0x00000000a3700000| Untracked 
|  56|0x00000000a3800000, 0x00000000a3900000, 0x00000000a3900000|100%| O|  |TAMS 0x00000000a3800000| PB 0x00000000a3800000| Untracked 
|  57|0x00000000a3900000, 0x00000000a3a00000, 0x00000000a3a00000|100%| O|  |TAMS 0x00000000a3900000| PB 0x00000000a3900000| Untracked 
|  58|0x00000000a3a00000, 0x00000000a3b00000, 0x00000000a3b00000|100%| O|  |TAMS 0x00000000a3a00000| PB 0x00000000a3a00000| Untracked 
|  59|0x00000000a3b00000, 0x00000000a3c00000, 0x00000000a3c00000|100%| O|  |TAMS 0x00000000a3b00000| PB 0x00000000a3b00000| Untracked 
|  60|0x00000000a3c00000, 0x00000000a3d00000, 0x00000000a3d00000|100%| O|  |TAMS 0x00000000a3c00000| PB 0x00000000a3c00000| Untracked 
|  61|0x00000000a3d00000, 0x00000000a3e00000, 0x00000000a3e00000|100%| O|  |TAMS 0x00000000a3d00000| PB 0x00000000a3d00000| Untracked 
|  62|0x00000000a3e00000, 0x00000000a3f00000, 0x00000000a3f00000|100%| O|  |TAMS 0x00000000a3e00000| PB 0x00000000a3e00000| Untracked 
|  63|0x00000000a3f00000, 0x00000000a4000000, 0x00000000a4000000|100%| O|  |TAMS 0x00000000a3f00000| PB 0x00000000a3f00000| Untracked 
|  64|0x00000000a4000000, 0x00000000a4100000, 0x00000000a4100000|100%| O|  |TAMS 0x00000000a4000000| PB 0x00000000a4000000| Untracked 
|  65|0x00000000a4100000, 0x00000000a4200000, 0x00000000a4200000|100%| O|  |TAMS 0x00000000a4100000| PB 0x00000000a4100000| Untracked 
|  66|0x00000000a4200000, 0x00000000a4300000, 0x00000000a4300000|100%| O|  |TAMS 0x00000000a4200000| PB 0x00000000a4200000| Untracked 
|  67|0x00000000a4300000, 0x00000000a4400000, 0x00000000a4400000|100%| O|  |TAMS 0x00000000a4300000| PB 0x00000000a4300000| Untracked 
|  68|0x00000000a4400000, 0x00000000a4500000, 0x00000000a4500000|100%| O|  |TAMS 0x00000000a4400000| PB 0x00000000a4400000| Untracked 
|  69|0x00000000a4500000, 0x00000000a4600000, 0x00000000a4600000|100%| O|  |TAMS 0x00000000a4500000| PB 0x00000000a4500000| Untracked 
|  70|0x00000000a4600000, 0x00000000a4700000, 0x00000000a4700000|100%| O|  |TAMS 0x00000000a4600000| PB 0x00000000a4600000| Untracked 
|  71|0x00000000a4700000, 0x00000000a4800000, 0x00000000a4800000|100%| O|  |TAMS 0x00000000a4700000| PB 0x00000000a4700000| Untracked 
|  72|0x00000000a4800000, 0x00000000a4900000, 0x00000000a4900000|100%| O|  |TAMS 0x00000000a4800000| PB 0x00000000a4800000| Untracked 
|  73|0x00000000a4900000, 0x00000000a4a00000, 0x00000000a4a00000|100%| O|  |TAMS 0x00000000a4900000| PB 0x00000000a4900000| Untracked 
|  74|0x00000000a4a00000, 0x00000000a4b00000, 0x00000000a4b00000|100%| O|  |TAMS 0x00000000a4a00000| PB 0x00000000a4a00000| Untracked 
|  75|0x00000000a4b00000, 0x00000000a4c00000, 0x00000000a4c00000|100%| O|  |TAMS 0x00000000a4b00000| PB 0x00000000a4b00000| Untracked 
|  76|0x00000000a4c00000, 0x00000000a4d00000, 0x00000000a4d00000|100%| O|  |TAMS 0x00000000a4c00000| PB 0x00000000a4c00000| Untracked 
|  77|0x00000000a4d00000, 0x00000000a4e00000, 0x00000000a4e00000|100%| O|  |TAMS 0x00000000a4d00000| PB 0x00000000a4d00000| Untracked 
|  78|0x00000000a4e00000, 0x00000000a4f00000, 0x00000000a4f00000|100%| O|  |TAMS 0x00000000a4e00000| PB 0x00000000a4e00000| Untracked 
|  79|0x00000000a4f00000, 0x00000000a5000000, 0x00000000a5000000|100%| O|  |TAMS 0x00000000a4f00000| PB 0x00000000a4f00000| Untracked 
|  80|0x00000000a5000000, 0x00000000a5100000, 0x00000000a5100000|100%| O|  |TAMS 0x00000000a5000000| PB 0x00000000a5000000| Untracked 
|  81|0x00000000a5100000, 0x00000000a5200000, 0x00000000a5200000|100%| O|  |TAMS 0x00000000a5100000| PB 0x00000000a5100000| Untracked 
|  82|0x00000000a5200000, 0x00000000a5300000, 0x00000000a5300000|100%| O|  |TAMS 0x00000000a5200000| PB 0x00000000a5200000| Untracked 
|  83|0x00000000a5300000, 0x00000000a5400000, 0x00000000a5400000|100%| O|  |TAMS 0x00000000a5300000| PB 0x00000000a5300000| Untracked 
|  84|0x00000000a5400000, 0x00000000a5500000, 0x00000000a5500000|100%| O|  |TAMS 0x00000000a5400000| PB 0x00000000a5400000| Untracked 
|  85|0x00000000a5500000, 0x00000000a5600000, 0x00000000a5600000|100%| O|  |TAMS 0x00000000a5500000| PB 0x00000000a5500000| Untracked 
|  86|0x00000000a5600000, 0x00000000a5700000, 0x00000000a5700000|100%| O|  |TAMS 0x00000000a5600000| PB 0x00000000a5600000| Untracked 
|  87|0x00000000a5700000, 0x00000000a5800000, 0x00000000a5800000|100%| O|  |TAMS 0x00000000a5700000| PB 0x00000000a5700000| Untracked 
|  88|0x00000000a5800000, 0x00000000a5900000, 0x00000000a5900000|100%| O|  |TAMS 0x00000000a5800000| PB 0x00000000a5800000| Untracked 
|  89|0x00000000a5900000, 0x00000000a5a00000, 0x00000000a5a00000|100%| O|  |TAMS 0x00000000a5900000| PB 0x00000000a5900000| Untracked 
|  90|0x00000000a5a00000, 0x00000000a5b00000, 0x00000000a5b00000|100%| O|  |TAMS 0x00000000a5a00000| PB 0x00000000a5a00000| Untracked 
|  91|0x00000000a5b00000, 0x00000000a5c00000, 0x00000000a5c00000|100%|HS|  |TAMS 0x00000000a5b00000| PB 0x00000000a5b00000| Complete 
|  92|0x00000000a5c00000, 0x00000000a5d00000, 0x00000000a5d00000|100%| O|  |TAMS 0x00000000a5c00000| PB 0x00000000a5c00000| Untracked 
|  93|0x00000000a5d00000, 0x00000000a5e00000, 0x00000000a5e00000|100%| O|  |TAMS 0x00000000a5d00000| PB 0x00000000a5d00000| Untracked 
|  94|0x00000000a5e00000, 0x00000000a5f00000, 0x00000000a5f00000|100%| O|  |TAMS 0x00000000a5e00000| PB 0x00000000a5e00000| Untracked 
|  95|0x00000000a5f00000, 0x00000000a6000000, 0x00000000a6000000|100%| O|  |TAMS 0x00000000a5f00000| PB 0x00000000a5f00000| Untracked 
|  96|0x00000000a6000000, 0x00000000a6100000, 0x00000000a6100000|100%| O|  |TAMS 0x00000000a6000000| PB 0x00000000a6000000| Untracked 
|  97|0x00000000a6100000, 0x00000000a6200000, 0x00000000a6200000|100%| O|  |TAMS 0x00000000a6100000| PB 0x00000000a6100000| Untracked 
|  98|0x00000000a6200000, 0x00000000a6300000, 0x00000000a6300000|100%| O|  |TAMS 0x00000000a6200000| PB 0x00000000a6200000| Untracked 
|  99|0x00000000a6300000, 0x00000000a6400000, 0x00000000a6400000|100%| O|  |TAMS 0x00000000a6300000| PB 0x00000000a6300000| Untracked 
| 100|0x00000000a6400000, 0x00000000a6500000, 0x00000000a6500000|100%| O|  |TAMS 0x00000000a6400000| PB 0x00000000a6400000| Untracked 
| 101|0x00000000a6500000, 0x00000000a6600000, 0x00000000a6600000|100%| O|  |TAMS 0x00000000a6500000| PB 0x00000000a6500000| Untracked 
| 102|0x00000000a6600000, 0x00000000a6700000, 0x00000000a6700000|100%| O|  |TAMS 0x00000000a6600000| PB 0x00000000a6600000| Untracked 
| 103|0x00000000a6700000, 0x00000000a6800000, 0x00000000a6800000|100%| O|  |TAMS 0x00000000a6700000| PB 0x00000000a6700000| Untracked 
| 104|0x00000000a6800000, 0x00000000a6900000, 0x00000000a6900000|100%| O|  |TAMS 0x00000000a6800000| PB 0x00000000a6800000| Untracked 
| 105|0x00000000a6900000, 0x00000000a6a00000, 0x00000000a6a00000|100%| O|  |TAMS 0x00000000a6900000| PB 0x00000000a6900000| Untracked 
| 106|0x00000000a6a00000, 0x00000000a6b00000, 0x00000000a6b00000|100%| O|  |TAMS 0x00000000a6a00000| PB 0x00000000a6a00000| Untracked 
| 107|0x00000000a6b00000, 0x00000000a6c00000, 0x00000000a6c00000|100%| O|  |TAMS 0x00000000a6b00000| PB 0x00000000a6b00000| Untracked 
| 108|0x00000000a6c00000, 0x00000000a6d00000, 0x00000000a6d00000|100%| O|  |TAMS 0x00000000a6c00000| PB 0x00000000a6c00000| Untracked 
| 109|0x00000000a6d00000, 0x00000000a6e00000, 0x00000000a6e00000|100%| O|  |TAMS 0x00000000a6d00000| PB 0x00000000a6d00000| Untracked 
| 110|0x00000000a6e00000, 0x00000000a6f00000, 0x00000000a6f00000|100%| O|  |TAMS 0x00000000a6e00000| PB 0x00000000a6e00000| Untracked 
| 111|0x00000000a6f00000, 0x00000000a7000000, 0x00000000a7000000|100%| O|  |TAMS 0x00000000a6f00000| PB 0x00000000a6f00000| Untracked 
| 112|0x00000000a7000000, 0x00000000a7100000, 0x00000000a7100000|100%| O|  |TAMS 0x00000000a7000000| PB 0x00000000a7000000| Untracked 
| 113|0x00000000a7100000, 0x00000000a7200000, 0x00000000a7200000|100%| O|  |TAMS 0x00000000a7100000| PB 0x00000000a7100000| Untracked 
| 114|0x00000000a7200000, 0x00000000a7300000, 0x00000000a7300000|100%| O|  |TAMS 0x00000000a7200000| PB 0x00000000a7200000| Untracked 
| 115|0x00000000a7300000, 0x00000000a7400000, 0x00000000a7400000|100%| O|  |TAMS 0x00000000a7300000| PB 0x00000000a7300000| Untracked 
| 116|0x00000000a7400000, 0x00000000a7500000, 0x00000000a7500000|100%| O|  |TAMS 0x00000000a7400000| PB 0x00000000a7400000| Untracked 
| 117|0x00000000a7500000, 0x00000000a7600000, 0x00000000a7600000|100%| O|  |TAMS 0x00000000a7500000| PB 0x00000000a7500000| Untracked 
| 118|0x00000000a7600000, 0x00000000a7700000, 0x00000000a7700000|100%| O|  |TAMS 0x00000000a7600000| PB 0x00000000a7600000| Untracked 
| 119|0x00000000a7700000, 0x00000000a7800000, 0x00000000a7800000|100%| O|  |TAMS 0x00000000a7700000| PB 0x00000000a7700000| Untracked 
| 120|0x00000000a7800000, 0x00000000a7900000, 0x00000000a7900000|100%| O|  |TAMS 0x00000000a7800000| PB 0x00000000a7800000| Untracked 
| 121|0x00000000a7900000, 0x00000000a7a00000, 0x00000000a7a00000|100%| O|  |TAMS 0x00000000a7900000| PB 0x00000000a7900000| Untracked 
| 122|0x00000000a7a00000, 0x00000000a7b00000, 0x00000000a7b00000|100%| O|  |TAMS 0x00000000a7a00000| PB 0x00000000a7a00000| Untracked 
| 123|0x00000000a7b00000, 0x00000000a7c00000, 0x00000000a7c00000|100%| O|  |TAMS 0x00000000a7b00000| PB 0x00000000a7b00000| Untracked 
| 124|0x00000000a7c00000, 0x00000000a7d00000, 0x00000000a7d00000|100%| O|  |TAMS 0x00000000a7c00000| PB 0x00000000a7c00000| Untracked 
| 125|0x00000000a7d00000, 0x00000000a7e00000, 0x00000000a7e00000|100%| O|  |TAMS 0x00000000a7d00000| PB 0x00000000a7d00000| Untracked 
| 126|0x00000000a7e00000, 0x00000000a7f00000, 0x00000000a7f00000|100%| O|  |TAMS 0x00000000a7e00000| PB 0x00000000a7e00000| Untracked 
| 127|0x00000000a7f00000, 0x00000000a8000000, 0x00000000a8000000|100%| O|  |TAMS 0x00000000a7f00000| PB 0x00000000a7f00000| Untracked 
| 128|0x00000000a8000000, 0x00000000a8100000, 0x00000000a8100000|100%| O|  |TAMS 0x00000000a8000000| PB 0x00000000a8000000| Untracked 
| 129|0x00000000a8100000, 0x00000000a8200000, 0x00000000a8200000|100%| O|  |TAMS 0x00000000a8100000| PB 0x00000000a8100000| Untracked 
| 130|0x00000000a8200000, 0x00000000a8300000, 0x00000000a8300000|100%| O|  |TAMS 0x00000000a8200000| PB 0x00000000a8200000| Untracked 
| 131|0x00000000a8300000, 0x00000000a8400000, 0x00000000a8400000|100%| O|  |TAMS 0x00000000a8300000| PB 0x00000000a8300000| Untracked 
| 132|0x00000000a8400000, 0x00000000a8500000, 0x00000000a8500000|100%| O|  |TAMS 0x00000000a8400000| PB 0x00000000a8400000| Untracked 
| 133|0x00000000a8500000, 0x00000000a8600000, 0x00000000a8600000|100%| O|  |TAMS 0x00000000a8500000| PB 0x00000000a8500000| Untracked 
| 134|0x00000000a8600000, 0x00000000a8700000, 0x00000000a8700000|100%| O|  |TAMS 0x00000000a8600000| PB 0x00000000a8600000| Untracked 
| 135|0x00000000a8700000, 0x00000000a8800000, 0x00000000a8800000|100%| O|  |TAMS 0x00000000a8700000| PB 0x00000000a8700000| Untracked 
| 136|0x00000000a8800000, 0x00000000a8900000, 0x00000000a8900000|100%| O|  |TAMS 0x00000000a8800000| PB 0x00000000a8800000| Untracked 
| 137|0x00000000a8900000, 0x00000000a8a00000, 0x00000000a8a00000|100%| O|  |TAMS 0x00000000a8900000| PB 0x00000000a8900000| Untracked 
| 138|0x00000000a8a00000, 0x00000000a8b00000, 0x00000000a8b00000|100%| O|  |TAMS 0x00000000a8a00000| PB 0x00000000a8a00000| Untracked 
| 139|0x00000000a8b00000, 0x00000000a8c00000, 0x00000000a8c00000|100%| O|  |TAMS 0x00000000a8b00000| PB 0x00000000a8b00000| Untracked 
| 140|0x00000000a8c00000, 0x00000000a8d00000, 0x00000000a8d00000|100%| O|  |TAMS 0x00000000a8c00000| PB 0x00000000a8c00000| Untracked 
| 141|0x00000000a8d00000, 0x00000000a8e00000, 0x00000000a8e00000|100%| O|  |TAMS 0x00000000a8d00000| PB 0x00000000a8d00000| Untracked 
| 142|0x00000000a8e00000, 0x00000000a8f00000, 0x00000000a8f00000|100%| O|  |TAMS 0x00000000a8e00000| PB 0x00000000a8e00000| Untracked 
| 143|0x00000000a8f00000, 0x00000000a9000000, 0x00000000a9000000|100%| O|  |TAMS 0x00000000a8f00000| PB 0x00000000a8f00000| Untracked 
| 144|0x00000000a9000000, 0x00000000a9100000, 0x00000000a9100000|100%| O|  |TAMS 0x00000000a9000000| PB 0x00000000a9000000| Untracked 
| 145|0x00000000a9100000, 0x00000000a9200000, 0x00000000a9200000|100%| O|  |TAMS 0x00000000a9100000| PB 0x00000000a9100000| Untracked 
| 146|0x00000000a9200000, 0x00000000a9300000, 0x00000000a9300000|100%| O|  |TAMS 0x00000000a9200000| PB 0x00000000a9200000| Untracked 
| 147|0x00000000a9300000, 0x00000000a9400000, 0x00000000a9400000|100%| O|  |TAMS 0x00000000a9300000| PB 0x00000000a9300000| Untracked 
| 148|0x00000000a9400000, 0x00000000a9500000, 0x00000000a9500000|100%| O|  |TAMS 0x00000000a9400000| PB 0x00000000a9400000| Untracked 
| 149|0x00000000a9500000, 0x00000000a9600000, 0x00000000a9600000|100%| O|  |TAMS 0x00000000a9500000| PB 0x00000000a9500000| Untracked 
| 150|0x00000000a9600000, 0x00000000a9700000, 0x00000000a9700000|100%| O|  |TAMS 0x00000000a9600000| PB 0x00000000a9600000| Untracked 
| 151|0x00000000a9700000, 0x00000000a9800000, 0x00000000a9800000|100%| O|  |TAMS 0x00000000a9700000| PB 0x00000000a9700000| Untracked 
| 152|0x00000000a9800000, 0x00000000a9900000, 0x00000000a9900000|100%| O|  |TAMS 0x00000000a9800000| PB 0x00000000a9800000| Untracked 
| 153|0x00000000a9900000, 0x00000000a9a00000, 0x00000000a9a00000|100%|HS|  |TAMS 0x00000000a9900000| PB 0x00000000a9900000| Complete 
| 154|0x00000000a9a00000, 0x00000000a9b00000, 0x00000000a9b00000|100%| O|  |TAMS 0x00000000a9a00000| PB 0x00000000a9a00000| Untracked 
| 155|0x00000000a9b00000, 0x00000000a9c00000, 0x00000000a9c00000|100%|HS|  |TAMS 0x00000000a9b00000| PB 0x00000000a9b00000| Complete 
| 156|0x00000000a9c00000, 0x00000000a9d00000, 0x00000000a9d00000|100%| O|  |TAMS 0x00000000a9c00000| PB 0x00000000a9c00000| Untracked 
| 157|0x00000000a9d00000, 0x00000000a9e00000, 0x00000000a9e00000|100%| O|  |TAMS 0x00000000a9d00000| PB 0x00000000a9d00000| Untracked 
| 158|0x00000000a9e00000, 0x00000000a9f00000, 0x00000000a9f00000|100%| O|  |TAMS 0x00000000a9e00000| PB 0x00000000a9e00000| Untracked 
| 159|0x00000000a9f00000, 0x00000000aa000000, 0x00000000aa000000|100%| O|  |TAMS 0x00000000a9f00000| PB 0x00000000a9f00000| Untracked 
| 160|0x00000000aa000000, 0x00000000aa100000, 0x00000000aa100000|100%| O|  |TAMS 0x00000000aa000000| PB 0x00000000aa000000| Untracked 
| 161|0x00000000aa100000, 0x00000000aa200000, 0x00000000aa200000|100%| O|  |TAMS 0x00000000aa100000| PB 0x00000000aa100000| Untracked 
| 162|0x00000000aa200000, 0x00000000aa300000, 0x00000000aa300000|100%| O|  |TAMS 0x00000000aa200000| PB 0x00000000aa200000| Untracked 
| 163|0x00000000aa300000, 0x00000000aa400000, 0x00000000aa400000|100%| O|  |TAMS 0x00000000aa300000| PB 0x00000000aa300000| Untracked 
| 164|0x00000000aa400000, 0x00000000aa500000, 0x00000000aa500000|100%| O|  |TAMS 0x00000000aa400000| PB 0x00000000aa400000| Untracked 
| 165|0x00000000aa500000, 0x00000000aa600000, 0x00000000aa600000|100%| O|  |TAMS 0x00000000aa500000| PB 0x00000000aa500000| Untracked 
| 166|0x00000000aa600000, 0x00000000aa700000, 0x00000000aa700000|100%| O|  |TAMS 0x00000000aa600000| PB 0x00000000aa600000| Untracked 
| 167|0x00000000aa700000, 0x00000000aa800000, 0x00000000aa800000|100%| O|  |TAMS 0x00000000aa700000| PB 0x00000000aa700000| Untracked 
| 168|0x00000000aa800000, 0x00000000aa900000, 0x00000000aa900000|100%| O|  |TAMS 0x00000000aa800000| PB 0x00000000aa800000| Untracked 
| 169|0x00000000aa900000, 0x00000000aaa00000, 0x00000000aaa00000|100%| O|  |TAMS 0x00000000aa900000| PB 0x00000000aa900000| Untracked 
| 170|0x00000000aaa00000, 0x00000000aab00000, 0x00000000aab00000|100%| O|  |TAMS 0x00000000aaa00000| PB 0x00000000aaa00000| Untracked 
| 171|0x00000000aab00000, 0x00000000aac00000, 0x00000000aac00000|100%| O|  |TAMS 0x00000000aab00000| PB 0x00000000aab00000| Untracked 
| 172|0x00000000aac00000, 0x00000000aad00000, 0x00000000aad00000|100%| O|  |TAMS 0x00000000aac00000| PB 0x00000000aac00000| Untracked 
| 173|0x00000000aad00000, 0x00000000aae00000, 0x00000000aae00000|100%| O|  |TAMS 0x00000000aad00000| PB 0x00000000aad00000| Untracked 
| 174|0x00000000aae00000, 0x00000000aaf00000, 0x00000000aaf00000|100%| O|  |TAMS 0x00000000aae00000| PB 0x00000000aae00000| Untracked 
| 175|0x00000000aaf00000, 0x00000000ab000000, 0x00000000ab000000|100%| O|  |TAMS 0x00000000aaf00000| PB 0x00000000aaf00000| Untracked 
| 176|0x00000000ab000000, 0x00000000ab100000, 0x00000000ab100000|100%| O|  |TAMS 0x00000000ab000000| PB 0x00000000ab000000| Untracked 
| 177|0x00000000ab100000, 0x00000000ab200000, 0x00000000ab200000|100%| O|  |TAMS 0x00000000ab100000| PB 0x00000000ab100000| Untracked 
| 178|0x00000000ab200000, 0x00000000ab300000, 0x00000000ab300000|100%| O|  |TAMS 0x00000000ab200000| PB 0x00000000ab200000| Untracked 
| 179|0x00000000ab300000, 0x00000000ab400000, 0x00000000ab400000|100%| O|  |TAMS 0x00000000ab300000| PB 0x00000000ab300000| Untracked 
| 180|0x00000000ab400000, 0x00000000ab500000, 0x00000000ab500000|100%| O|  |TAMS 0x00000000ab400000| PB 0x00000000ab400000| Untracked 
| 181|0x00000000ab500000, 0x00000000ab600000, 0x00000000ab600000|100%| O|  |TAMS 0x00000000ab500000| PB 0x00000000ab500000| Untracked 
| 182|0x00000000ab600000, 0x00000000ab700000, 0x00000000ab700000|100%| O|  |TAMS 0x00000000ab600000| PB 0x00000000ab600000| Untracked 
| 183|0x00000000ab700000, 0x00000000ab800000, 0x00000000ab800000|100%| O|  |TAMS 0x00000000ab700000| PB 0x00000000ab700000| Untracked 
| 184|0x00000000ab800000, 0x00000000ab900000, 0x00000000ab900000|100%| O|  |TAMS 0x00000000ab800000| PB 0x00000000ab800000| Untracked 
| 185|0x00000000ab900000, 0x00000000aba00000, 0x00000000aba00000|100%| O|  |TAMS 0x00000000ab900000| PB 0x00000000ab900000| Untracked 
| 186|0x00000000aba00000, 0x00000000abb00000, 0x00000000abb00000|100%| O|  |TAMS 0x00000000aba00000| PB 0x00000000aba00000| Untracked 
| 187|0x00000000abb00000, 0x00000000abc00000, 0x00000000abc00000|100%| O|  |TAMS 0x00000000abb00000| PB 0x00000000abb00000| Untracked 
| 188|0x00000000abc00000, 0x00000000abd00000, 0x00000000abd00000|100%| O|  |TAMS 0x00000000abc00000| PB 0x00000000abc00000| Untracked 
| 189|0x00000000abd00000, 0x00000000abe00000, 0x00000000abe00000|100%| O|  |TAMS 0x00000000abd00000| PB 0x00000000abd00000| Untracked 
| 190|0x00000000abe00000, 0x00000000abf00000, 0x00000000abf00000|100%| O|  |TAMS 0x00000000abe00000| PB 0x00000000abe00000| Untracked 
| 191|0x00000000abf00000, 0x00000000ac000000, 0x00000000ac000000|100%| O|  |TAMS 0x00000000abf00000| PB 0x00000000abf00000| Untracked 
| 192|0x00000000ac000000, 0x00000000ac100000, 0x00000000ac100000|100%| O|  |TAMS 0x00000000ac000000| PB 0x00000000ac000000| Untracked 
| 193|0x00000000ac100000, 0x00000000ac200000, 0x00000000ac200000|100%| O|  |TAMS 0x00000000ac100000| PB 0x00000000ac100000| Untracked 
| 194|0x00000000ac200000, 0x00000000ac300000, 0x00000000ac300000|100%| O|  |TAMS 0x00000000ac200000| PB 0x00000000ac200000| Untracked 
| 195|0x00000000ac300000, 0x00000000ac400000, 0x00000000ac400000|100%| O|  |TAMS 0x00000000ac300000| PB 0x00000000ac300000| Untracked 
| 196|0x00000000ac400000, 0x00000000ac500000, 0x00000000ac500000|100%| O|  |TAMS 0x00000000ac400000| PB 0x00000000ac400000| Untracked 
| 197|0x00000000ac500000, 0x00000000ac600000, 0x00000000ac600000|100%| O|  |TAMS 0x00000000ac500000| PB 0x00000000ac500000| Untracked 
| 198|0x00000000ac600000, 0x00000000ac700000, 0x00000000ac700000|100%| O|  |TAMS 0x00000000ac600000| PB 0x00000000ac600000| Untracked 
| 199|0x00000000ac700000, 0x00000000ac800000, 0x00000000ac800000|100%| O|  |TAMS 0x00000000ac700000| PB 0x00000000ac700000| Untracked 
| 200|0x00000000ac800000, 0x00000000ac900000, 0x00000000ac900000|100%| O|  |TAMS 0x00000000ac800000| PB 0x00000000ac800000| Untracked 
| 201|0x00000000ac900000, 0x00000000aca00000, 0x00000000aca00000|100%| O|  |TAMS 0x00000000ac900000| PB 0x00000000ac900000| Untracked 
| 202|0x00000000aca00000, 0x00000000acb00000, 0x00000000acb00000|100%| O|  |TAMS 0x00000000aca00000| PB 0x00000000aca00000| Untracked 
| 203|0x00000000acb00000, 0x00000000acc00000, 0x00000000acc00000|100%| O|  |TAMS 0x00000000acb00000| PB 0x00000000acb00000| Untracked 
| 204|0x00000000acc00000, 0x00000000acd00000, 0x00000000acd00000|100%| O|  |TAMS 0x00000000acc00000| PB 0x00000000acc00000| Untracked 
| 205|0x00000000acd00000, 0x00000000ace00000, 0x00000000ace00000|100%| O|  |TAMS 0x00000000acd00000| PB 0x00000000acd00000| Untracked 
| 206|0x00000000ace00000, 0x00000000acf00000, 0x00000000acf00000|100%| O|  |TAMS 0x00000000ace00000| PB 0x00000000ace00000| Untracked 
| 207|0x00000000acf00000, 0x00000000ad000000, 0x00000000ad000000|100%| O|  |TAMS 0x00000000acf00000| PB 0x00000000acf00000| Untracked 
| 208|0x00000000ad000000, 0x00000000ad100000, 0x00000000ad100000|100%| O|  |TAMS 0x00000000ad000000| PB 0x00000000ad000000| Untracked 
| 209|0x00000000ad100000, 0x00000000ad200000, 0x00000000ad200000|100%| O|  |TAMS 0x00000000ad100000| PB 0x00000000ad100000| Untracked 
| 210|0x00000000ad200000, 0x00000000ad300000, 0x00000000ad300000|100%| O|  |TAMS 0x00000000ad200000| PB 0x00000000ad200000| Untracked 
| 211|0x00000000ad300000, 0x00000000ad400000, 0x00000000ad400000|100%| O|  |TAMS 0x00000000ad300000| PB 0x00000000ad300000| Untracked 
| 212|0x00000000ad400000, 0x00000000ad500000, 0x00000000ad500000|100%| O|  |TAMS 0x00000000ad400000| PB 0x00000000ad400000| Untracked 
| 213|0x00000000ad500000, 0x00000000ad600000, 0x00000000ad600000|100%| O|  |TAMS 0x00000000ad500000| PB 0x00000000ad500000| Untracked 
| 214|0x00000000ad600000, 0x00000000ad700000, 0x00000000ad700000|100%| O|  |TAMS 0x00000000ad600000| PB 0x00000000ad600000| Untracked 
| 215|0x00000000ad700000, 0x00000000ad800000, 0x00000000ad800000|100%| O|  |TAMS 0x00000000ad700000| PB 0x00000000ad700000| Untracked 
| 216|0x00000000ad800000, 0x00000000ad900000, 0x00000000ad900000|100%| O|  |TAMS 0x00000000ad800000| PB 0x00000000ad800000| Untracked 
| 217|0x00000000ad900000, 0x00000000ada00000, 0x00000000ada00000|100%| O|  |TAMS 0x00000000ad900000| PB 0x00000000ad900000| Untracked 
| 218|0x00000000ada00000, 0x00000000adb00000, 0x00000000adb00000|100%| O|  |TAMS 0x00000000ada00000| PB 0x00000000ada00000| Untracked 
| 219|0x00000000adb00000, 0x00000000adc00000, 0x00000000adc00000|100%| O|  |TAMS 0x00000000adb00000| PB 0x00000000adb00000| Untracked 
| 220|0x00000000adc00000, 0x00000000add00000, 0x00000000add00000|100%| O|  |TAMS 0x00000000adc00000| PB 0x00000000adc00000| Untracked 
| 221|0x00000000add00000, 0x00000000ade00000, 0x00000000ade00000|100%| O|  |TAMS 0x00000000add00000| PB 0x00000000add00000| Untracked 
| 222|0x00000000ade00000, 0x00000000adf00000, 0x00000000adf00000|100%| O|  |TAMS 0x00000000ade00000| PB 0x00000000ade00000| Untracked 
| 223|0x00000000adf00000, 0x00000000ae000000, 0x00000000ae000000|100%| O|  |TAMS 0x00000000adf00000| PB 0x00000000adf00000| Untracked 
| 224|0x00000000ae000000, 0x00000000ae100000, 0x00000000ae100000|100%| O|  |TAMS 0x00000000ae000000| PB 0x00000000ae000000| Untracked 
| 225|0x00000000ae100000, 0x00000000ae200000, 0x00000000ae200000|100%| O|  |TAMS 0x00000000ae100000| PB 0x00000000ae100000| Untracked 
| 226|0x00000000ae200000, 0x00000000ae300000, 0x00000000ae300000|100%| O|  |TAMS 0x00000000ae200000| PB 0x00000000ae200000| Untracked 
| 227|0x00000000ae300000, 0x00000000ae400000, 0x00000000ae400000|100%| O|  |TAMS 0x00000000ae300000| PB 0x00000000ae300000| Untracked 
| 228|0x00000000ae400000, 0x00000000ae500000, 0x00000000ae500000|100%| O|  |TAMS 0x00000000ae400000| PB 0x00000000ae400000| Untracked 
| 229|0x00000000ae500000, 0x00000000ae600000, 0x00000000ae600000|100%| O|  |TAMS 0x00000000ae500000| PB 0x00000000ae500000| Untracked 
| 230|0x00000000ae600000, 0x00000000ae700000, 0x00000000ae700000|100%| O|  |TAMS 0x00000000ae600000| PB 0x00000000ae600000| Untracked 
| 231|0x00000000ae700000, 0x00000000ae800000, 0x00000000ae800000|100%| O|  |TAMS 0x00000000ae700000| PB 0x00000000ae700000| Untracked 
| 232|0x00000000ae800000, 0x00000000ae900000, 0x00000000ae900000|100%| O|  |TAMS 0x00000000ae800000| PB 0x00000000ae800000| Untracked 
| 233|0x00000000ae900000, 0x00000000aea00000, 0x00000000aea00000|100%| O|  |TAMS 0x00000000ae900000| PB 0x00000000ae900000| Untracked 
| 234|0x00000000aea00000, 0x00000000aeb00000, 0x00000000aeb00000|100%| O|  |TAMS 0x00000000aea00000| PB 0x00000000aea00000| Untracked 
| 235|0x00000000aeb00000, 0x00000000aec00000, 0x00000000aec00000|100%| O|  |TAMS 0x00000000aeb00000| PB 0x00000000aeb00000| Untracked 
| 236|0x00000000aec00000, 0x00000000aed00000, 0x00000000aed00000|100%| O|  |TAMS 0x00000000aec00000| PB 0x00000000aec00000| Untracked 
| 237|0x00000000aed00000, 0x00000000aee00000, 0x00000000aee00000|100%| O|  |TAMS 0x00000000aed00000| PB 0x00000000aed00000| Untracked 
| 238|0x00000000aee00000, 0x00000000aef00000, 0x00000000aef00000|100%| O|  |TAMS 0x00000000aee00000| PB 0x00000000aee00000| Untracked 
| 239|0x00000000aef00000, 0x00000000af000000, 0x00000000af000000|100%| O|  |TAMS 0x00000000aef00000| PB 0x00000000aef00000| Untracked 
| 240|0x00000000af000000, 0x00000000af100000, 0x00000000af100000|100%| O|  |TAMS 0x00000000af000000| PB 0x00000000af000000| Untracked 
| 241|0x00000000af100000, 0x00000000af200000, 0x00000000af200000|100%| O|  |TAMS 0x00000000af100000| PB 0x00000000af100000| Untracked 
| 242|0x00000000af200000, 0x00000000af300000, 0x00000000af300000|100%| O|  |TAMS 0x00000000af200000| PB 0x00000000af200000| Untracked 
| 243|0x00000000af300000, 0x00000000af400000, 0x00000000af400000|100%| O|  |TAMS 0x00000000af300000| PB 0x00000000af300000| Untracked 
| 244|0x00000000af400000, 0x00000000af500000, 0x00000000af500000|100%| O|  |TAMS 0x00000000af400000| PB 0x00000000af400000| Untracked 
| 245|0x00000000af500000, 0x00000000af600000, 0x00000000af600000|100%| O|  |TAMS 0x00000000af500000| PB 0x00000000af500000| Untracked 
| 246|0x00000000af600000, 0x00000000af700000, 0x00000000af700000|100%| O|  |TAMS 0x00000000af600000| PB 0x00000000af600000| Untracked 
| 247|0x00000000af700000, 0x00000000af800000, 0x00000000af800000|100%| O|  |TAMS 0x00000000af700000| PB 0x00000000af700000| Untracked 
| 248|0x00000000af800000, 0x00000000af900000, 0x00000000af900000|100%| O|  |TAMS 0x00000000af800000| PB 0x00000000af800000| Untracked 
| 249|0x00000000af900000, 0x00000000afa00000, 0x00000000afa00000|100%| O|  |TAMS 0x00000000af900000| PB 0x00000000af900000| Untracked 
| 250|0x00000000afa00000, 0x00000000afb00000, 0x00000000afb00000|100%| O|  |TAMS 0x00000000afa00000| PB 0x00000000afa00000| Untracked 
| 251|0x00000000afb00000, 0x00000000afc00000, 0x00000000afc00000|100%| O|  |TAMS 0x00000000afb00000| PB 0x00000000afb00000| Untracked 
| 252|0x00000000afc00000, 0x00000000afd00000, 0x00000000afd00000|100%| O|  |TAMS 0x00000000afc00000| PB 0x00000000afc00000| Untracked 
| 253|0x00000000afd00000, 0x00000000afe00000, 0x00000000afe00000|100%| O|  |TAMS 0x00000000afd00000| PB 0x00000000afd00000| Untracked 
| 254|0x00000000afe00000, 0x00000000aff00000, 0x00000000aff00000|100%| O|  |TAMS 0x00000000afe00000| PB 0x00000000afe00000| Untracked 
| 255|0x00000000aff00000, 0x00000000b0000000, 0x00000000b0000000|100%| O|  |TAMS 0x00000000aff00000| PB 0x00000000aff00000| Untracked 
| 256|0x00000000b0000000, 0x00000000b0100000, 0x00000000b0100000|100%| O|  |TAMS 0x00000000b0000000| PB 0x00000000b0000000| Untracked 
| 257|0x00000000b0100000, 0x00000000b0200000, 0x00000000b0200000|100%| O|  |TAMS 0x00000000b0100000| PB 0x00000000b0100000| Untracked 
| 258|0x00000000b0200000, 0x00000000b0300000, 0x00000000b0300000|100%| O|  |TAMS 0x00000000b0200000| PB 0x00000000b0200000| Untracked 
| 259|0x00000000b0300000, 0x00000000b0400000, 0x00000000b0400000|100%| O|  |TAMS 0x00000000b0300000| PB 0x00000000b0300000| Untracked 
| 260|0x00000000b0400000, 0x00000000b0500000, 0x00000000b0500000|100%| O|  |TAMS 0x00000000b0400000| PB 0x00000000b0400000| Untracked 
| 261|0x00000000b0500000, 0x00000000b0600000, 0x00000000b0600000|100%| O|  |TAMS 0x00000000b0500000| PB 0x00000000b0500000| Untracked 
| 262|0x00000000b0600000, 0x00000000b0700000, 0x00000000b0700000|100%| O|  |TAMS 0x00000000b0600000| PB 0x00000000b0600000| Untracked 
| 263|0x00000000b0700000, 0x00000000b0800000, 0x00000000b0800000|100%| O|  |TAMS 0x00000000b0700000| PB 0x00000000b0700000| Untracked 
| 264|0x00000000b0800000, 0x00000000b0900000, 0x00000000b0900000|100%| O|  |TAMS 0x00000000b0800000| PB 0x00000000b0800000| Untracked 
| 265|0x00000000b0900000, 0x00000000b0a00000, 0x00000000b0a00000|100%| O|  |TAMS 0x00000000b0900000| PB 0x00000000b0900000| Untracked 
| 266|0x00000000b0a00000, 0x00000000b0b00000, 0x00000000b0b00000|100%| O|  |TAMS 0x00000000b0a00000| PB 0x00000000b0a00000| Untracked 
| 267|0x00000000b0b00000, 0x00000000b0c00000, 0x00000000b0c00000|100%| O|  |TAMS 0x00000000b0b00000| PB 0x00000000b0b00000| Untracked 
| 268|0x00000000b0c00000, 0x00000000b0d00000, 0x00000000b0d00000|100%| O|  |TAMS 0x00000000b0c00000| PB 0x00000000b0c00000| Untracked 
| 269|0x00000000b0d00000, 0x00000000b0e00000, 0x00000000b0e00000|100%| O|  |TAMS 0x00000000b0d00000| PB 0x00000000b0d00000| Untracked 
| 270|0x00000000b0e00000, 0x00000000b0f00000, 0x00000000b0f00000|100%| O|  |TAMS 0x00000000b0e00000| PB 0x00000000b0e00000| Untracked 
| 271|0x00000000b0f00000, 0x00000000b1000000, 0x00000000b1000000|100%| O|  |TAMS 0x00000000b0f00000| PB 0x00000000b0f00000| Untracked 
| 272|0x00000000b1000000, 0x00000000b1100000, 0x00000000b1100000|100%| O|  |TAMS 0x00000000b1000000| PB 0x00000000b1000000| Untracked 
| 273|0x00000000b1100000, 0x00000000b1200000, 0x00000000b1200000|100%| O|  |TAMS 0x00000000b1100000| PB 0x00000000b1100000| Untracked 
| 274|0x00000000b1200000, 0x00000000b1300000, 0x00000000b1300000|100%| O|  |TAMS 0x00000000b1200000| PB 0x00000000b1200000| Untracked 
| 275|0x00000000b1300000, 0x00000000b1400000, 0x00000000b1400000|100%| O|  |TAMS 0x00000000b1300000| PB 0x00000000b1300000| Untracked 
| 276|0x00000000b1400000, 0x00000000b1500000, 0x00000000b1500000|100%| O|  |TAMS 0x00000000b1400000| PB 0x00000000b1400000| Untracked 
| 277|0x00000000b1500000, 0x00000000b1600000, 0x00000000b1600000|100%| O|  |TAMS 0x00000000b1500000| PB 0x00000000b1500000| Untracked 
| 278|0x00000000b1600000, 0x00000000b1700000, 0x00000000b1700000|100%| O|  |TAMS 0x00000000b1600000| PB 0x00000000b1600000| Untracked 
| 279|0x00000000b1700000, 0x00000000b1800000, 0x00000000b1800000|100%| O|  |TAMS 0x00000000b1700000| PB 0x00000000b1700000| Untracked 
| 280|0x00000000b1800000, 0x00000000b1900000, 0x00000000b1900000|100%| O|  |TAMS 0x00000000b1800000| PB 0x00000000b1800000| Untracked 
| 281|0x00000000b1900000, 0x00000000b1a00000, 0x00000000b1a00000|100%| O|  |TAMS 0x00000000b1900000| PB 0x00000000b1900000| Untracked 
| 282|0x00000000b1a00000, 0x00000000b1b00000, 0x00000000b1b00000|100%| O|  |TAMS 0x00000000b1a00000| PB 0x00000000b1a00000| Untracked 
| 283|0x00000000b1b00000, 0x00000000b1c00000, 0x00000000b1c00000|100%| O|  |TAMS 0x00000000b1b00000| PB 0x00000000b1b00000| Untracked 
| 284|0x00000000b1c00000, 0x00000000b1d00000, 0x00000000b1d00000|100%| O|  |TAMS 0x00000000b1c00000| PB 0x00000000b1c00000| Untracked 
| 285|0x00000000b1d00000, 0x00000000b1e00000, 0x00000000b1e00000|100%| O|  |TAMS 0x00000000b1d00000| PB 0x00000000b1d00000| Untracked 
| 286|0x00000000b1e00000, 0x00000000b1f00000, 0x00000000b1f00000|100%| O|  |TAMS 0x00000000b1e00000| PB 0x00000000b1e00000| Untracked 
| 287|0x00000000b1f00000, 0x00000000b2000000, 0x00000000b2000000|100%| O|  |TAMS 0x00000000b1f00000| PB 0x00000000b1f00000| Untracked 
| 288|0x00000000b2000000, 0x00000000b2100000, 0x00000000b2100000|100%| O|  |TAMS 0x00000000b2000000| PB 0x00000000b2000000| Untracked 
| 289|0x00000000b2100000, 0x00000000b2200000, 0x00000000b2200000|100%| O|  |TAMS 0x00000000b2100000| PB 0x00000000b2100000| Untracked 
| 290|0x00000000b2200000, 0x00000000b2300000, 0x00000000b2300000|100%| O|  |TAMS 0x00000000b2200000| PB 0x00000000b2200000| Untracked 
| 291|0x00000000b2300000, 0x00000000b2400000, 0x00000000b2400000|100%| O|  |TAMS 0x00000000b2300000| PB 0x00000000b2300000| Untracked 
| 292|0x00000000b2400000, 0x00000000b2500000, 0x00000000b2500000|100%| O|  |TAMS 0x00000000b2400000| PB 0x00000000b2400000| Untracked 
| 293|0x00000000b2500000, 0x00000000b2600000, 0x00000000b2600000|100%| O|  |TAMS 0x00000000b2500000| PB 0x00000000b2500000| Untracked 
| 294|0x00000000b2600000, 0x00000000b2700000, 0x00000000b2700000|100%|HS|  |TAMS 0x00000000b2600000| PB 0x00000000b2600000| Complete 
| 295|0x00000000b2700000, 0x00000000b2800000, 0x00000000b2800000|100%|HC|  |TAMS 0x00000000b2700000| PB 0x00000000b2700000| Complete 
| 296|0x00000000b2800000, 0x00000000b2900000, 0x00000000b2900000|100%| O|  |TAMS 0x00000000b2800000| PB 0x00000000b2800000| Untracked 
| 297|0x00000000b2900000, 0x00000000b2a00000, 0x00000000b2a00000|100%| O|  |TAMS 0x00000000b2900000| PB 0x00000000b2900000| Untracked 
| 298|0x00000000b2a00000, 0x00000000b2b00000, 0x00000000b2b00000|100%| O|  |TAMS 0x00000000b2a00000| PB 0x00000000b2a00000| Untracked 
| 299|0x00000000b2b00000, 0x00000000b2c00000, 0x00000000b2c00000|100%| O|  |TAMS 0x00000000b2b00000| PB 0x00000000b2b00000| Untracked 
| 300|0x00000000b2c00000, 0x00000000b2d00000, 0x00000000b2d00000|100%| O|  |TAMS 0x00000000b2c00000| PB 0x00000000b2c00000| Untracked 
| 301|0x00000000b2d00000, 0x00000000b2e00000, 0x00000000b2e00000|100%| O|  |TAMS 0x00000000b2d00000| PB 0x00000000b2d00000| Untracked 
| 302|0x00000000b2e00000, 0x00000000b2f00000, 0x00000000b2f00000|100%| O|  |TAMS 0x00000000b2e00000| PB 0x00000000b2e00000| Untracked 
| 303|0x00000000b2f00000, 0x00000000b3000000, 0x00000000b3000000|100%| O|  |TAMS 0x00000000b2f00000| PB 0x00000000b2f00000| Untracked 
| 304|0x00000000b3000000, 0x00000000b3100000, 0x00000000b3100000|100%| O|  |TAMS 0x00000000b3000000| PB 0x00000000b3000000| Untracked 
| 305|0x00000000b3100000, 0x00000000b3200000, 0x00000000b3200000|100%| O|  |TAMS 0x00000000b3100000| PB 0x00000000b3100000| Untracked 
| 306|0x00000000b3200000, 0x00000000b3300000, 0x00000000b3300000|100%| O|  |TAMS 0x00000000b3200000| PB 0x00000000b3200000| Untracked 
| 307|0x00000000b3300000, 0x00000000b3400000, 0x00000000b3400000|100%| O|  |TAMS 0x00000000b3300000| PB 0x00000000b3300000| Untracked 
| 308|0x00000000b3400000, 0x00000000b3500000, 0x00000000b3500000|100%| O|  |TAMS 0x00000000b3400000| PB 0x00000000b3400000| Untracked 
| 309|0x00000000b3500000, 0x00000000b3600000, 0x00000000b3600000|100%| O|  |TAMS 0x00000000b3500000| PB 0x00000000b3500000| Untracked 
| 310|0x00000000b3600000, 0x00000000b3700000, 0x00000000b3700000|100%| O|  |TAMS 0x00000000b3600000| PB 0x00000000b3600000| Untracked 
| 311|0x00000000b3700000, 0x00000000b3800000, 0x00000000b3800000|100%| O|  |TAMS 0x00000000b3700000| PB 0x00000000b3700000| Untracked 
| 312|0x00000000b3800000, 0x00000000b3900000, 0x00000000b3900000|100%| O|  |TAMS 0x00000000b3800000| PB 0x00000000b3800000| Untracked 
| 313|0x00000000b3900000, 0x00000000b3a00000, 0x00000000b3a00000|100%| O|  |TAMS 0x00000000b3900000| PB 0x00000000b3900000| Untracked 
| 314|0x00000000b3a00000, 0x00000000b3b00000, 0x00000000b3b00000|100%| O|  |TAMS 0x00000000b3a00000| PB 0x00000000b3a00000| Untracked 
| 315|0x00000000b3b00000, 0x00000000b3c00000, 0x00000000b3c00000|100%| O|  |TAMS 0x00000000b3b00000| PB 0x00000000b3b00000| Untracked 
| 316|0x00000000b3c00000, 0x00000000b3d00000, 0x00000000b3d00000|100%| O|  |TAMS 0x00000000b3c00000| PB 0x00000000b3c00000| Untracked 
| 317|0x00000000b3d00000, 0x00000000b3e00000, 0x00000000b3e00000|100%| O|  |TAMS 0x00000000b3d00000| PB 0x00000000b3d00000| Untracked 
| 318|0x00000000b3e00000, 0x00000000b3f00000, 0x00000000b3f00000|100%| O|  |TAMS 0x00000000b3e00000| PB 0x00000000b3e00000| Untracked 
| 319|0x00000000b3f00000, 0x00000000b4000000, 0x00000000b4000000|100%| O|  |TAMS 0x00000000b3f00000| PB 0x00000000b3f00000| Untracked 
| 320|0x00000000b4000000, 0x00000000b4100000, 0x00000000b4100000|100%| O|  |TAMS 0x00000000b4000000| PB 0x00000000b4000000| Untracked 
| 321|0x00000000b4100000, 0x00000000b4200000, 0x00000000b4200000|100%| O|  |TAMS 0x00000000b4100000| PB 0x00000000b4100000| Untracked 
| 322|0x00000000b4200000, 0x00000000b4300000, 0x00000000b4300000|100%| O|  |TAMS 0x00000000b4200000| PB 0x00000000b4200000| Untracked 
| 323|0x00000000b4300000, 0x00000000b4400000, 0x00000000b4400000|100%| O|  |TAMS 0x00000000b4300000| PB 0x00000000b4300000| Untracked 
| 324|0x00000000b4400000, 0x00000000b4500000, 0x00000000b4500000|100%| O|  |TAMS 0x00000000b4400000| PB 0x00000000b4400000| Untracked 
| 325|0x00000000b4500000, 0x00000000b4600000, 0x00000000b4600000|100%| O|  |TAMS 0x00000000b4500000| PB 0x00000000b4500000| Untracked 
| 326|0x00000000b4600000, 0x00000000b4700000, 0x00000000b4700000|100%| O|  |TAMS 0x00000000b4600000| PB 0x00000000b4600000| Untracked 
| 327|0x00000000b4700000, 0x00000000b4800000, 0x00000000b4800000|100%| O|  |TAMS 0x00000000b4700000| PB 0x00000000b4700000| Untracked 
| 328|0x00000000b4800000, 0x00000000b4900000, 0x00000000b4900000|100%| O|  |TAMS 0x00000000b4800000| PB 0x00000000b4800000| Untracked 
| 329|0x00000000b4900000, 0x00000000b4a00000, 0x00000000b4a00000|100%| O|  |TAMS 0x00000000b4900000| PB 0x00000000b4900000| Untracked 
| 330|0x00000000b4a00000, 0x00000000b4b00000, 0x00000000b4b00000|100%| O|  |TAMS 0x00000000b4a00000| PB 0x00000000b4a00000| Untracked 
| 331|0x00000000b4b00000, 0x00000000b4c00000, 0x00000000b4c00000|100%| O|  |TAMS 0x00000000b4b00000| PB 0x00000000b4b00000| Untracked 
| 332|0x00000000b4c00000, 0x00000000b4d00000, 0x00000000b4d00000|100%| O|  |TAMS 0x00000000b4c00000| PB 0x00000000b4c00000| Untracked 
| 333|0x00000000b4d00000, 0x00000000b4e00000, 0x00000000b4e00000|100%| O|  |TAMS 0x00000000b4d00000| PB 0x00000000b4d00000| Untracked 
| 334|0x00000000b4e00000, 0x00000000b4f00000, 0x00000000b4f00000|100%| O|  |TAMS 0x00000000b4e00000| PB 0x00000000b4e00000| Untracked 
| 335|0x00000000b4f00000, 0x00000000b5000000, 0x00000000b5000000|100%| O|  |TAMS 0x00000000b4f00000| PB 0x00000000b4f00000| Untracked 
| 336|0x00000000b5000000, 0x00000000b5100000, 0x00000000b5100000|100%| O|  |TAMS 0x00000000b5000000| PB 0x00000000b5000000| Untracked 
| 337|0x00000000b5100000, 0x00000000b5200000, 0x00000000b5200000|100%| O|  |TAMS 0x00000000b5100000| PB 0x00000000b5100000| Untracked 
| 338|0x00000000b5200000, 0x00000000b5300000, 0x00000000b5300000|100%| O|  |TAMS 0x00000000b5200000| PB 0x00000000b5200000| Untracked 
| 339|0x00000000b5300000, 0x00000000b5400000, 0x00000000b5400000|100%| O|  |TAMS 0x00000000b5300000| PB 0x00000000b5300000| Untracked 
| 340|0x00000000b5400000, 0x00000000b5400000, 0x00000000b5500000|  0%| F|  |TAMS 0x00000000b5400000| PB 0x00000000b5400000| Untracked 
| 341|0x00000000b5500000, 0x00000000b5600000, 0x00000000b5600000|100%| O|  |TAMS 0x00000000b5500000| PB 0x00000000b5500000| Untracked 
| 342|0x00000000b5600000, 0x00000000b5700000, 0x00000000b5700000|100%| O|  |TAMS 0x00000000b5600000| PB 0x00000000b5600000| Untracked 
| 343|0x00000000b5700000, 0x00000000b5800000, 0x00000000b5800000|100%| O|  |TAMS 0x00000000b5700000| PB 0x00000000b5700000| Untracked 
| 344|0x00000000b5800000, 0x00000000b5900000, 0x00000000b5900000|100%| O|  |TAMS 0x00000000b5800000| PB 0x00000000b5800000| Untracked 
| 345|0x00000000b5900000, 0x00000000b5a00000, 0x00000000b5a00000|100%| O|  |TAMS 0x00000000b5900000| PB 0x00000000b5900000| Untracked 
| 346|0x00000000b5a00000, 0x00000000b5b00000, 0x00000000b5b00000|100%| O|  |TAMS 0x00000000b5a00000| PB 0x00000000b5a00000| Untracked 
| 347|0x00000000b5b00000, 0x00000000b5c00000, 0x00000000b5c00000|100%| O|  |TAMS 0x00000000b5b00000| PB 0x00000000b5b00000| Untracked 
| 348|0x00000000b5c00000, 0x00000000b5d00000, 0x00000000b5d00000|100%| O|  |TAMS 0x00000000b5c00000| PB 0x00000000b5c00000| Untracked 
| 349|0x00000000b5d00000, 0x00000000b5e00000, 0x00000000b5e00000|100%| O|  |TAMS 0x00000000b5d00000| PB 0x00000000b5d00000| Untracked 
| 350|0x00000000b5e00000, 0x00000000b5f00000, 0x00000000b5f00000|100%| O|  |TAMS 0x00000000b5e00000| PB 0x00000000b5e00000| Untracked 
| 351|0x00000000b5f00000, 0x00000000b6000000, 0x00000000b6000000|100%| O|  |TAMS 0x00000000b5f00000| PB 0x00000000b5f00000| Untracked 
| 352|0x00000000b6000000, 0x00000000b6100000, 0x00000000b6100000|100%| O|  |TAMS 0x00000000b6000000| PB 0x00000000b6000000| Untracked 
| 353|0x00000000b6100000, 0x00000000b6100000, 0x00000000b6200000|  0%| F|  |TAMS 0x00000000b6100000| PB 0x00000000b6100000| Untracked 
| 354|0x00000000b6200000, 0x00000000b6200000, 0x00000000b6300000|  0%| F|  |TAMS 0x00000000b6200000| PB 0x00000000b6200000| Untracked 
| 355|0x00000000b6300000, 0x00000000b6400000, 0x00000000b6400000|100%| O|  |TAMS 0x00000000b6300000| PB 0x00000000b6300000| Untracked 
| 356|0x00000000b6400000, 0x00000000b6500000, 0x00000000b6500000|100%| O|  |TAMS 0x00000000b6400000| PB 0x00000000b6400000| Untracked 
| 357|0x00000000b6500000, 0x00000000b6600000, 0x00000000b6600000|100%| O|  |TAMS 0x00000000b6500000| PB 0x00000000b6500000| Untracked 
| 358|0x00000000b6600000, 0x00000000b6700000, 0x00000000b6700000|100%| O|  |TAMS 0x00000000b6600000| PB 0x00000000b6600000| Untracked 
| 359|0x00000000b6700000, 0x00000000b6800000, 0x00000000b6800000|100%| O|  |TAMS 0x00000000b6700000| PB 0x00000000b6700000| Untracked 
| 360|0x00000000b6800000, 0x00000000b6900000, 0x00000000b6900000|100%| O|  |TAMS 0x00000000b6800000| PB 0x00000000b6800000| Untracked 
| 361|0x00000000b6900000, 0x00000000b6a00000, 0x00000000b6a00000|100%| O|  |TAMS 0x00000000b6900000| PB 0x00000000b6900000| Untracked 
| 362|0x00000000b6a00000, 0x00000000b6b00000, 0x00000000b6b00000|100%| O|  |TAMS 0x00000000b6a00000| PB 0x00000000b6a00000| Untracked 
| 363|0x00000000b6b00000, 0x00000000b6c00000, 0x00000000b6c00000|100%| O|  |TAMS 0x00000000b6b00000| PB 0x00000000b6b00000| Untracked 
| 364|0x00000000b6c00000, 0x00000000b6d00000, 0x00000000b6d00000|100%| O|  |TAMS 0x00000000b6c00000| PB 0x00000000b6c00000| Untracked 
| 365|0x00000000b6d00000, 0x00000000b6e00000, 0x00000000b6e00000|100%| O|  |TAMS 0x00000000b6d00000| PB 0x00000000b6d00000| Untracked 
| 366|0x00000000b6e00000, 0x00000000b6f00000, 0x00000000b6f00000|100%| O|  |TAMS 0x00000000b6e00000| PB 0x00000000b6e00000| Untracked 
| 367|0x00000000b6f00000, 0x00000000b7000000, 0x00000000b7000000|100%| O|  |TAMS 0x00000000b6f00000| PB 0x00000000b6f00000| Untracked 
| 368|0x00000000b7000000, 0x00000000b7100000, 0x00000000b7100000|100%| O|  |TAMS 0x00000000b7000000| PB 0x00000000b7000000| Untracked 
| 369|0x00000000b7100000, 0x00000000b7200000, 0x00000000b7200000|100%| O|  |TAMS 0x00000000b7100000| PB 0x00000000b7100000| Untracked 
| 370|0x00000000b7200000, 0x00000000b7300000, 0x00000000b7300000|100%| O|  |TAMS 0x00000000b7200000| PB 0x00000000b7200000| Untracked 
| 371|0x00000000b7300000, 0x00000000b7400000, 0x00000000b7400000|100%| O|  |TAMS 0x00000000b7300000| PB 0x00000000b7300000| Untracked 
| 372|0x00000000b7400000, 0x00000000b7500000, 0x00000000b7500000|100%| O|  |TAMS 0x00000000b7400000| PB 0x00000000b7400000| Untracked 
| 373|0x00000000b7500000, 0x00000000b7600000, 0x00000000b7600000|100%| O|  |TAMS 0x00000000b7500000| PB 0x00000000b7500000| Untracked 
| 374|0x00000000b7600000, 0x00000000b7700000, 0x00000000b7700000|100%| O|  |TAMS 0x00000000b7600000| PB 0x00000000b7600000| Untracked 
| 375|0x00000000b7700000, 0x00000000b7700000, 0x00000000b7800000|  0%| F|  |TAMS 0x00000000b7700000| PB 0x00000000b7700000| Untracked 
| 376|0x00000000b7800000, 0x00000000b7900000, 0x00000000b7900000|100%| O|  |TAMS 0x00000000b7800000| PB 0x00000000b7800000| Untracked 
| 377|0x00000000b7900000, 0x00000000b7a00000, 0x00000000b7a00000|100%| O|  |TAMS 0x00000000b7900000| PB 0x00000000b7900000| Untracked 
| 378|0x00000000b7a00000, 0x00000000b7a00000, 0x00000000b7b00000|  0%| F|  |TAMS 0x00000000b7a00000| PB 0x00000000b7a00000| Untracked 
| 379|0x00000000b7b00000, 0x00000000b7c00000, 0x00000000b7c00000|100%| O|  |TAMS 0x00000000b7b00000| PB 0x00000000b7b00000| Untracked 
| 380|0x00000000b7c00000, 0x00000000b7c00000, 0x00000000b7d00000|  0%| F|  |TAMS 0x00000000b7c00000| PB 0x00000000b7c00000| Untracked 
| 381|0x00000000b7d00000, 0x00000000b7e00000, 0x00000000b7e00000|100%| O|  |TAMS 0x00000000b7d00000| PB 0x00000000b7d00000| Untracked 
| 382|0x00000000b7e00000, 0x00000000b7f00000, 0x00000000b7f00000|100%| O|  |TAMS 0x00000000b7e00000| PB 0x00000000b7e00000| Untracked 
| 383|0x00000000b7f00000, 0x00000000b8000000, 0x00000000b8000000|100%| O|  |TAMS 0x00000000b7f00000| PB 0x00000000b7f00000| Untracked 
| 384|0x00000000b8000000, 0x00000000b8100000, 0x00000000b8100000|100%| O|  |TAMS 0x00000000b8000000| PB 0x00000000b8000000| Untracked 
| 385|0x00000000b8100000, 0x00000000b8100000, 0x00000000b8200000|  0%| F|  |TAMS 0x00000000b8100000| PB 0x00000000b8100000| Untracked 
| 386|0x00000000b8200000, 0x00000000b8300000, 0x00000000b8300000|100%| O|  |TAMS 0x00000000b8200000| PB 0x00000000b8200000| Untracked 
| 387|0x00000000b8300000, 0x00000000b8400000, 0x00000000b8400000|100%| O|  |TAMS 0x00000000b8300000| PB 0x00000000b8300000| Untracked 
| 388|0x00000000b8400000, 0x00000000b8500000, 0x00000000b8500000|100%| O|  |TAMS 0x00000000b8400000| PB 0x00000000b8400000| Untracked 
| 389|0x00000000b8500000, 0x00000000b8600000, 0x00000000b8600000|100%| O|  |TAMS 0x00000000b8500000| PB 0x00000000b8500000| Untracked 
| 390|0x00000000b8600000, 0x00000000b8700000, 0x00000000b8700000|100%| O|  |TAMS 0x00000000b8600000| PB 0x00000000b8600000| Untracked 
| 391|0x00000000b8700000, 0x00000000b8700000, 0x00000000b8800000|  0%| F|  |TAMS 0x00000000b8700000| PB 0x00000000b8700000| Untracked 
| 392|0x00000000b8800000, 0x00000000b8800000, 0x00000000b8900000|  0%| F|  |TAMS 0x00000000b8800000| PB 0x00000000b8800000| Untracked 
| 393|0x00000000b8900000, 0x00000000b8900000, 0x00000000b8a00000|  0%| F|  |TAMS 0x00000000b8900000| PB 0x00000000b8900000| Untracked 
| 394|0x00000000b8a00000, 0x00000000b8b00000, 0x00000000b8b00000|100%| O|  |TAMS 0x00000000b8a00000| PB 0x00000000b8a00000| Untracked 
| 395|0x00000000b8b00000, 0x00000000b8b00000, 0x00000000b8c00000|  0%| F|  |TAMS 0x00000000b8b00000| PB 0x00000000b8b00000| Untracked 
| 396|0x00000000b8c00000, 0x00000000b8c00000, 0x00000000b8d00000|  0%| F|  |TAMS 0x00000000b8c00000| PB 0x00000000b8c00000| Untracked 
| 397|0x00000000b8d00000, 0x00000000b8e00000, 0x00000000b8e00000|100%| O|  |TAMS 0x00000000b8d00000| PB 0x00000000b8d00000| Untracked 
| 398|0x00000000b8e00000, 0x00000000b8f00000, 0x00000000b8f00000|100%| O|  |TAMS 0x00000000b8e00000| PB 0x00000000b8e00000| Untracked 
| 399|0x00000000b8f00000, 0x00000000b9000000, 0x00000000b9000000|100%| O|  |TAMS 0x00000000b8f00000| PB 0x00000000b8f00000| Untracked 
| 400|0x00000000b9000000, 0x00000000b9100000, 0x00000000b9100000|100%| O|  |TAMS 0x00000000b9000000| PB 0x00000000b9000000| Untracked 
| 401|0x00000000b9100000, 0x00000000b9200000, 0x00000000b9200000|100%| O|  |TAMS 0x00000000b9100000| PB 0x00000000b9100000| Untracked 
| 402|0x00000000b9200000, 0x00000000b9300000, 0x00000000b9300000|100%| O|  |TAMS 0x00000000b9200000| PB 0x00000000b9200000| Untracked 
| 403|0x00000000b9300000, 0x00000000b9400000, 0x00000000b9400000|100%| O|  |TAMS 0x00000000b9300000| PB 0x00000000b9300000| Untracked 
| 404|0x00000000b9400000, 0x00000000b9500000, 0x00000000b9500000|100%| O|  |TAMS 0x00000000b9400000| PB 0x00000000b9400000| Untracked 
| 405|0x00000000b9500000, 0x00000000b9600000, 0x00000000b9600000|100%| O|  |TAMS 0x00000000b9500000| PB 0x00000000b9500000| Untracked 
| 406|0x00000000b9600000, 0x00000000b9700000, 0x00000000b9700000|100%| O|  |TAMS 0x00000000b9600000| PB 0x00000000b9600000| Untracked 
| 407|0x00000000b9700000, 0x00000000b9800000, 0x00000000b9800000|100%| O|  |TAMS 0x00000000b9700000| PB 0x00000000b9700000| Untracked 
| 408|0x00000000b9800000, 0x00000000b9900000, 0x00000000b9900000|100%| O|  |TAMS 0x00000000b9800000| PB 0x00000000b9800000| Untracked 
| 409|0x00000000b9900000, 0x00000000b9a00000, 0x00000000b9a00000|100%| O|  |TAMS 0x00000000b9900000| PB 0x00000000b9900000| Untracked 
| 410|0x00000000b9a00000, 0x00000000b9b00000, 0x00000000b9b00000|100%| O|  |TAMS 0x00000000b9a00000| PB 0x00000000b9a00000| Untracked 
| 411|0x00000000b9b00000, 0x00000000b9c00000, 0x00000000b9c00000|100%| O|  |TAMS 0x00000000b9b00000| PB 0x00000000b9b00000| Untracked 
| 412|0x00000000b9c00000, 0x00000000b9d00000, 0x00000000b9d00000|100%| O|  |TAMS 0x00000000b9c00000| PB 0x00000000b9c00000| Untracked 
| 413|0x00000000b9d00000, 0x00000000b9e00000, 0x00000000b9e00000|100%| O|  |TAMS 0x00000000b9d00000| PB 0x00000000b9d00000| Untracked 
| 414|0x00000000b9e00000, 0x00000000b9f00000, 0x00000000b9f00000|100%| O|  |TAMS 0x00000000b9e00000| PB 0x00000000b9e00000| Untracked 
| 415|0x00000000b9f00000, 0x00000000ba000000, 0x00000000ba000000|100%| O|  |TAMS 0x00000000b9f00000| PB 0x00000000b9f00000| Untracked 
| 416|0x00000000ba000000, 0x00000000ba100000, 0x00000000ba100000|100%| O|  |TAMS 0x00000000ba000000| PB 0x00000000ba000000| Untracked 
| 417|0x00000000ba100000, 0x00000000ba200000, 0x00000000ba200000|100%|HS|  |TAMS 0x00000000ba100000| PB 0x00000000ba100000| Complete 
| 418|0x00000000ba200000, 0x00000000ba300000, 0x00000000ba300000|100%|HC|  |TAMS 0x00000000ba200000| PB 0x00000000ba200000| Complete 
| 419|0x00000000ba300000, 0x00000000ba400000, 0x00000000ba400000|100%| O|  |TAMS 0x00000000ba300000| PB 0x00000000ba300000| Untracked 
| 420|0x00000000ba400000, 0x00000000ba500000, 0x00000000ba500000|100%| O|  |TAMS 0x00000000ba400000| PB 0x00000000ba400000| Untracked 
| 421|0x00000000ba500000, 0x00000000ba600000, 0x00000000ba600000|100%| O|  |TAMS 0x00000000ba500000| PB 0x00000000ba500000| Untracked 
| 422|0x00000000ba600000, 0x00000000ba600000, 0x00000000ba700000|  0%| F|  |TAMS 0x00000000ba600000| PB 0x00000000ba600000| Untracked 
| 423|0x00000000ba700000, 0x00000000ba800000, 0x00000000ba800000|100%| O|  |TAMS 0x00000000ba700000| PB 0x00000000ba700000| Untracked 
| 424|0x00000000ba800000, 0x00000000ba900000, 0x00000000ba900000|100%| O|  |TAMS 0x00000000ba800000| PB 0x00000000ba800000| Untracked 
| 425|0x00000000ba900000, 0x00000000baa00000, 0x00000000baa00000|100%| O|  |TAMS 0x00000000ba900000| PB 0x00000000ba900000| Untracked 
| 426|0x00000000baa00000, 0x00000000baa00000, 0x00000000bab00000|  0%| F|  |TAMS 0x00000000baa00000| PB 0x00000000baa00000| Untracked 
| 427|0x00000000bab00000, 0x00000000bac00000, 0x00000000bac00000|100%| O|  |TAMS 0x00000000bab00000| PB 0x00000000bab00000| Untracked 
| 428|0x00000000bac00000, 0x00000000bad00000, 0x00000000bad00000|100%| O|  |TAMS 0x00000000bac00000| PB 0x00000000bac00000| Untracked 
| 429|0x00000000bad00000, 0x00000000bae00000, 0x00000000bae00000|100%| O|  |TAMS 0x00000000bad00000| PB 0x00000000bad00000| Untracked 
| 430|0x00000000bae00000, 0x00000000baf00000, 0x00000000baf00000|100%| O|  |TAMS 0x00000000bae00000| PB 0x00000000bae00000| Untracked 
| 431|0x00000000baf00000, 0x00000000bb000000, 0x00000000bb000000|100%| O|  |TAMS 0x00000000baf00000| PB 0x00000000baf00000| Untracked 
| 432|0x00000000bb000000, 0x00000000bb100000, 0x00000000bb100000|100%| O|  |TAMS 0x00000000bb000000| PB 0x00000000bb000000| Untracked 
| 433|0x00000000bb100000, 0x00000000bb200000, 0x00000000bb200000|100%| O|  |TAMS 0x00000000bb100000| PB 0x00000000bb100000| Untracked 
| 434|0x00000000bb200000, 0x00000000bb200000, 0x00000000bb300000|  0%| F|  |TAMS 0x00000000bb200000| PB 0x00000000bb200000| Untracked 
| 435|0x00000000bb300000, 0x00000000bb300000, 0x00000000bb400000|  0%| F|  |TAMS 0x00000000bb300000| PB 0x00000000bb300000| Untracked 
| 436|0x00000000bb400000, 0x00000000bb400000, 0x00000000bb500000|  0%| F|  |TAMS 0x00000000bb400000| PB 0x00000000bb400000| Untracked 
| 437|0x00000000bb500000, 0x00000000bb500000, 0x00000000bb600000|  0%| F|  |TAMS 0x00000000bb500000| PB 0x00000000bb500000| Untracked 
| 438|0x00000000bb600000, 0x00000000bb700000, 0x00000000bb700000|100%| O|  |TAMS 0x00000000bb600000| PB 0x00000000bb600000| Untracked 
| 439|0x00000000bb700000, 0x00000000bb800000, 0x00000000bb800000|100%| O|  |TAMS 0x00000000bb700000| PB 0x00000000bb700000| Untracked 
| 440|0x00000000bb800000, 0x00000000bb900000, 0x00000000bb900000|100%| O|  |TAMS 0x00000000bb800000| PB 0x00000000bb800000| Untracked 
| 441|0x00000000bb900000, 0x00000000bba00000, 0x00000000bba00000|100%| O|  |TAMS 0x00000000bb900000| PB 0x00000000bb900000| Untracked 
| 442|0x00000000bba00000, 0x00000000bbb00000, 0x00000000bbb00000|100%| O|  |TAMS 0x00000000bba00000| PB 0x00000000bba00000| Untracked 
| 443|0x00000000bbb00000, 0x00000000bbb00000, 0x00000000bbc00000|  0%| F|  |TAMS 0x00000000bbb00000| PB 0x00000000bbb00000| Untracked 
| 444|0x00000000bbc00000, 0x00000000bbd00000, 0x00000000bbd00000|100%| O|  |TAMS 0x00000000bbc00000| PB 0x00000000bbc00000| Untracked 
| 445|0x00000000bbd00000, 0x00000000bbd00000, 0x00000000bbe00000|  0%| F|  |TAMS 0x00000000bbd00000| PB 0x00000000bbd00000| Untracked 
| 446|0x00000000bbe00000, 0x00000000bbf00000, 0x00000000bbf00000|100%| O|  |TAMS 0x00000000bbe00000| PB 0x00000000bbe00000| Untracked 
| 447|0x00000000bbf00000, 0x00000000bc000000, 0x00000000bc000000|100%| O|  |TAMS 0x00000000bbf00000| PB 0x00000000bbf00000| Untracked 
| 448|0x00000000bc000000, 0x00000000bc100000, 0x00000000bc100000|100%| O|  |TAMS 0x00000000bc000000| PB 0x00000000bc000000| Untracked 
| 449|0x00000000bc100000, 0x00000000bc100000, 0x00000000bc200000|  0%| F|  |TAMS 0x00000000bc100000| PB 0x00000000bc100000| Untracked 
| 450|0x00000000bc200000, 0x00000000bc200000, 0x00000000bc300000|  0%| F|  |TAMS 0x00000000bc200000| PB 0x00000000bc200000| Untracked 
| 451|0x00000000bc300000, 0x00000000bc400000, 0x00000000bc400000|100%| O|  |TAMS 0x00000000bc300000| PB 0x00000000bc300000| Untracked 
| 452|0x00000000bc400000, 0x00000000bc500000, 0x00000000bc500000|100%| O|  |TAMS 0x00000000bc400000| PB 0x00000000bc400000| Untracked 
| 453|0x00000000bc500000, 0x00000000bc500000, 0x00000000bc600000|  0%| F|  |TAMS 0x00000000bc500000| PB 0x00000000bc500000| Untracked 
| 454|0x00000000bc600000, 0x00000000bc700000, 0x00000000bc700000|100%| O|  |TAMS 0x00000000bc600000| PB 0x00000000bc600000| Untracked 
| 455|0x00000000bc700000, 0x00000000bc800000, 0x00000000bc800000|100%| O|  |TAMS 0x00000000bc700000| PB 0x00000000bc700000| Untracked 
| 456|0x00000000bc800000, 0x00000000bc900000, 0x00000000bc900000|100%| O|  |TAMS 0x00000000bc800000| PB 0x00000000bc800000| Untracked 
| 457|0x00000000bc900000, 0x00000000bca00000, 0x00000000bca00000|100%| O|  |TAMS 0x00000000bc900000| PB 0x00000000bc900000| Untracked 
| 458|0x00000000bca00000, 0x00000000bcb00000, 0x00000000bcb00000|100%| O|  |TAMS 0x00000000bca00000| PB 0x00000000bca00000| Untracked 
| 459|0x00000000bcb00000, 0x00000000bcc00000, 0x00000000bcc00000|100%| O|  |TAMS 0x00000000bcb00000| PB 0x00000000bcb00000| Untracked 
| 460|0x00000000bcc00000, 0x00000000bcc00000, 0x00000000bcd00000|  0%| F|  |TAMS 0x00000000bcc00000| PB 0x00000000bcc00000| Untracked 
| 461|0x00000000bcd00000, 0x00000000bce00000, 0x00000000bce00000|100%| O|  |TAMS 0x00000000bcd00000| PB 0x00000000bcd00000| Untracked 
| 462|0x00000000bce00000, 0x00000000bcf00000, 0x00000000bcf00000|100%| O|  |TAMS 0x00000000bce00000| PB 0x00000000bce00000| Untracked 
| 463|0x00000000bcf00000, 0x00000000bd000000, 0x00000000bd000000|100%| O|  |TAMS 0x00000000bcf00000| PB 0x00000000bcf00000| Untracked 
| 464|0x00000000bd000000, 0x00000000bd100000, 0x00000000bd100000|100%| O|  |TAMS 0x00000000bd000000| PB 0x00000000bd000000| Untracked 
| 465|0x00000000bd100000, 0x00000000bd200000, 0x00000000bd200000|100%| O|  |TAMS 0x00000000bd100000| PB 0x00000000bd100000| Untracked 
| 466|0x00000000bd200000, 0x00000000bd300000, 0x00000000bd300000|100%| O|  |TAMS 0x00000000bd200000| PB 0x00000000bd200000| Untracked 
| 467|0x00000000bd300000, 0x00000000bd400000, 0x00000000bd400000|100%| O|  |TAMS 0x00000000bd300000| PB 0x00000000bd300000| Untracked 
| 468|0x00000000bd400000, 0x00000000bd500000, 0x00000000bd500000|100%| O|  |TAMS 0x00000000bd400000| PB 0x00000000bd400000| Untracked 
| 469|0x00000000bd500000, 0x00000000bd600000, 0x00000000bd600000|100%| O|  |TAMS 0x00000000bd500000| PB 0x00000000bd500000| Untracked 
| 470|0x00000000bd600000, 0x00000000bd700000, 0x00000000bd700000|100%| O|  |TAMS 0x00000000bd600000| PB 0x00000000bd600000| Untracked 
| 471|0x00000000bd700000, 0x00000000bd800000, 0x00000000bd800000|100%| O|  |TAMS 0x00000000bd700000| PB 0x00000000bd700000| Untracked 
| 472|0x00000000bd800000, 0x00000000bd900000, 0x00000000bd900000|100%| O|  |TAMS 0x00000000bd800000| PB 0x00000000bd800000| Untracked 
| 473|0x00000000bd900000, 0x00000000bda00000, 0x00000000bda00000|100%| O|  |TAMS 0x00000000bd900000| PB 0x00000000bd900000| Untracked 
| 474|0x00000000bda00000, 0x00000000bda00000, 0x00000000bdb00000|  0%| F|  |TAMS 0x00000000bda00000| PB 0x00000000bda00000| Untracked 
| 475|0x00000000bdb00000, 0x00000000bdb00000, 0x00000000bdc00000|  0%| F|  |TAMS 0x00000000bdb00000| PB 0x00000000bdb00000| Untracked 
| 476|0x00000000bdc00000, 0x00000000bdd00000, 0x00000000bdd00000|100%| O|  |TAMS 0x00000000bdc00000| PB 0x00000000bdc00000| Untracked 
| 477|0x00000000bdd00000, 0x00000000bde00000, 0x00000000bde00000|100%| O|  |TAMS 0x00000000bdd00000| PB 0x00000000bdd00000| Untracked 
| 478|0x00000000bde00000, 0x00000000bdf00000, 0x00000000bdf00000|100%| O|  |TAMS 0x00000000bde00000| PB 0x00000000bde00000| Untracked 
| 479|0x00000000bdf00000, 0x00000000be000000, 0x00000000be000000|100%| O|  |TAMS 0x00000000bdf00000| PB 0x00000000bdf00000| Untracked 
| 480|0x00000000be000000, 0x00000000be100000, 0x00000000be100000|100%| O|  |TAMS 0x00000000be000000| PB 0x00000000be000000| Untracked 
| 481|0x00000000be100000, 0x00000000be200000, 0x00000000be200000|100%| O|  |TAMS 0x00000000be100000| PB 0x00000000be100000| Untracked 
| 482|0x00000000be200000, 0x00000000be300000, 0x00000000be300000|100%| O|  |TAMS 0x00000000be200000| PB 0x00000000be200000| Untracked 
| 483|0x00000000be300000, 0x00000000be400000, 0x00000000be400000|100%| O|  |TAMS 0x00000000be300000| PB 0x00000000be300000| Untracked 
| 484|0x00000000be400000, 0x00000000be500000, 0x00000000be500000|100%| O|  |TAMS 0x00000000be400000| PB 0x00000000be400000| Untracked 
| 485|0x00000000be500000, 0x00000000be600000, 0x00000000be600000|100%| O|  |TAMS 0x00000000be500000| PB 0x00000000be500000| Untracked 
| 486|0x00000000be600000, 0x00000000be700000, 0x00000000be700000|100%| O|  |TAMS 0x00000000be600000| PB 0x00000000be600000| Untracked 
| 487|0x00000000be700000, 0x00000000be800000, 0x00000000be800000|100%| O|  |TAMS 0x00000000be700000| PB 0x00000000be700000| Untracked 
| 488|0x00000000be800000, 0x00000000be900000, 0x00000000be900000|100%| O|  |TAMS 0x00000000be800000| PB 0x00000000be800000| Untracked 
| 489|0x00000000be900000, 0x00000000bea00000, 0x00000000bea00000|100%| O|  |TAMS 0x00000000be900000| PB 0x00000000be900000| Untracked 
| 490|0x00000000bea00000, 0x00000000beb00000, 0x00000000beb00000|100%| O|  |TAMS 0x00000000bea00000| PB 0x00000000bea00000| Untracked 
| 491|0x00000000beb00000, 0x00000000beb00000, 0x00000000bec00000|  0%| F|  |TAMS 0x00000000beb00000| PB 0x00000000beb00000| Untracked 
| 492|0x00000000bec00000, 0x00000000bed00000, 0x00000000bed00000|100%| O|  |TAMS 0x00000000bec00000| PB 0x00000000bec00000| Untracked 
| 493|0x00000000bed00000, 0x00000000bee00000, 0x00000000bee00000|100%| O|  |TAMS 0x00000000bed00000| PB 0x00000000bed00000| Untracked 
| 494|0x00000000bee00000, 0x00000000bef00000, 0x00000000bef00000|100%| O|  |TAMS 0x00000000bee00000| PB 0x00000000bee00000| Untracked 
| 495|0x00000000bef00000, 0x00000000bf000000, 0x00000000bf000000|100%| O|  |TAMS 0x00000000bef00000| PB 0x00000000bef00000| Untracked 
| 496|0x00000000bf000000, 0x00000000bf000000, 0x00000000bf100000|  0%| F|  |TAMS 0x00000000bf000000| PB 0x00000000bf000000| Untracked 
| 497|0x00000000bf100000, 0x00000000bf200000, 0x00000000bf200000|100%| O|  |TAMS 0x00000000bf100000| PB 0x00000000bf100000| Untracked 
| 498|0x00000000bf200000, 0x00000000bf300000, 0x00000000bf300000|100%| O|  |TAMS 0x00000000bf200000| PB 0x00000000bf200000| Untracked 
| 499|0x00000000bf300000, 0x00000000bf300000, 0x00000000bf400000|  0%| F|  |TAMS 0x00000000bf300000| PB 0x00000000bf300000| Untracked 
| 500|0x00000000bf400000, 0x00000000bf500000, 0x00000000bf500000|100%| O|  |TAMS 0x00000000bf400000| PB 0x00000000bf400000| Untracked 
| 501|0x00000000bf500000, 0x00000000bf600000, 0x00000000bf600000|100%| O|  |TAMS 0x00000000bf500000| PB 0x00000000bf500000| Untracked 
| 502|0x00000000bf600000, 0x00000000bf600000, 0x00000000bf700000|  0%| F|  |TAMS 0x00000000bf600000| PB 0x00000000bf600000| Untracked 
| 503|0x00000000bf700000, 0x00000000bf700000, 0x00000000bf800000|  0%| F|  |TAMS 0x00000000bf700000| PB 0x00000000bf700000| Untracked 
| 504|0x00000000bf800000, 0x00000000bf800000, 0x00000000bf900000|  0%| F|  |TAMS 0x00000000bf800000| PB 0x00000000bf800000| Untracked 
| 505|0x00000000bf900000, 0x00000000bf900000, 0x00000000bfa00000|  0%| F|  |TAMS 0x00000000bf900000| PB 0x00000000bf900000| Untracked 
| 506|0x00000000bfa00000, 0x00000000bfa00000, 0x00000000bfb00000|  0%| F|  |TAMS 0x00000000bfa00000| PB 0x00000000bfa00000| Untracked 
| 507|0x00000000bfb00000, 0x00000000bfc00000, 0x00000000bfc00000|100%| O|  |TAMS 0x00000000bfb00000| PB 0x00000000bfb00000| Untracked 
| 508|0x00000000bfc00000, 0x00000000bfc00000, 0x00000000bfd00000|  0%| F|  |TAMS 0x00000000bfc00000| PB 0x00000000bfc00000| Untracked 
| 509|0x00000000bfd00000, 0x00000000bfe00000, 0x00000000bfe00000|100%| O|  |TAMS 0x00000000bfd00000| PB 0x00000000bfd00000| Untracked 
| 510|0x00000000bfe00000, 0x00000000bff00000, 0x00000000bff00000|100%| O|  |TAMS 0x00000000bfe00000| PB 0x00000000bfe00000| Untracked 
| 511|0x00000000bff00000, 0x00000000bff00000, 0x00000000c0000000|  0%| F|  |TAMS 0x00000000bff00000| PB 0x00000000bff00000| Untracked 
| 512|0x00000000c0000000, 0x00000000c0000000, 0x00000000c0100000|  0%| F|  |TAMS 0x00000000c0000000| PB 0x00000000c0000000| Untracked 
| 513|0x00000000c0100000, 0x00000000c0100000, 0x00000000c0200000|  0%| F|  |TAMS 0x00000000c0100000| PB 0x00000000c0100000| Untracked 
| 514|0x00000000c0200000, 0x00000000c0200000, 0x00000000c0300000|  0%| F|  |TAMS 0x00000000c0200000| PB 0x00000000c0200000| Untracked 
| 515|0x00000000c0300000, 0x00000000c0300000, 0x00000000c0400000|  0%| F|  |TAMS 0x00000000c0300000| PB 0x00000000c0300000| Untracked 
| 516|0x00000000c0400000, 0x00000000c0400000, 0x00000000c0500000|  0%| F|  |TAMS 0x00000000c0400000| PB 0x00000000c0400000| Untracked 
| 517|0x00000000c0500000, 0x00000000c0500000, 0x00000000c0600000|  0%| F|  |TAMS 0x00000000c0500000| PB 0x00000000c0500000| Untracked 
| 518|0x00000000c0600000, 0x00000000c0600000, 0x00000000c0700000|  0%| F|  |TAMS 0x00000000c0600000| PB 0x00000000c0600000| Untracked 
| 519|0x00000000c0700000, 0x00000000c0700000, 0x00000000c0800000|  0%| F|  |TAMS 0x00000000c0700000| PB 0x00000000c0700000| Untracked 
| 520|0x00000000c0800000, 0x00000000c0800000, 0x00000000c0900000|  0%| F|  |TAMS 0x00000000c0800000| PB 0x00000000c0800000| Untracked 
| 521|0x00000000c0900000, 0x00000000c0900000, 0x00000000c0a00000|  0%| F|  |TAMS 0x00000000c0900000| PB 0x00000000c0900000| Untracked 
| 522|0x00000000c0a00000, 0x00000000c0a00000, 0x00000000c0b00000|  0%| F|  |TAMS 0x00000000c0a00000| PB 0x00000000c0a00000| Untracked 
| 523|0x00000000c0b00000, 0x00000000c0b00000, 0x00000000c0c00000|  0%| F|  |TAMS 0x00000000c0b00000| PB 0x00000000c0b00000| Untracked 
| 524|0x00000000c0c00000, 0x00000000c0c00000, 0x00000000c0d00000|  0%| F|  |TAMS 0x00000000c0c00000| PB 0x00000000c0c00000| Untracked 
| 525|0x00000000c0d00000, 0x00000000c0d00000, 0x00000000c0e00000|  0%| F|  |TAMS 0x00000000c0d00000| PB 0x00000000c0d00000| Untracked 
| 526|0x00000000c0e00000, 0x00000000c0e00000, 0x00000000c0f00000|  0%| F|  |TAMS 0x00000000c0e00000| PB 0x00000000c0e00000| Untracked 
| 527|0x00000000c0f00000, 0x00000000c0f00000, 0x00000000c1000000|  0%| F|  |TAMS 0x00000000c0f00000| PB 0x00000000c0f00000| Untracked 
| 528|0x00000000c1000000, 0x00000000c1000000, 0x00000000c1100000|  0%| F|  |TAMS 0x00000000c1000000| PB 0x00000000c1000000| Untracked 
| 529|0x00000000c1100000, 0x00000000c1100000, 0x00000000c1200000|  0%| F|  |TAMS 0x00000000c1100000| PB 0x00000000c1100000| Untracked 
| 530|0x00000000c1200000, 0x00000000c1200000, 0x00000000c1300000|  0%| F|  |TAMS 0x00000000c1200000| PB 0x00000000c1200000| Untracked 
| 531|0x00000000c1300000, 0x00000000c1300000, 0x00000000c1400000|  0%| F|  |TAMS 0x00000000c1300000| PB 0x00000000c1300000| Untracked 
| 532|0x00000000c1400000, 0x00000000c1400000, 0x00000000c1500000|  0%| F|  |TAMS 0x00000000c1400000| PB 0x00000000c1400000| Untracked 
| 533|0x00000000c1500000, 0x00000000c1500000, 0x00000000c1600000|  0%| F|  |TAMS 0x00000000c1500000| PB 0x00000000c1500000| Untracked 
| 534|0x00000000c1600000, 0x00000000c1600000, 0x00000000c1700000|  0%| F|  |TAMS 0x00000000c1600000| PB 0x00000000c1600000| Untracked 
| 535|0x00000000c1700000, 0x00000000c1700000, 0x00000000c1800000|  0%| F|  |TAMS 0x00000000c1700000| PB 0x00000000c1700000| Untracked 
| 536|0x00000000c1800000, 0x00000000c1800000, 0x00000000c1900000|  0%| F|  |TAMS 0x00000000c1800000| PB 0x00000000c1800000| Untracked 
| 537|0x00000000c1900000, 0x00000000c1900000, 0x00000000c1a00000|  0%| F|  |TAMS 0x00000000c1900000| PB 0x00000000c1900000| Untracked 
| 538|0x00000000c1a00000, 0x00000000c1a00000, 0x00000000c1b00000|  0%| F|  |TAMS 0x00000000c1a00000| PB 0x00000000c1a00000| Untracked 
| 539|0x00000000c1b00000, 0x00000000c1c00000, 0x00000000c1c00000|100%| O|  |TAMS 0x00000000c1b00000| PB 0x00000000c1b00000| Untracked 
| 540|0x00000000c1c00000, 0x00000000c1d00000, 0x00000000c1d00000|100%| O|  |TAMS 0x00000000c1c00000| PB 0x00000000c1c00000| Untracked 
| 541|0x00000000c1d00000, 0x00000000c1e00000, 0x00000000c1e00000|100%| O|  |TAMS 0x00000000c1d00000| PB 0x00000000c1d00000| Untracked 
| 542|0x00000000c1e00000, 0x00000000c1f00000, 0x00000000c1f00000|100%| O|  |TAMS 0x00000000c1e00000| PB 0x00000000c1e00000| Untracked 
| 543|0x00000000c1f00000, 0x00000000c2000000, 0x00000000c2000000|100%| O|  |TAMS 0x00000000c1f00000| PB 0x00000000c1f00000| Untracked 
| 544|0x00000000c2000000, 0x00000000c2100000, 0x00000000c2100000|100%| O|  |TAMS 0x00000000c2000000| PB 0x00000000c2000000| Untracked 
| 545|0x00000000c2100000, 0x00000000c2200000, 0x00000000c2200000|100%| O|  |TAMS 0x00000000c2100000| PB 0x00000000c2100000| Untracked 
| 546|0x00000000c2200000, 0x00000000c2300000, 0x00000000c2300000|100%| O|  |TAMS 0x00000000c2200000| PB 0x00000000c2200000| Untracked 
| 547|0x00000000c2300000, 0x00000000c2400000, 0x00000000c2400000|100%| O|  |TAMS 0x00000000c2300000| PB 0x00000000c2300000| Untracked 
| 548|0x00000000c2400000, 0x00000000c2500000, 0x00000000c2500000|100%| O|  |TAMS 0x00000000c2400000| PB 0x00000000c2400000| Untracked 
| 549|0x00000000c2500000, 0x00000000c2600000, 0x00000000c2600000|100%| O|  |TAMS 0x00000000c2500000| PB 0x00000000c2500000| Untracked 
| 550|0x00000000c2600000, 0x00000000c2700000, 0x00000000c2700000|100%| O|  |TAMS 0x00000000c2600000| PB 0x00000000c2600000| Untracked 
| 551|0x00000000c2700000, 0x00000000c2800000, 0x00000000c2800000|100%| O|  |TAMS 0x00000000c2700000| PB 0x00000000c2700000| Untracked 
| 552|0x00000000c2800000, 0x00000000c2900000, 0x00000000c2900000|100%| O|  |TAMS 0x00000000c2800000| PB 0x00000000c2800000| Untracked 
| 553|0x00000000c2900000, 0x00000000c2900000, 0x00000000c2a00000|  0%| F|  |TAMS 0x00000000c2900000| PB 0x00000000c2900000| Untracked 
| 554|0x00000000c2a00000, 0x00000000c2a00000, 0x00000000c2b00000|  0%| F|  |TAMS 0x00000000c2a00000| PB 0x00000000c2a00000| Untracked 
| 555|0x00000000c2b00000, 0x00000000c2b00000, 0x00000000c2c00000|  0%| F|  |TAMS 0x00000000c2b00000| PB 0x00000000c2b00000| Untracked 
| 556|0x00000000c2c00000, 0x00000000c2c00000, 0x00000000c2d00000|  0%| F|  |TAMS 0x00000000c2c00000| PB 0x00000000c2c00000| Untracked 
| 557|0x00000000c2d00000, 0x00000000c2d00000, 0x00000000c2e00000|  0%| F|  |TAMS 0x00000000c2d00000| PB 0x00000000c2d00000| Untracked 
| 558|0x00000000c2e00000, 0x00000000c2e00000, 0x00000000c2f00000|  0%| F|  |TAMS 0x00000000c2e00000| PB 0x00000000c2e00000| Untracked 
| 559|0x00000000c2f00000, 0x00000000c2f00000, 0x00000000c3000000|  0%| F|  |TAMS 0x00000000c2f00000| PB 0x00000000c2f00000| Untracked 
| 560|0x00000000c3000000, 0x00000000c3000000, 0x00000000c3100000|  0%| F|  |TAMS 0x00000000c3000000| PB 0x00000000c3000000| Untracked 
| 561|0x00000000c3100000, 0x00000000c3100000, 0x00000000c3200000|  0%| F|  |TAMS 0x00000000c3100000| PB 0x00000000c3100000| Untracked 
| 562|0x00000000c3200000, 0x00000000c3200000, 0x00000000c3300000|  0%| F|  |TAMS 0x00000000c3200000| PB 0x00000000c3200000| Untracked 
| 563|0x00000000c3300000, 0x00000000c3300000, 0x00000000c3400000|  0%| F|  |TAMS 0x00000000c3300000| PB 0x00000000c3300000| Untracked 
| 564|0x00000000c3400000, 0x00000000c3400000, 0x00000000c3500000|  0%| F|  |TAMS 0x00000000c3400000| PB 0x00000000c3400000| Untracked 
| 565|0x00000000c3500000, 0x00000000c3500000, 0x00000000c3600000|  0%| F|  |TAMS 0x00000000c3500000| PB 0x00000000c3500000| Untracked 
| 566|0x00000000c3600000, 0x00000000c3700000, 0x00000000c3700000|100%| S|CS|TAMS 0x00000000c3600000| PB 0x00000000c3600000| Complete 
| 567|0x00000000c3700000, 0x00000000c3800000, 0x00000000c3800000|100%| S|CS|TAMS 0x00000000c3700000| PB 0x00000000c3700000| Complete 
| 568|0x00000000c3800000, 0x00000000c3900000, 0x00000000c3900000|100%| S|CS|TAMS 0x00000000c3800000| PB 0x00000000c3800000| Complete 
| 569|0x00000000c3900000, 0x00000000c3a00000, 0x00000000c3a00000|100%| S|CS|TAMS 0x00000000c3900000| PB 0x00000000c3900000| Complete 
| 570|0x00000000c3a00000, 0x00000000c3b00000, 0x00000000c3b00000|100%| S|CS|TAMS 0x00000000c3a00000| PB 0x00000000c3a00000| Complete 
| 571|0x00000000c3b00000, 0x00000000c3c00000, 0x00000000c3c00000|100%| S|CS|TAMS 0x00000000c3b00000| PB 0x00000000c3b00000| Complete 
| 572|0x00000000c3c00000, 0x00000000c3d00000, 0x00000000c3d00000|100%| S|CS|TAMS 0x00000000c3c00000| PB 0x00000000c3c00000| Complete 
| 573|0x00000000c3d00000, 0x00000000c3e00000, 0x00000000c3e00000|100%| S|CS|TAMS 0x00000000c3d00000| PB 0x00000000c3d00000| Complete 
| 574|0x00000000c3e00000, 0x00000000c3f00000, 0x00000000c3f00000|100%| S|CS|TAMS 0x00000000c3e00000| PB 0x00000000c3e00000| Complete 
| 575|0x00000000c3f00000, 0x00000000c4000000, 0x00000000c4000000|100%| S|CS|TAMS 0x00000000c3f00000| PB 0x00000000c3f00000| Complete 
| 576|0x00000000c4000000, 0x00000000c4100000, 0x00000000c4100000|100%| S|CS|TAMS 0x00000000c4000000| PB 0x00000000c4000000| Complete 
| 577|0x00000000c4100000, 0x00000000c4200000, 0x00000000c4200000|100%| S|CS|TAMS 0x00000000c4100000| PB 0x00000000c4100000| Complete 
| 578|0x00000000c4200000, 0x00000000c4300000, 0x00000000c4300000|100%| S|CS|TAMS 0x00000000c4200000| PB 0x00000000c4200000| Complete 
| 579|0x00000000c4300000, 0x00000000c4400000, 0x00000000c4400000|100%| S|CS|TAMS 0x00000000c4300000| PB 0x00000000c4300000| Complete 
| 580|0x00000000c4400000, 0x00000000c4500000, 0x00000000c4500000|100%| S|CS|TAMS 0x00000000c4400000| PB 0x00000000c4400000| Complete 
| 581|0x00000000c4500000, 0x00000000c4600000, 0x00000000c4600000|100%| S|CS|TAMS 0x00000000c4500000| PB 0x00000000c4500000| Complete 
| 582|0x00000000c4600000, 0x00000000c4600000, 0x00000000c4700000|  0%| F|  |TAMS 0x00000000c4600000| PB 0x00000000c4600000| Untracked 
| 583|0x00000000c4700000, 0x00000000c4700000, 0x00000000c4800000|  0%| F|  |TAMS 0x00000000c4700000| PB 0x00000000c4700000| Untracked 
| 584|0x00000000c4800000, 0x00000000c4800000, 0x00000000c4900000|  0%| F|  |TAMS 0x00000000c4800000| PB 0x00000000c4800000| Untracked 
| 585|0x00000000c4900000, 0x00000000c4900000, 0x00000000c4a00000|  0%| F|  |TAMS 0x00000000c4900000| PB 0x00000000c4900000| Untracked 
| 586|0x00000000c4a00000, 0x00000000c4a00000, 0x00000000c4b00000|  0%| F|  |TAMS 0x00000000c4a00000| PB 0x00000000c4a00000| Untracked 
| 587|0x00000000c4b00000, 0x00000000c4b00000, 0x00000000c4c00000|  0%| F|  |TAMS 0x00000000c4b00000| PB 0x00000000c4b00000| Untracked 
| 588|0x00000000c4c00000, 0x00000000c4c00000, 0x00000000c4d00000|  0%| F|  |TAMS 0x00000000c4c00000| PB 0x00000000c4c00000| Untracked 
| 589|0x00000000c4d00000, 0x00000000c4d00000, 0x00000000c4e00000|  0%| F|  |TAMS 0x00000000c4d00000| PB 0x00000000c4d00000| Untracked 
| 590|0x00000000c4e00000, 0x00000000c4e00000, 0x00000000c4f00000|  0%| F|  |TAMS 0x00000000c4e00000| PB 0x00000000c4e00000| Untracked 
| 591|0x00000000c4f00000, 0x00000000c4f00000, 0x00000000c5000000|  0%| F|  |TAMS 0x00000000c4f00000| PB 0x00000000c4f00000| Untracked 
| 592|0x00000000c5000000, 0x00000000c5000000, 0x00000000c5100000|  0%| F|  |TAMS 0x00000000c5000000| PB 0x00000000c5000000| Untracked 
| 593|0x00000000c5100000, 0x00000000c5100000, 0x00000000c5200000|  0%| F|  |TAMS 0x00000000c5100000| PB 0x00000000c5100000| Untracked 
| 594|0x00000000c5200000, 0x00000000c5200000, 0x00000000c5300000|  0%| F|  |TAMS 0x00000000c5200000| PB 0x00000000c5200000| Untracked 
| 595|0x00000000c5300000, 0x00000000c5300000, 0x00000000c5400000|  0%| F|  |TAMS 0x00000000c5300000| PB 0x00000000c5300000| Untracked 
| 596|0x00000000c5400000, 0x00000000c5400000, 0x00000000c5500000|  0%| F|  |TAMS 0x00000000c5400000| PB 0x00000000c5400000| Untracked 
| 597|0x00000000c5500000, 0x00000000c5500000, 0x00000000c5600000|  0%| F|  |TAMS 0x00000000c5500000| PB 0x00000000c5500000| Untracked 
| 598|0x00000000c5600000, 0x00000000c5600000, 0x00000000c5700000|  0%| F|  |TAMS 0x00000000c5600000| PB 0x00000000c5600000| Untracked 
| 599|0x00000000c5700000, 0x00000000c5700000, 0x00000000c5800000|  0%| F|  |TAMS 0x00000000c5700000| PB 0x00000000c5700000| Untracked 
| 600|0x00000000c5800000, 0x00000000c5800000, 0x00000000c5900000|  0%| F|  |TAMS 0x00000000c5800000| PB 0x00000000c5800000| Untracked 
| 601|0x00000000c5900000, 0x00000000c5900000, 0x00000000c5a00000|  0%| F|  |TAMS 0x00000000c5900000| PB 0x00000000c5900000| Untracked 
| 602|0x00000000c5a00000, 0x00000000c5a00000, 0x00000000c5b00000|  0%| F|  |TAMS 0x00000000c5a00000| PB 0x00000000c5a00000| Untracked 
| 603|0x00000000c5b00000, 0x00000000c5b00000, 0x00000000c5c00000|  0%| F|  |TAMS 0x00000000c5b00000| PB 0x00000000c5b00000| Untracked 
| 604|0x00000000c5c00000, 0x00000000c5c00000, 0x00000000c5d00000|  0%| F|  |TAMS 0x00000000c5c00000| PB 0x00000000c5c00000| Untracked 
| 605|0x00000000c5d00000, 0x00000000c5d00000, 0x00000000c5e00000|  0%| F|  |TAMS 0x00000000c5d00000| PB 0x00000000c5d00000| Untracked 
| 606|0x00000000c5e00000, 0x00000000c5e00000, 0x00000000c5f00000|  0%| F|  |TAMS 0x00000000c5e00000| PB 0x00000000c5e00000| Untracked 
| 607|0x00000000c5f00000, 0x00000000c5f00000, 0x00000000c6000000|  0%| F|  |TAMS 0x00000000c5f00000| PB 0x00000000c5f00000| Untracked 
| 608|0x00000000c6000000, 0x00000000c6000000, 0x00000000c6100000|  0%| F|  |TAMS 0x00000000c6000000| PB 0x00000000c6000000| Untracked 
| 609|0x00000000c6100000, 0x00000000c6100000, 0x00000000c6200000|  0%| F|  |TAMS 0x00000000c6100000| PB 0x00000000c6100000| Untracked 
| 610|0x00000000c6200000, 0x00000000c6200000, 0x00000000c6300000|  0%| F|  |TAMS 0x00000000c6200000| PB 0x00000000c6200000| Untracked 
| 611|0x00000000c6300000, 0x00000000c6300000, 0x00000000c6400000|  0%| F|  |TAMS 0x00000000c6300000| PB 0x00000000c6300000| Untracked 
| 612|0x00000000c6400000, 0x00000000c6400000, 0x00000000c6500000|  0%| F|  |TAMS 0x00000000c6400000| PB 0x00000000c6400000| Untracked 
| 613|0x00000000c6500000, 0x00000000c6500000, 0x00000000c6600000|  0%| F|  |TAMS 0x00000000c6500000| PB 0x00000000c6500000| Untracked 
| 614|0x00000000c6600000, 0x00000000c6600000, 0x00000000c6700000|  0%| F|  |TAMS 0x00000000c6600000| PB 0x00000000c6600000| Untracked 
| 615|0x00000000c6700000, 0x00000000c6700000, 0x00000000c6800000|  0%| F|  |TAMS 0x00000000c6700000| PB 0x00000000c6700000| Untracked 
| 616|0x00000000c6800000, 0x00000000c6800000, 0x00000000c6900000|  0%| F|  |TAMS 0x00000000c6800000| PB 0x00000000c6800000| Untracked 
| 617|0x00000000c6900000, 0x00000000c6900000, 0x00000000c6a00000|  0%| F|  |TAMS 0x00000000c6900000| PB 0x00000000c6900000| Untracked 
| 618|0x00000000c6a00000, 0x00000000c6a00000, 0x00000000c6b00000|  0%| F|  |TAMS 0x00000000c6a00000| PB 0x00000000c6a00000| Untracked 
| 619|0x00000000c6b00000, 0x00000000c6b00000, 0x00000000c6c00000|  0%| F|  |TAMS 0x00000000c6b00000| PB 0x00000000c6b00000| Untracked 
| 620|0x00000000c6c00000, 0x00000000c6c00000, 0x00000000c6d00000|  0%| F|  |TAMS 0x00000000c6c00000| PB 0x00000000c6c00000| Untracked 
| 621|0x00000000c6d00000, 0x00000000c6d00000, 0x00000000c6e00000|  0%| F|  |TAMS 0x00000000c6d00000| PB 0x00000000c6d00000| Untracked 
| 622|0x00000000c6e00000, 0x00000000c6e00000, 0x00000000c6f00000|  0%| F|  |TAMS 0x00000000c6e00000| PB 0x00000000c6e00000| Untracked 
| 623|0x00000000c6f00000, 0x00000000c6f00000, 0x00000000c7000000|  0%| F|  |TAMS 0x00000000c6f00000| PB 0x00000000c6f00000| Untracked 
| 624|0x00000000c7000000, 0x00000000c7000000, 0x00000000c7100000|  0%| F|  |TAMS 0x00000000c7000000| PB 0x00000000c7000000| Untracked 
| 625|0x00000000c7100000, 0x00000000c7100000, 0x00000000c7200000|  0%| F|  |TAMS 0x00000000c7100000| PB 0x00000000c7100000| Untracked 
| 626|0x00000000c7200000, 0x00000000c7200000, 0x00000000c7300000|  0%| F|  |TAMS 0x00000000c7200000| PB 0x00000000c7200000| Untracked 
| 627|0x00000000c7300000, 0x00000000c7300000, 0x00000000c7400000|  0%| F|  |TAMS 0x00000000c7300000| PB 0x00000000c7300000| Untracked 
| 628|0x00000000c7400000, 0x00000000c7400000, 0x00000000c7500000|  0%| F|  |TAMS 0x00000000c7400000| PB 0x00000000c7400000| Untracked 
| 629|0x00000000c7500000, 0x00000000c7500000, 0x00000000c7600000|  0%| F|  |TAMS 0x00000000c7500000| PB 0x00000000c7500000| Untracked 
| 630|0x00000000c7600000, 0x00000000c7600000, 0x00000000c7700000|  0%| F|  |TAMS 0x00000000c7600000| PB 0x00000000c7600000| Untracked 
| 631|0x00000000c7700000, 0x00000000c7700000, 0x00000000c7800000|  0%| F|  |TAMS 0x00000000c7700000| PB 0x00000000c7700000| Untracked 
| 632|0x00000000c7800000, 0x00000000c7800000, 0x00000000c7900000|  0%| F|  |TAMS 0x00000000c7800000| PB 0x00000000c7800000| Untracked 
| 633|0x00000000c7900000, 0x00000000c7900000, 0x00000000c7a00000|  0%| F|  |TAMS 0x00000000c7900000| PB 0x00000000c7900000| Untracked 
| 634|0x00000000c7a00000, 0x00000000c7a00000, 0x00000000c7b00000|  0%| F|  |TAMS 0x00000000c7a00000| PB 0x00000000c7a00000| Untracked 
| 635|0x00000000c7b00000, 0x00000000c7b00000, 0x00000000c7c00000|  0%| F|  |TAMS 0x00000000c7b00000| PB 0x00000000c7b00000| Untracked 
| 636|0x00000000c7c00000, 0x00000000c7c00000, 0x00000000c7d00000|  0%| F|  |TAMS 0x00000000c7c00000| PB 0x00000000c7c00000| Untracked 
| 637|0x00000000c7d00000, 0x00000000c7d00000, 0x00000000c7e00000|  0%| F|  |TAMS 0x00000000c7d00000| PB 0x00000000c7d00000| Untracked 
| 638|0x00000000c7e00000, 0x00000000c7e00000, 0x00000000c7f00000|  0%| F|  |TAMS 0x00000000c7e00000| PB 0x00000000c7e00000| Untracked 
| 639|0x00000000c7f00000, 0x00000000c7f00000, 0x00000000c8000000|  0%| F|  |TAMS 0x00000000c7f00000| PB 0x00000000c7f00000| Untracked 
| 640|0x00000000c8000000, 0x00000000c8000000, 0x00000000c8100000|  0%| F|  |TAMS 0x00000000c8000000| PB 0x00000000c8000000| Untracked 
| 641|0x00000000c8100000, 0x00000000c8100000, 0x00000000c8200000|  0%| F|  |TAMS 0x00000000c8100000| PB 0x00000000c8100000| Untracked 
| 642|0x00000000c8200000, 0x00000000c8200000, 0x00000000c8300000|  0%| F|  |TAMS 0x00000000c8200000| PB 0x00000000c8200000| Untracked 
| 643|0x00000000c8300000, 0x00000000c8300000, 0x00000000c8400000|  0%| F|  |TAMS 0x00000000c8300000| PB 0x00000000c8300000| Untracked 
| 644|0x00000000c8400000, 0x00000000c8400000, 0x00000000c8500000|  0%| F|  |TAMS 0x00000000c8400000| PB 0x00000000c8400000| Untracked 
| 645|0x00000000c8500000, 0x00000000c8500000, 0x00000000c8600000|  0%| F|  |TAMS 0x00000000c8500000| PB 0x00000000c8500000| Untracked 
| 646|0x00000000c8600000, 0x00000000c8600000, 0x00000000c8700000|  0%| F|  |TAMS 0x00000000c8600000| PB 0x00000000c8600000| Untracked 
| 647|0x00000000c8700000, 0x00000000c8700000, 0x00000000c8800000|  0%| F|  |TAMS 0x00000000c8700000| PB 0x00000000c8700000| Untracked 
| 648|0x00000000c8800000, 0x00000000c8800000, 0x00000000c8900000|  0%| F|  |TAMS 0x00000000c8800000| PB 0x00000000c8800000| Untracked 
| 649|0x00000000c8900000, 0x00000000c8900000, 0x00000000c8a00000|  0%| F|  |TAMS 0x00000000c8900000| PB 0x00000000c8900000| Untracked 
| 650|0x00000000c8a00000, 0x00000000c8a00000, 0x00000000c8b00000|  0%| F|  |TAMS 0x00000000c8a00000| PB 0x00000000c8a00000| Untracked 
| 651|0x00000000c8b00000, 0x00000000c8b00000, 0x00000000c8c00000|  0%| F|  |TAMS 0x00000000c8b00000| PB 0x00000000c8b00000| Untracked 
| 652|0x00000000c8c00000, 0x00000000c8c00000, 0x00000000c8d00000|  0%| F|  |TAMS 0x00000000c8c00000| PB 0x00000000c8c00000| Untracked 
| 653|0x00000000c8d00000, 0x00000000c8d00000, 0x00000000c8e00000|  0%| F|  |TAMS 0x00000000c8d00000| PB 0x00000000c8d00000| Untracked 
| 654|0x00000000c8e00000, 0x00000000c8e00000, 0x00000000c8f00000|  0%| F|  |TAMS 0x00000000c8e00000| PB 0x00000000c8e00000| Untracked 
| 655|0x00000000c8f00000, 0x00000000c8f00000, 0x00000000c9000000|  0%| F|  |TAMS 0x00000000c8f00000| PB 0x00000000c8f00000| Untracked 
| 656|0x00000000c9000000, 0x00000000c9000000, 0x00000000c9100000|  0%| F|  |TAMS 0x00000000c9000000| PB 0x00000000c9000000| Untracked 
| 657|0x00000000c9100000, 0x00000000c9100000, 0x00000000c9200000|  0%| F|  |TAMS 0x00000000c9100000| PB 0x00000000c9100000| Untracked 
| 658|0x00000000c9200000, 0x00000000c9200000, 0x00000000c9300000|  0%| F|  |TAMS 0x00000000c9200000| PB 0x00000000c9200000| Untracked 
| 659|0x00000000c9300000, 0x00000000c9300000, 0x00000000c9400000|  0%| F|  |TAMS 0x00000000c9300000| PB 0x00000000c9300000| Untracked 
| 660|0x00000000c9400000, 0x00000000c9400000, 0x00000000c9500000|  0%| F|  |TAMS 0x00000000c9400000| PB 0x00000000c9400000| Untracked 
| 661|0x00000000c9500000, 0x00000000c9500000, 0x00000000c9600000|  0%| F|  |TAMS 0x00000000c9500000| PB 0x00000000c9500000| Untracked 
| 662|0x00000000c9600000, 0x00000000c9600000, 0x00000000c9700000|  0%| F|  |TAMS 0x00000000c9600000| PB 0x00000000c9600000| Untracked 
| 663|0x00000000c9700000, 0x00000000c9700000, 0x00000000c9800000|  0%| F|  |TAMS 0x00000000c9700000| PB 0x00000000c9700000| Untracked 
| 664|0x00000000c9800000, 0x00000000c9800000, 0x00000000c9900000|  0%| F|  |TAMS 0x00000000c9800000| PB 0x00000000c9800000| Untracked 
| 665|0x00000000c9900000, 0x00000000c9900000, 0x00000000c9a00000|  0%| F|  |TAMS 0x00000000c9900000| PB 0x00000000c9900000| Untracked 
| 666|0x00000000c9a00000, 0x00000000c9a00000, 0x00000000c9b00000|  0%| F|  |TAMS 0x00000000c9a00000| PB 0x00000000c9a00000| Untracked 
| 667|0x00000000c9b00000, 0x00000000c9b00000, 0x00000000c9c00000|  0%| F|  |TAMS 0x00000000c9b00000| PB 0x00000000c9b00000| Untracked 
| 668|0x00000000c9c00000, 0x00000000c9c00000, 0x00000000c9d00000|  0%| F|  |TAMS 0x00000000c9c00000| PB 0x00000000c9c00000| Untracked 
| 669|0x00000000c9d00000, 0x00000000c9d00000, 0x00000000c9e00000|  0%| F|  |TAMS 0x00000000c9d00000| PB 0x00000000c9d00000| Untracked 
| 670|0x00000000c9e00000, 0x00000000c9e00000, 0x00000000c9f00000|  0%| F|  |TAMS 0x00000000c9e00000| PB 0x00000000c9e00000| Untracked 
| 671|0x00000000c9f00000, 0x00000000c9f00000, 0x00000000ca000000|  0%| F|  |TAMS 0x00000000c9f00000| PB 0x00000000c9f00000| Untracked 
| 672|0x00000000ca000000, 0x00000000ca000000, 0x00000000ca100000|  0%| F|  |TAMS 0x00000000ca000000| PB 0x00000000ca000000| Untracked 
| 673|0x00000000ca100000, 0x00000000ca100000, 0x00000000ca200000|  0%| F|  |TAMS 0x00000000ca100000| PB 0x00000000ca100000| Untracked 
| 674|0x00000000ca200000, 0x00000000ca200000, 0x00000000ca300000|  0%| F|  |TAMS 0x00000000ca200000| PB 0x00000000ca200000| Untracked 
| 675|0x00000000ca300000, 0x00000000ca300000, 0x00000000ca400000|  0%| F|  |TAMS 0x00000000ca300000| PB 0x00000000ca300000| Untracked 
| 676|0x00000000ca400000, 0x00000000ca400000, 0x00000000ca500000|  0%| F|  |TAMS 0x00000000ca400000| PB 0x00000000ca400000| Untracked 
| 677|0x00000000ca500000, 0x00000000ca500000, 0x00000000ca600000|  0%| F|  |TAMS 0x00000000ca500000| PB 0x00000000ca500000| Untracked 
| 678|0x00000000ca600000, 0x00000000ca600000, 0x00000000ca700000|  0%| F|  |TAMS 0x00000000ca600000| PB 0x00000000ca600000| Untracked 
| 679|0x00000000ca700000, 0x00000000ca700000, 0x00000000ca800000|  0%| F|  |TAMS 0x00000000ca700000| PB 0x00000000ca700000| Untracked 
| 680|0x00000000ca800000, 0x00000000ca800000, 0x00000000ca900000|  0%| F|  |TAMS 0x00000000ca800000| PB 0x00000000ca800000| Untracked 
| 681|0x00000000ca900000, 0x00000000ca900000, 0x00000000caa00000|  0%| F|  |TAMS 0x00000000ca900000| PB 0x00000000ca900000| Untracked 
| 682|0x00000000caa00000, 0x00000000caa00000, 0x00000000cab00000|  0%| F|  |TAMS 0x00000000caa00000| PB 0x00000000caa00000| Untracked 
| 683|0x00000000cab00000, 0x00000000cab00000, 0x00000000cac00000|  0%| F|  |TAMS 0x00000000cab00000| PB 0x00000000cab00000| Untracked 
| 684|0x00000000cac00000, 0x00000000cac00000, 0x00000000cad00000|  0%| F|  |TAMS 0x00000000cac00000| PB 0x00000000cac00000| Untracked 
| 685|0x00000000cad00000, 0x00000000cad00000, 0x00000000cae00000|  0%| F|  |TAMS 0x00000000cad00000| PB 0x00000000cad00000| Untracked 
| 686|0x00000000cae00000, 0x00000000cae00000, 0x00000000caf00000|  0%| F|  |TAMS 0x00000000cae00000| PB 0x00000000cae00000| Untracked 
| 687|0x00000000caf00000, 0x00000000caf00000, 0x00000000cb000000|  0%| F|  |TAMS 0x00000000caf00000| PB 0x00000000caf00000| Untracked 
| 688|0x00000000cb000000, 0x00000000cb000000, 0x00000000cb100000|  0%| F|  |TAMS 0x00000000cb000000| PB 0x00000000cb000000| Untracked 
| 689|0x00000000cb100000, 0x00000000cb100000, 0x00000000cb200000|  0%| F|  |TAMS 0x00000000cb100000| PB 0x00000000cb100000| Untracked 
| 690|0x00000000cb200000, 0x00000000cb200000, 0x00000000cb300000|  0%| F|  |TAMS 0x00000000cb200000| PB 0x00000000cb200000| Untracked 
| 691|0x00000000cb300000, 0x00000000cb300000, 0x00000000cb400000|  0%| F|  |TAMS 0x00000000cb300000| PB 0x00000000cb300000| Untracked 
| 692|0x00000000cb400000, 0x00000000cb400000, 0x00000000cb500000|  0%| F|  |TAMS 0x00000000cb400000| PB 0x00000000cb400000| Untracked 
| 693|0x00000000cb500000, 0x00000000cb500000, 0x00000000cb600000|  0%| F|  |TAMS 0x00000000cb500000| PB 0x00000000cb500000| Untracked 
| 694|0x00000000cb600000, 0x00000000cb600000, 0x00000000cb700000|  0%| F|  |TAMS 0x00000000cb600000| PB 0x00000000cb600000| Untracked 
| 695|0x00000000cb700000, 0x00000000cb700000, 0x00000000cb800000|  0%| F|  |TAMS 0x00000000cb700000| PB 0x00000000cb700000| Untracked 
| 696|0x00000000cb800000, 0x00000000cb800000, 0x00000000cb900000|  0%| F|  |TAMS 0x00000000cb800000| PB 0x00000000cb800000| Untracked 
| 697|0x00000000cb900000, 0x00000000cb900000, 0x00000000cba00000|  0%| F|  |TAMS 0x00000000cb900000| PB 0x00000000cb900000| Untracked 
| 698|0x00000000cba00000, 0x00000000cba00000, 0x00000000cbb00000|  0%| F|  |TAMS 0x00000000cba00000| PB 0x00000000cba00000| Untracked 
| 699|0x00000000cbb00000, 0x00000000cbb00000, 0x00000000cbc00000|  0%| F|  |TAMS 0x00000000cbb00000| PB 0x00000000cbb00000| Untracked 
| 700|0x00000000cbc00000, 0x00000000cbc00000, 0x00000000cbd00000|  0%| F|  |TAMS 0x00000000cbc00000| PB 0x00000000cbc00000| Untracked 
| 701|0x00000000cbd00000, 0x00000000cbd00000, 0x00000000cbe00000|  0%| F|  |TAMS 0x00000000cbd00000| PB 0x00000000cbd00000| Untracked 
| 702|0x00000000cbe00000, 0x00000000cbe00000, 0x00000000cbf00000|  0%| F|  |TAMS 0x00000000cbe00000| PB 0x00000000cbe00000| Untracked 
| 703|0x00000000cbf00000, 0x00000000cbf00000, 0x00000000cc000000|  0%| F|  |TAMS 0x00000000cbf00000| PB 0x00000000cbf00000| Untracked 
| 704|0x00000000cc000000, 0x00000000cc000000, 0x00000000cc100000|  0%| F|  |TAMS 0x00000000cc000000| PB 0x00000000cc000000| Untracked 
| 705|0x00000000cc100000, 0x00000000cc100000, 0x00000000cc200000|  0%| F|  |TAMS 0x00000000cc100000| PB 0x00000000cc100000| Untracked 
| 706|0x00000000cc200000, 0x00000000cc200000, 0x00000000cc300000|  0%| F|  |TAMS 0x00000000cc200000| PB 0x00000000cc200000| Untracked 
| 707|0x00000000cc300000, 0x00000000cc300000, 0x00000000cc400000|  0%| F|  |TAMS 0x00000000cc300000| PB 0x00000000cc300000| Untracked 
| 708|0x00000000cc400000, 0x00000000cc400000, 0x00000000cc500000|  0%| F|  |TAMS 0x00000000cc400000| PB 0x00000000cc400000| Untracked 
| 709|0x00000000cc500000, 0x00000000cc500000, 0x00000000cc600000|  0%| F|  |TAMS 0x00000000cc500000| PB 0x00000000cc500000| Untracked 
| 710|0x00000000cc600000, 0x00000000cc600000, 0x00000000cc700000|  0%| F|  |TAMS 0x00000000cc600000| PB 0x00000000cc600000| Untracked 
| 711|0x00000000cc700000, 0x00000000cc700000, 0x00000000cc800000|  0%| F|  |TAMS 0x00000000cc700000| PB 0x00000000cc700000| Untracked 
| 712|0x00000000cc800000, 0x00000000cc800000, 0x00000000cc900000|  0%| F|  |TAMS 0x00000000cc800000| PB 0x00000000cc800000| Untracked 
| 713|0x00000000cc900000, 0x00000000cc900000, 0x00000000cca00000|  0%| F|  |TAMS 0x00000000cc900000| PB 0x00000000cc900000| Untracked 
| 714|0x00000000cca00000, 0x00000000cca00000, 0x00000000ccb00000|  0%| F|  |TAMS 0x00000000cca00000| PB 0x00000000cca00000| Untracked 
| 715|0x00000000ccb00000, 0x00000000ccb00000, 0x00000000ccc00000|  0%| F|  |TAMS 0x00000000ccb00000| PB 0x00000000ccb00000| Untracked 
| 716|0x00000000ccc00000, 0x00000000ccc00000, 0x00000000ccd00000|  0%| F|  |TAMS 0x00000000ccc00000| PB 0x00000000ccc00000| Untracked 
| 717|0x00000000ccd00000, 0x00000000ccd00000, 0x00000000cce00000|  0%| F|  |TAMS 0x00000000ccd00000| PB 0x00000000ccd00000| Untracked 
| 718|0x00000000cce00000, 0x00000000cce00000, 0x00000000ccf00000|  0%| F|  |TAMS 0x00000000cce00000| PB 0x00000000cce00000| Untracked 
| 719|0x00000000ccf00000, 0x00000000ccf00000, 0x00000000cd000000|  0%| F|  |TAMS 0x00000000ccf00000| PB 0x00000000ccf00000| Untracked 
| 720|0x00000000cd000000, 0x00000000cd000000, 0x00000000cd100000|  0%| F|  |TAMS 0x00000000cd000000| PB 0x00000000cd000000| Untracked 
| 721|0x00000000cd100000, 0x00000000cd100000, 0x00000000cd200000|  0%| F|  |TAMS 0x00000000cd100000| PB 0x00000000cd100000| Untracked 
| 722|0x00000000cd200000, 0x00000000cd200000, 0x00000000cd300000|  0%| F|  |TAMS 0x00000000cd200000| PB 0x00000000cd200000| Untracked 
| 723|0x00000000cd300000, 0x00000000cd300000, 0x00000000cd400000|  0%| F|  |TAMS 0x00000000cd300000| PB 0x00000000cd300000| Untracked 
| 724|0x00000000cd400000, 0x00000000cd400000, 0x00000000cd500000|  0%| F|  |TAMS 0x00000000cd400000| PB 0x00000000cd400000| Untracked 
| 725|0x00000000cd500000, 0x00000000cd500000, 0x00000000cd600000|  0%| F|  |TAMS 0x00000000cd500000| PB 0x00000000cd500000| Untracked 
| 726|0x00000000cd600000, 0x00000000cd600000, 0x00000000cd700000|  0%| F|  |TAMS 0x00000000cd600000| PB 0x00000000cd600000| Untracked 
| 727|0x00000000cd700000, 0x00000000cd700000, 0x00000000cd800000|  0%| F|  |TAMS 0x00000000cd700000| PB 0x00000000cd700000| Untracked 
| 728|0x00000000cd800000, 0x00000000cd800000, 0x00000000cd900000|  0%| F|  |TAMS 0x00000000cd800000| PB 0x00000000cd800000| Untracked 
| 729|0x00000000cd900000, 0x00000000cd900000, 0x00000000cda00000|  0%| F|  |TAMS 0x00000000cd900000| PB 0x00000000cd900000| Untracked 
| 730|0x00000000cda00000, 0x00000000cda00000, 0x00000000cdb00000|  0%| F|  |TAMS 0x00000000cda00000| PB 0x00000000cda00000| Untracked 
| 731|0x00000000cdb00000, 0x00000000cdb00000, 0x00000000cdc00000|  0%| F|  |TAMS 0x00000000cdb00000| PB 0x00000000cdb00000| Untracked 
| 732|0x00000000cdc00000, 0x00000000cdc00000, 0x00000000cdd00000|  0%| F|  |TAMS 0x00000000cdc00000| PB 0x00000000cdc00000| Untracked 
| 733|0x00000000cdd00000, 0x00000000cdd00000, 0x00000000cde00000|  0%| F|  |TAMS 0x00000000cdd00000| PB 0x00000000cdd00000| Untracked 
| 734|0x00000000cde00000, 0x00000000cde00000, 0x00000000cdf00000|  0%| F|  |TAMS 0x00000000cde00000| PB 0x00000000cde00000| Untracked 
| 735|0x00000000cdf00000, 0x00000000cdf00000, 0x00000000ce000000|  0%| F|  |TAMS 0x00000000cdf00000| PB 0x00000000cdf00000| Untracked 
| 736|0x00000000ce000000, 0x00000000ce0d5ab0, 0x00000000ce100000| 83%| E|  |TAMS 0x00000000ce000000| PB 0x00000000ce000000| Complete 
| 737|0x00000000ce100000, 0x00000000ce200000, 0x00000000ce200000|100%| E|CS|TAMS 0x00000000ce100000| PB 0x00000000ce100000| Complete 
| 738|0x00000000ce200000, 0x00000000ce300000, 0x00000000ce300000|100%| E|CS|TAMS 0x00000000ce200000| PB 0x00000000ce200000| Complete 
| 739|0x00000000ce300000, 0x00000000ce400000, 0x00000000ce400000|100%| E|CS|TAMS 0x00000000ce300000| PB 0x00000000ce300000| Complete 
| 740|0x00000000ce400000, 0x00000000ce500000, 0x00000000ce500000|100%| E|CS|TAMS 0x00000000ce400000| PB 0x00000000ce400000| Complete 
| 741|0x00000000ce500000, 0x00000000ce600000, 0x00000000ce600000|100%| E|CS|TAMS 0x00000000ce500000| PB 0x00000000ce500000| Complete 
| 742|0x00000000ce600000, 0x00000000ce700000, 0x00000000ce700000|100%| E|CS|TAMS 0x00000000ce600000| PB 0x00000000ce600000| Complete 
| 743|0x00000000ce700000, 0x00000000ce800000, 0x00000000ce800000|100%| E|CS|TAMS 0x00000000ce700000| PB 0x00000000ce700000| Complete 
| 744|0x00000000ce800000, 0x00000000ce900000, 0x00000000ce900000|100%| E|CS|TAMS 0x00000000ce800000| PB 0x00000000ce800000| Complete 
| 745|0x00000000ce900000, 0x00000000cea00000, 0x00000000cea00000|100%| E|  |TAMS 0x00000000ce900000| PB 0x00000000ce900000| Complete 
| 746|0x00000000cea00000, 0x00000000ceb00000, 0x00000000ceb00000|100%| E|CS|TAMS 0x00000000cea00000| PB 0x00000000cea00000| Complete 
| 747|0x00000000ceb00000, 0x00000000cec00000, 0x00000000cec00000|100%| E|CS|TAMS 0x00000000ceb00000| PB 0x00000000ceb00000| Complete 
| 748|0x00000000cec00000, 0x00000000ced00000, 0x00000000ced00000|100%| E|CS|TAMS 0x00000000cec00000| PB 0x00000000cec00000| Complete 
| 749|0x00000000ced00000, 0x00000000cee00000, 0x00000000cee00000|100%| E|CS|TAMS 0x00000000ced00000| PB 0x00000000ced00000| Complete 
| 750|0x00000000cee00000, 0x00000000cef00000, 0x00000000cef00000|100%| E|CS|TAMS 0x00000000cee00000| PB 0x00000000cee00000| Complete 
| 751|0x00000000cef00000, 0x00000000cf000000, 0x00000000cf000000|100%| E|CS|TAMS 0x00000000cef00000| PB 0x00000000cef00000| Complete 
| 752|0x00000000cf000000, 0x00000000cf100000, 0x00000000cf100000|100%| E|CS|TAMS 0x00000000cf000000| PB 0x00000000cf000000| Complete 
| 753|0x00000000cf100000, 0x00000000cf200000, 0x00000000cf200000|100%| E|CS|TAMS 0x00000000cf100000| PB 0x00000000cf100000| Complete 
| 754|0x00000000cf200000, 0x00000000cf300000, 0x00000000cf300000|100%| E|CS|TAMS 0x00000000cf200000| PB 0x00000000cf200000| Complete 
| 755|0x00000000cf300000, 0x00000000cf400000, 0x00000000cf400000|100%| E|CS|TAMS 0x00000000cf300000| PB 0x00000000cf300000| Complete 
| 756|0x00000000cf400000, 0x00000000cf500000, 0x00000000cf500000|100%| E|CS|TAMS 0x00000000cf400000| PB 0x00000000cf400000| Complete 
| 757|0x00000000cf500000, 0x00000000cf600000, 0x00000000cf600000|100%| E|CS|TAMS 0x00000000cf500000| PB 0x00000000cf500000| Complete 
| 758|0x00000000cf600000, 0x00000000cf700000, 0x00000000cf700000|100%| E|CS|TAMS 0x00000000cf600000| PB 0x00000000cf600000| Complete 
| 759|0x00000000cf700000, 0x00000000cf800000, 0x00000000cf800000|100%| E|CS|TAMS 0x00000000cf700000| PB 0x00000000cf700000| Complete 
| 760|0x00000000cf800000, 0x00000000cf900000, 0x00000000cf900000|100%| E|CS|TAMS 0x00000000cf800000| PB 0x00000000cf800000| Complete 
| 761|0x00000000cf900000, 0x00000000cfa00000, 0x00000000cfa00000|100%| E|CS|TAMS 0x00000000cf900000| PB 0x00000000cf900000| Complete 
| 762|0x00000000cfa00000, 0x00000000cfb00000, 0x00000000cfb00000|100%| E|CS|TAMS 0x00000000cfa00000| PB 0x00000000cfa00000| Complete 
| 763|0x00000000cfb00000, 0x00000000cfc00000, 0x00000000cfc00000|100%| E|CS|TAMS 0x00000000cfb00000| PB 0x00000000cfb00000| Complete 
| 764|0x00000000cfc00000, 0x00000000cfd00000, 0x00000000cfd00000|100%| E|CS|TAMS 0x00000000cfc00000| PB 0x00000000cfc00000| Complete 
| 765|0x00000000cfd00000, 0x00000000cfe00000, 0x00000000cfe00000|100%| E|CS|TAMS 0x00000000cfd00000| PB 0x00000000cfd00000| Complete 
| 766|0x00000000cfe00000, 0x00000000cff00000, 0x00000000cff00000|100%| E|CS|TAMS 0x00000000cfe00000| PB 0x00000000cfe00000| Complete 
| 767|0x00000000cff00000, 0x00000000d0000000, 0x00000000d0000000|100%| E|CS|TAMS 0x00000000cff00000| PB 0x00000000cff00000| Complete 
| 768|0x00000000d0000000, 0x00000000d0100000, 0x00000000d0100000|100%| E|CS|TAMS 0x00000000d0000000| PB 0x00000000d0000000| Complete 
| 769|0x00000000d0100000, 0x00000000d0200000, 0x00000000d0200000|100%| E|CS|TAMS 0x00000000d0100000| PB 0x00000000d0100000| Complete 
| 770|0x00000000d0200000, 0x00000000d0300000, 0x00000000d0300000|100%| E|CS|TAMS 0x00000000d0200000| PB 0x00000000d0200000| Complete 
| 771|0x00000000d0300000, 0x00000000d0400000, 0x00000000d0400000|100%| E|CS|TAMS 0x00000000d0300000| PB 0x00000000d0300000| Complete 
| 772|0x00000000d0400000, 0x00000000d0500000, 0x00000000d0500000|100%| E|CS|TAMS 0x00000000d0400000| PB 0x00000000d0400000| Complete 
| 773|0x00000000d0500000, 0x00000000d0600000, 0x00000000d0600000|100%| E|CS|TAMS 0x00000000d0500000| PB 0x00000000d0500000| Complete 
| 774|0x00000000d0600000, 0x00000000d0700000, 0x00000000d0700000|100%| E|CS|TAMS 0x00000000d0600000| PB 0x00000000d0600000| Complete 
| 775|0x00000000d0700000, 0x00000000d0800000, 0x00000000d0800000|100%| E|CS|TAMS 0x00000000d0700000| PB 0x00000000d0700000| Complete 
| 776|0x00000000d0800000, 0x00000000d0900000, 0x00000000d0900000|100%| E|CS|TAMS 0x00000000d0800000| PB 0x00000000d0800000| Complete 
| 777|0x00000000d0900000, 0x00000000d0a00000, 0x00000000d0a00000|100%| E|CS|TAMS 0x00000000d0900000| PB 0x00000000d0900000| Complete 
| 778|0x00000000d0a00000, 0x00000000d0b00000, 0x00000000d0b00000|100%| E|CS|TAMS 0x00000000d0a00000| PB 0x00000000d0a00000| Complete 
| 779|0x00000000d0b00000, 0x00000000d0c00000, 0x00000000d0c00000|100%| E|CS|TAMS 0x00000000d0b00000| PB 0x00000000d0b00000| Complete 
| 780|0x00000000d0c00000, 0x00000000d0d00000, 0x00000000d0d00000|100%| E|CS|TAMS 0x00000000d0c00000| PB 0x00000000d0c00000| Complete 
| 781|0x00000000d0d00000, 0x00000000d0e00000, 0x00000000d0e00000|100%| E|CS|TAMS 0x00000000d0d00000| PB 0x00000000d0d00000| Complete 
| 782|0x00000000d0e00000, 0x00000000d0f00000, 0x00000000d0f00000|100%| E|CS|TAMS 0x00000000d0e00000| PB 0x00000000d0e00000| Complete 
| 783|0x00000000d0f00000, 0x00000000d1000000, 0x00000000d1000000|100%| E|CS|TAMS 0x00000000d0f00000| PB 0x00000000d0f00000| Complete 
| 784|0x00000000d1000000, 0x00000000d1100000, 0x00000000d1100000|100%| E|CS|TAMS 0x00000000d1000000| PB 0x00000000d1000000| Complete 
| 785|0x00000000d1100000, 0x00000000d1200000, 0x00000000d1200000|100%| E|CS|TAMS 0x00000000d1100000| PB 0x00000000d1100000| Complete 
| 786|0x00000000d1200000, 0x00000000d1300000, 0x00000000d1300000|100%| E|CS|TAMS 0x00000000d1200000| PB 0x00000000d1200000| Complete 
| 787|0x00000000d1300000, 0x00000000d1400000, 0x00000000d1400000|100%| E|CS|TAMS 0x00000000d1300000| PB 0x00000000d1300000| Complete 
| 788|0x00000000d1400000, 0x00000000d1500000, 0x00000000d1500000|100%| E|CS|TAMS 0x00000000d1400000| PB 0x00000000d1400000| Complete 
| 789|0x00000000d1500000, 0x00000000d1600000, 0x00000000d1600000|100%| E|CS|TAMS 0x00000000d1500000| PB 0x00000000d1500000| Complete 
| 790|0x00000000d1600000, 0x00000000d1700000, 0x00000000d1700000|100%| E|CS|TAMS 0x00000000d1600000| PB 0x00000000d1600000| Complete 
| 791|0x00000000d1700000, 0x00000000d1800000, 0x00000000d1800000|100%| E|CS|TAMS 0x00000000d1700000| PB 0x00000000d1700000| Complete 
| 792|0x00000000d1800000, 0x00000000d1900000, 0x00000000d1900000|100%| E|CS|TAMS 0x00000000d1800000| PB 0x00000000d1800000| Complete 
| 793|0x00000000d1900000, 0x00000000d1a00000, 0x00000000d1a00000|100%| E|CS|TAMS 0x00000000d1900000| PB 0x00000000d1900000| Complete 
| 794|0x00000000d1a00000, 0x00000000d1b00000, 0x00000000d1b00000|100%| E|CS|TAMS 0x00000000d1a00000| PB 0x00000000d1a00000| Complete 
| 795|0x00000000d1b00000, 0x00000000d1c00000, 0x00000000d1c00000|100%| E|CS|TAMS 0x00000000d1b00000| PB 0x00000000d1b00000| Complete 
| 796|0x00000000d1c00000, 0x00000000d1d00000, 0x00000000d1d00000|100%| E|CS|TAMS 0x00000000d1c00000| PB 0x00000000d1c00000| Complete 
| 797|0x00000000d1d00000, 0x00000000d1e00000, 0x00000000d1e00000|100%| E|CS|TAMS 0x00000000d1d00000| PB 0x00000000d1d00000| Complete 
| 798|0x00000000d1e00000, 0x00000000d1f00000, 0x00000000d1f00000|100%| E|CS|TAMS 0x00000000d1e00000| PB 0x00000000d1e00000| Complete 
| 799|0x00000000d1f00000, 0x00000000d2000000, 0x00000000d2000000|100%| E|CS|TAMS 0x00000000d1f00000| PB 0x00000000d1f00000| Complete 
| 800|0x00000000d2000000, 0x00000000d2100000, 0x00000000d2100000|100%| E|CS|TAMS 0x00000000d2000000| PB 0x00000000d2000000| Complete 
| 801|0x00000000d2100000, 0x00000000d2200000, 0x00000000d2200000|100%| E|CS|TAMS 0x00000000d2100000| PB 0x00000000d2100000| Complete 
| 802|0x00000000d2200000, 0x00000000d2300000, 0x00000000d2300000|100%| E|CS|TAMS 0x00000000d2200000| PB 0x00000000d2200000| Complete 
| 803|0x00000000d2300000, 0x00000000d2400000, 0x00000000d2400000|100%| E|CS|TAMS 0x00000000d2300000| PB 0x00000000d2300000| Complete 
| 804|0x00000000d2400000, 0x00000000d2500000, 0x00000000d2500000|100%| E|CS|TAMS 0x00000000d2400000| PB 0x00000000d2400000| Complete 
| 805|0x00000000d2500000, 0x00000000d2600000, 0x00000000d2600000|100%| E|CS|TAMS 0x00000000d2500000| PB 0x00000000d2500000| Complete 
| 806|0x00000000d2600000, 0x00000000d2700000, 0x00000000d2700000|100%| E|CS|TAMS 0x00000000d2600000| PB 0x00000000d2600000| Complete 
| 807|0x00000000d2700000, 0x00000000d2800000, 0x00000000d2800000|100%| E|CS|TAMS 0x00000000d2700000| PB 0x00000000d2700000| Complete 
| 808|0x00000000d2800000, 0x00000000d2900000, 0x00000000d2900000|100%| E|CS|TAMS 0x00000000d2800000| PB 0x00000000d2800000| Complete 
| 809|0x00000000d2900000, 0x00000000d2a00000, 0x00000000d2a00000|100%| E|CS|TAMS 0x00000000d2900000| PB 0x00000000d2900000| Complete 
| 810|0x00000000d2a00000, 0x00000000d2b00000, 0x00000000d2b00000|100%| E|CS|TAMS 0x00000000d2a00000| PB 0x00000000d2a00000| Complete 
| 811|0x00000000d2b00000, 0x00000000d2c00000, 0x00000000d2c00000|100%| E|CS|TAMS 0x00000000d2b00000| PB 0x00000000d2b00000| Complete 
| 812|0x00000000d2c00000, 0x00000000d2d00000, 0x00000000d2d00000|100%| E|CS|TAMS 0x00000000d2c00000| PB 0x00000000d2c00000| Complete 
| 813|0x00000000d2d00000, 0x00000000d2e00000, 0x00000000d2e00000|100%| E|CS|TAMS 0x00000000d2d00000| PB 0x00000000d2d00000| Complete 
| 814|0x00000000d2e00000, 0x00000000d2f00000, 0x00000000d2f00000|100%| E|CS|TAMS 0x00000000d2e00000| PB 0x00000000d2e00000| Complete 
| 815|0x00000000d2f00000, 0x00000000d3000000, 0x00000000d3000000|100%| E|CS|TAMS 0x00000000d2f00000| PB 0x00000000d2f00000| Complete 
| 816|0x00000000d3000000, 0x00000000d3100000, 0x00000000d3100000|100%| E|CS|TAMS 0x00000000d3000000| PB 0x00000000d3000000| Complete 
| 817|0x00000000d3100000, 0x00000000d3200000, 0x00000000d3200000|100%| E|CS|TAMS 0x00000000d3100000| PB 0x00000000d3100000| Complete 
| 818|0x00000000d3200000, 0x00000000d3300000, 0x00000000d3300000|100%| E|CS|TAMS 0x00000000d3200000| PB 0x00000000d3200000| Complete 
| 819|0x00000000d3300000, 0x00000000d3400000, 0x00000000d3400000|100%| E|CS|TAMS 0x00000000d3300000| PB 0x00000000d3300000| Complete 
| 820|0x00000000d3400000, 0x00000000d3500000, 0x00000000d3500000|100%| E|CS|TAMS 0x00000000d3400000| PB 0x00000000d3400000| Complete 
| 821|0x00000000d3500000, 0x00000000d3600000, 0x00000000d3600000|100%| E|CS|TAMS 0x00000000d3500000| PB 0x00000000d3500000| Complete 
| 822|0x00000000d3600000, 0x00000000d3700000, 0x00000000d3700000|100%| E|CS|TAMS 0x00000000d3600000| PB 0x00000000d3600000| Complete 
| 823|0x00000000d3700000, 0x00000000d3800000, 0x00000000d3800000|100%| E|CS|TAMS 0x00000000d3700000| PB 0x00000000d3700000| Complete 
|1488|0x00000000fd000000, 0x00000000fd100000, 0x00000000fd100000|100%| O|  |TAMS 0x00000000fd000000| PB 0x00000000fd000000| Untracked 
|1489|0x00000000fd100000, 0x00000000fd200000, 0x00000000fd200000|100%| E|CS|TAMS 0x00000000fd100000| PB 0x00000000fd100000| Complete 
|1490|0x00000000fd200000, 0x00000000fd300000, 0x00000000fd300000|100%| E|CS|TAMS 0x00000000fd200000| PB 0x00000000fd200000| Complete 
|1491|0x00000000fd300000, 0x00000000fd400000, 0x00000000fd400000|100%| E|CS|TAMS 0x00000000fd300000| PB 0x00000000fd300000| Complete 
|1492|0x00000000fd400000, 0x00000000fd500000, 0x00000000fd500000|100%| E|CS|TAMS 0x00000000fd400000| PB 0x00000000fd400000| Complete 
|1493|0x00000000fd500000, 0x00000000fd600000, 0x00000000fd600000|100%| E|CS|TAMS 0x00000000fd500000| PB 0x00000000fd500000| Complete 
|1494|0x00000000fd600000, 0x00000000fd700000, 0x00000000fd700000|100%| E|CS|TAMS 0x00000000fd600000| PB 0x00000000fd600000| Complete 
|1495|0x00000000fd700000, 0x00000000fd800000, 0x00000000fd800000|100%| E|CS|TAMS 0x00000000fd700000| PB 0x00000000fd700000| Complete 
|1496|0x00000000fd800000, 0x00000000fd900000, 0x00000000fd900000|100%| E|CS|TAMS 0x00000000fd800000| PB 0x00000000fd800000| Complete 
|1497|0x00000000fd900000, 0x00000000fda00000, 0x00000000fda00000|100%| E|CS|TAMS 0x00000000fd900000| PB 0x00000000fd900000| Complete 
|1498|0x00000000fda00000, 0x00000000fdb00000, 0x00000000fdb00000|100%| E|CS|TAMS 0x00000000fda00000| PB 0x00000000fda00000| Complete 
|1499|0x00000000fdb00000, 0x00000000fdc00000, 0x00000000fdc00000|100%| E|CS|TAMS 0x00000000fdb00000| PB 0x00000000fdb00000| Complete 
|1500|0x00000000fdc00000, 0x00000000fdd00000, 0x00000000fdd00000|100%| E|CS|TAMS 0x00000000fdc00000| PB 0x00000000fdc00000| Complete 
|1501|0x00000000fdd00000, 0x00000000fde00000, 0x00000000fde00000|100%| E|CS|TAMS 0x00000000fdd00000| PB 0x00000000fdd00000| Complete 
|1502|0x00000000fde00000, 0x00000000fdf00000, 0x00000000fdf00000|100%| O|  |TAMS 0x00000000fde00000| PB 0x00000000fde00000| Untracked 
|1503|0x00000000fdf00000, 0x00000000fe000000, 0x00000000fe000000|100%| O|  |TAMS 0x00000000fdf00000| PB 0x00000000fdf00000| Untracked 
|1504|0x00000000fe000000, 0x00000000fe100000, 0x00000000fe100000|100%| E|CS|TAMS 0x00000000fe000000| PB 0x00000000fe000000| Complete 
|1505|0x00000000fe100000, 0x00000000fe200000, 0x00000000fe200000|100%| E|CS|TAMS 0x00000000fe100000| PB 0x00000000fe100000| Complete 
|1506|0x00000000fe200000, 0x00000000fe300000, 0x00000000fe300000|100%| E|CS|TAMS 0x00000000fe200000| PB 0x00000000fe200000| Complete 
|1507|0x00000000fe300000, 0x00000000fe400000, 0x00000000fe400000|100%| E|CS|TAMS 0x00000000fe300000| PB 0x00000000fe300000| Complete 
|1508|0x00000000fe400000, 0x00000000fe500000, 0x00000000fe500000|100%| E|CS|TAMS 0x00000000fe400000| PB 0x00000000fe400000| Complete 
|1509|0x00000000fe500000, 0x00000000fe600000, 0x00000000fe600000|100%| E|CS|TAMS 0x00000000fe500000| PB 0x00000000fe500000| Complete 
|1510|0x00000000fe600000, 0x00000000fe700000, 0x00000000fe700000|100%| E|CS|TAMS 0x00000000fe600000| PB 0x00000000fe600000| Complete 
|1511|0x00000000fe700000, 0x00000000fe800000, 0x00000000fe800000|100%| E|CS|TAMS 0x00000000fe700000| PB 0x00000000fe700000| Complete 
|1512|0x00000000fe800000, 0x00000000fe900000, 0x00000000fe900000|100%| E|CS|TAMS 0x00000000fe800000| PB 0x00000000fe800000| Complete 
|1513|0x00000000fe900000, 0x00000000fea00000, 0x00000000fea00000|100%| E|CS|TAMS 0x00000000fe900000| PB 0x00000000fe900000| Complete 
|1514|0x00000000fea00000, 0x00000000feb00000, 0x00000000feb00000|100%| E|CS|TAMS 0x00000000fea00000| PB 0x00000000fea00000| Complete 
|1515|0x00000000feb00000, 0x00000000fec00000, 0x00000000fec00000|100%| E|CS|TAMS 0x00000000feb00000| PB 0x00000000feb00000| Complete 
|1516|0x00000000fec00000, 0x00000000fed00000, 0x00000000fed00000|100%| E|CS|TAMS 0x00000000fec00000| PB 0x00000000fec00000| Complete 
|1517|0x00000000fed00000, 0x00000000fee00000, 0x00000000fee00000|100%| E|CS|TAMS 0x00000000fed00000| PB 0x00000000fed00000| Complete 
|1518|0x00000000fee00000, 0x00000000fef00000, 0x00000000fef00000|100%| E|CS|TAMS 0x00000000fee00000| PB 0x00000000fee00000| Complete 
|1519|0x00000000fef00000, 0x00000000ff000000, 0x00000000ff000000|100%| E|CS|TAMS 0x00000000fef00000| PB 0x00000000fef00000| Complete 
|1520|0x00000000ff000000, 0x00000000ff100000, 0x00000000ff100000|100%| E|CS|TAMS 0x00000000ff000000| PB 0x00000000ff000000| Complete 
|1521|0x00000000ff100000, 0x00000000ff200000, 0x00000000ff200000|100%| E|CS|TAMS 0x00000000ff100000| PB 0x00000000ff100000| Complete 
|1522|0x00000000ff200000, 0x00000000ff300000, 0x00000000ff300000|100%| O|  |TAMS 0x00000000ff200000| PB 0x00000000ff200000| Untracked 
|1523|0x00000000ff300000, 0x00000000ff400000, 0x00000000ff400000|100%| E|CS|TAMS 0x00000000ff300000| PB 0x00000000ff300000| Complete 
|1524|0x00000000ff400000, 0x00000000ff500000, 0x00000000ff500000|100%| E|CS|TAMS 0x00000000ff400000| PB 0x00000000ff400000| Complete 
|1525|0x00000000ff500000, 0x00000000ff600000, 0x00000000ff600000|100%| E|CS|TAMS 0x00000000ff500000| PB 0x00000000ff500000| Complete 
|1526|0x00000000ff600000, 0x00000000ff700000, 0x00000000ff700000|100%| E|CS|TAMS 0x00000000ff600000| PB 0x00000000ff600000| Complete 
|1527|0x00000000ff700000, 0x00000000ff800000, 0x00000000ff800000|100%| O|  |TAMS 0x00000000ff700000| PB 0x00000000ff700000| Untracked 
|1528|0x00000000ff800000, 0x00000000ff900000, 0x00000000ff900000|100%| O|  |TAMS 0x00000000ff800000| PB 0x00000000ff800000| Untracked 
|1529|0x00000000ff900000, 0x00000000ffa00000, 0x00000000ffa00000|100%| O|  |TAMS 0x00000000ff900000| PB 0x00000000ff900000| Untracked 
|1530|0x00000000ffa00000, 0x00000000ffb00000, 0x00000000ffb00000|100%| O|  |TAMS 0x00000000ffa00000| PB 0x00000000ffa00000| Untracked 
|1531|0x00000000ffb00000, 0x00000000ffc00000, 0x00000000ffc00000|100%| O|  |TAMS 0x00000000ffb00000| PB 0x00000000ffb00000| Untracked 
|1532|0x00000000ffc00000, 0x00000000ffd00000, 0x00000000ffd00000|100%| O|  |TAMS 0x00000000ffc00000| PB 0x00000000ffc00000| Untracked 
|1533|0x00000000ffd00000, 0x00000000ffe00000, 0x00000000ffe00000|100%| O|  |TAMS 0x00000000ffd00000| PB 0x00000000ffd00000| Untracked 
|1534|0x00000000ffe00000, 0x00000000fff00000, 0x00000000fff00000|100%| O|  |TAMS 0x00000000ffe00000| PB 0x00000000ffe00000| Untracked 
|1535|0x00000000fff00000, 0x0000000100000000, 0x0000000100000000|100%| E|CS|TAMS 0x00000000fff00000| PB 0x00000000fff00000| Complete 

Card table byte_map: [0x000076cb10e20000,0x000076cb11120000] _byte_map_base: 0x000076cb10920000

Marking Bits: (CMBitMap*) 0x000076cb0c067050
 Bits: [0x000076caf3000000, 0x000076caf4800000)

Polling page: 0x000076cb13e2e000

Metaspace:

Usage:
  Non-class:    209.61 MB used.
      Class:     28.46 MB used.
       Both:    238.07 MB used.

Virtual space:
  Non-class space:      256.00 MB reserved,     211.94 MB ( 83%) committed,  4 nodes.
      Class space:      416.00 MB reserved,      30.31 MB (  7%) committed,  1 nodes.
             Both:      672.00 MB reserved,     242.25 MB ( 36%) committed. 

Chunk freelists:
   Non-Class:  11.17 MB
       Class:  1.51 MB
        Both:  12.68 MB

MaxMetaspaceSize: 512.00 MB
CompressedClassSpaceSize: 416.00 MB
Initial GC threshold: 21.00 MB
Current GC threshold: 395.12 MB
CDS: on
 - commit_granule_bytes: 65536.
 - commit_granule_words: 8192.
 - virtual_space_node_default_size: 8388608.
 - enlarge_chunks_in_place: 1.
 - use_allocation_guard: 0.


Internal statistics:

num_allocs_failed_limit: 60.
num_arena_births: 2484.
num_arena_deaths: 126.
num_vsnodes_births: 5.
num_vsnodes_deaths: 0.
num_space_committed: 3878.
num_space_uncommitted: 2.
num_chunks_returned_to_freelist: 402.
num_chunks_taken_from_freelist: 15633.
num_chunk_merges: 97.
num_chunk_splits: 9144.
num_chunks_enlarged: 4446.
num_inconsistent_stats: 0.

CodeHeap 'non-profiled nmethods': size=120028Kb used=34988Kb max_used=34988Kb free=85039Kb
 bounds [0x000076cafc2c9000, 0x000076cafe4f9000, 0x000076cb03800000]
CodeHeap 'profiled nmethods': size=120028Kb used=53527Kb max_used=60893Kb free=66500Kb
 bounds [0x000076caf4800000, 0x000076caf83d0000, 0x000076cafbd37000]
CodeHeap 'non-nmethods': size=5704Kb used=2411Kb max_used=2476Kb free=3292Kb
 bounds [0x000076cafbd37000, 0x000076cafbfb7000, 0x000076cafc2c9000]
CodeCache: size=245760Kb, used=90926Kb, max_used=98357Kb, free=154831Kb
 total_blobs=25517, nmethods=24200, adapters=1215, full_count=0
Compilation: enabled, stopped_count=0, restarted_count=0

Compilation events (20 events):
Event: 1402.493 Thread 0x000076cb0c2a8ff0 62228       1       org.talend.designer.mapper.model.emf.mapper.impl.AbstractDataMapTableImpl::getName (5 bytes)
Event: 1402.493 Thread 0x000076cb0c2a8ff0 nmethod 62228 0x000076cafe4c2c10 code [0x000076cafe4c2da0, 0x000076cafe4c2e60]
Event: 1402.493 Thread 0x000076cb0c2a8ff0 62199       1       org.talend.core.model.metadata.MetadataTable::isReadOnly (5 bytes)
Event: 1402.494 Thread 0x000076cb0c2a8ff0 nmethod 62199 0x000076cafe4c2f10 code [0x000076cafe4c30a0, 0x000076cafe4c3168]
Event: 1402.508 Thread 0x000076cb0c2a8ff0 62246 %s!   2       org.talend.repository.localprovider.model.LocalRepositoryFactory::getSerializableFromFolder @ 559 (1649 bytes)
Event: 1402.527 Thread 0x000076cb0c2a8ff0 nmethod 62246% 0x000076caf7bebd10 code [0x000076caf7becc00, 0x000076caf7bf3738]
Event: 1402.528 Thread 0x000076cb0c2a8ff0 62248       3       org.talend.core.model.metadata.builder.connection.impl.DatabaseConnectionImpl::getParameters (32 bytes)
Event: 1402.528 Thread 0x000076cb0c2a8ff0 nmethod 62248 0x000076caf7beb810 code [0x000076caf7beb9c0, 0x000076caf7bebc28]
Event: 1402.528 Thread 0x000076cb0c2a8ff0 62249       1       org.talend.core.model.update.AbstractUpdateManager::getSchemaRenamedMap (5 bytes)
Event: 1402.528 Thread 0x000076cb0c2a8ff0 nmethod 62249 0x000076cafe4c3210 code [0x000076cafe4c33a0, 0x000076cafe4c3460]
Event: 1402.598 Thread 0x000076cb0c2a8ff0 62250       3       org.eclipse.swt.layout.GridLayout::<init> (55 bytes)
Event: 1402.599 Thread 0x000076cb0c2a8ff0 nmethod 62250 0x000076caf6d4e890 code [0x000076caf6d4ea40, 0x000076caf6d4ec40]
Event: 1402.603 Thread 0x000076cb0c2a8ff0 62251       3       org.eclipse.swt.widgets.Tree::_addListener (50 bytes)
Event: 1402.604 Thread 0x000076cb0c2a8ff0 nmethod 62251 0x000076caf6d4e010 code [0x000076caf6d4e200, 0x000076caf6d4e688]
Event: 1402.610 Thread 0x000076ca99889120 nmethod 62187 0x000076cafe4c3510 code [0x000076cafe4c3d00, 0x000076cafe4c9830]
Event: 1402.610 Thread 0x000076ca99889120 62242       4       java.lang.StringLatin1::regionMatchesCI (45 bytes)
Event: 1402.614 Thread 0x000076ca99889120 nmethod 62242 0x000076cafe4cce10 code [0x000076cafe4ccfa0, 0x000076cafe4cd2a8]
Event: 1402.614 Thread 0x000076ca99889120 62245   !   4       org.talend.designer.core.model.components.Expression::evaluateSimpleExpression (3188 bytes)
Event: 1402.660 Thread 0x000076cb0c2a8ff0 62252       3       org.eclipse.swt.widgets.Tree::gtk_row_inserted (16 bytes)
Event: 1402.660 Thread 0x000076cb0c2a8ff0 nmethod 62252 0x000076caf64e5d10 code [0x000076caf64e5ec0, 0x000076caf64e6040]

GC Heap History (20 events):
Event: 798.708 GC heap before
{Heap before GC invocations=109 (full 0):
 garbage-first heap   total 868352K, used 773520K [0x00000000a0000000, 0x0000000100000000)
  region size 1024K, 272 young (278528K), 34 survivors (34816K)
 Metaspace       used 235495K, committed 239616K, reserved 688128K
  class space    used 28207K, committed 30016K, reserved 425984K
}
Event: 798.728 GC heap after
{Heap after GC invocations=110 (full 0):
 garbage-first heap   total 868352K, used 511857K [0x00000000a0000000, 0x0000000100000000)
  region size 1024K, 5 young (5120K), 5 survivors (5120K)
 Metaspace       used 235495K, committed 239616K, reserved 688128K
  class space    used 28207K, committed 30016K, reserved 425984K
}
Event: 824.127 GC heap before
{Heap before GC invocations=110 (full 0):
 garbage-first heap   total 868352K, used 785265K [0x00000000a0000000, 0x0000000100000000)
  region size 1024K, 272 young (278528K), 5 survivors (5120K)
 Metaspace       used 235791K, committed 239936K, reserved 688128K
  class space    used 28239K, committed 30080K, reserved 425984K
}
Event: 824.132 GC heap after
{Heap after GC invocations=111 (full 0):
 garbage-first heap   total 868352K, used 509301K [0x00000000a0000000, 0x0000000100000000)
  region size 1024K, 3 young (3072K), 3 survivors (3072K)
 Metaspace       used 235791K, committed 239936K, reserved 688128K
  class space    used 28239K, committed 30080K, reserved 425984K
}
Event: 849.154 GC heap before
{Heap before GC invocations=112 (full 0):
 garbage-first heap   total 868352K, used 774517K [0x00000000a0000000, 0x0000000100000000)
  region size 1024K, 286 young (292864K), 3 survivors (3072K)
 Metaspace       used 235878K, committed 240000K, reserved 688128K
  class space    used 28240K, committed 30080K, reserved 425984K
}
Event: 849.159 GC heap after
{Heap after GC invocations=113 (full 0):
 garbage-first heap   total 868352K, used 484781K [0x00000000a0000000, 0x0000000100000000)
  region size 1024K, 3 young (3072K), 3 survivors (3072K)
 Metaspace       used 235878K, committed 240000K, reserved 688128K
  class space    used 28240K, committed 30080K, reserved 425984K
}
Event: 879.631 GC heap before
{Heap before GC invocations=113 (full 0):
 garbage-first heap   total 868352K, used 828845K [0x00000000a0000000, 0x0000000100000000)
  region size 1024K, 320 young (327680K), 3 survivors (3072K)
 Metaspace       used 238039K, committed 242176K, reserved 688128K
  class space    used 28476K, committed 30336K, reserved 425984K
}
Event: 879.648 GC heap after
{Heap after GC invocations=114 (full 0):
 garbage-first heap   total 869376K, used 482053K [0x00000000a0000000, 0x0000000100000000)
  region size 1024K, 31 young (31744K), 31 survivors (31744K)
 Metaspace       used 238039K, committed 242176K, reserved 688128K
  class space    used 28476K, committed 30336K, reserved 425984K
}
Event: 934.528 GC heap before
{Heap before GC invocations=114 (full 0):
 garbage-first heap   total 869376K, used 750341K [0x00000000a0000000, 0x0000000100000000)
  region size 1024K, 294 young (301056K), 31 survivors (31744K)
 Metaspace       used 238305K, committed 242496K, reserved 688128K
  class space    used 28476K, committed 30336K, reserved 425984K
}
Event: 934.542 GC heap after
{Heap after GC invocations=115 (full 0):
 garbage-first heap   total 869376K, used 485690K [0x00000000a0000000, 0x0000000100000000)
  region size 1024K, 5 young (5120K), 5 survivors (5120K)
 Metaspace       used 238305K, committed 242496K, reserved 688128K
  class space    used 28476K, committed 30336K, reserved 425984K
}
Event: 971.880 GC heap before
{Heap before GC invocations=116 (full 0):
 garbage-first heap   total 869376K, used 843066K [0x00000000a0000000, 0x0000000100000000)
  region size 1024K, 322 young (329728K), 5 survivors (5120K)
 Metaspace       used 238388K, committed 242560K, reserved 688128K
  class space    used 28477K, committed 30336K, reserved 425984K
}
Event: 971.893 GC heap after
{Heap after GC invocations=117 (full 0):
 garbage-first heap   total 869376K, used 506260K [0x00000000a0000000, 0x0000000100000000)
  region size 1024K, 25 young (25600K), 25 survivors (25600K)
 Metaspace       used 238388K, committed 242560K, reserved 688128K
  class space    used 28477K, committed 30336K, reserved 425984K
}
Event: 979.602 GC heap before
{Heap before GC invocations=117 (full 0):
 garbage-first heap   total 869376K, used 803220K [0x00000000a0000000, 0x0000000100000000)
  region size 1024K, 315 young (322560K), 25 survivors (25600K)
 Metaspace       used 238458K, committed 242624K, reserved 688128K
  class space    used 28479K, committed 30336K, reserved 425984K
}
Event: 979.625 GC heap after
{Heap after GC invocations=118 (full 0):
 garbage-first heap   total 870400K, used 529633K [0x00000000a0000000, 0x0000000100000000)
  region size 1024K, 37 young (37888K), 37 survivors (37888K)
 Metaspace       used 238458K, committed 242624K, reserved 688128K
  class space    used 28479K, committed 30336K, reserved 425984K
}
Event: 1010.317 GC heap before
{Heap before GC invocations=118 (full 0):
 garbage-first heap   total 870400K, used 795873K [0x00000000a0000000, 0x0000000100000000)
  region size 1024K, 297 young (304128K), 37 survivors (37888K)
 Metaspace       used 238576K, committed 242752K, reserved 688128K
  class space    used 28486K, committed 30336K, reserved 425984K
}
Event: 1010.350 GC heap after
{Heap after GC invocations=119 (full 0):
 garbage-first heap   total 870400K, used 561562K [0x00000000a0000000, 0x0000000100000000)
  region size 1024K, 32 young (32768K), 32 survivors (32768K)
 Metaspace       used 238576K, committed 242752K, reserved 688128K
  class space    used 28486K, committed 30336K, reserved 425984K
}
Event: 1170.859 GC heap before
{Heap before GC invocations=120 (full 0):
 garbage-first heap   total 892928K, used 773530K [0x00000000a0000000, 0x0000000100000000)
  region size 1024K, 265 young (271360K), 32 survivors (32768K)
 Metaspace       used 238519K, committed 242752K, reserved 688128K
  class space    used 28457K, committed 30336K, reserved 425984K
}
Event: 1170.879 GC heap after
{Heap after GC invocations=121 (full 0):
 garbage-first heap   total 892928K, used 540672K [0x00000000a0000000, 0x0000000100000000)
  region size 1024K, 6 young (6144K), 6 survivors (6144K)
 Metaspace       used 238519K, committed 242752K, reserved 688128K
  class space    used 28457K, committed 30336K, reserved 425984K
}
Event: 1372.161 GC heap before
{Heap before GC invocations=121 (full 0):
 garbage-first heap   total 892928K, used 846848K [0x00000000a0000000, 0x0000000100000000)
  region size 1024K, 278 young (284672K), 6 survivors (6144K)
 Metaspace       used 241704K, committed 246016K, reserved 688128K
  class space    used 28927K, committed 30848K, reserved 425984K
}
Event: 1372.178 GC heap after
{Heap after GC invocations=122 (full 0):
 garbage-first heap   total 892928K, used 528384K [0x00000000a0000000, 0x0000000100000000)
  region size 1024K, 16 young (16384K), 16 survivors (16384K)
 Metaspace       used 241704K, committed 246016K, reserved 688128K
  class space    used 28927K, committed 30848K, reserved 425984K
}

Dll operation events (19 events):
Event: 0.003 Loaded shared library /usr/lib/jvm/java-21-openjdk-amd64/lib/libjava.so
Event: 0.034 Loaded shared library /usr/lib/jvm/java-21-openjdk-amd64/lib/libjsvml.so
Event: 0.070 Loaded shared library /usr/lib/jvm/java-21-openjdk-amd64/lib/libnio.so
Event: 0.072 Loaded shared library /usr/lib/jvm/java-21-openjdk-amd64/lib/libzip.so
Event: 0.129 Loaded shared library /usr/lib/jvm/java-21-openjdk-amd64/lib/libjimage.so
Event: 0.160 Loaded shared library /home/romaric/TOS_BD-20211109_1610-V8.0.1/plugins/org.eclipse.equinox.launcher.gtk.linux.x86_64_1.2.200.v20210429-1609/eclipse_11401.so
Event: 0.434 Loaded shared library /usr/lib/jvm/java-21-openjdk-amd64/lib/libnet.so
Event: 1.831 Loaded shared library /usr/lib/jvm/java-21-openjdk-amd64/lib/libverify.so
Event: 2.507 Loaded shared library /home/romaric/TOS_BD-20211109_1610-V8.0.1/configuration/org.eclipse.osgi/21/0/.cp/libswt-gtk-4944r26.so
Event: 2.508 Loaded shared library /home/romaric/TOS_BD-20211109_1610-V8.0.1/configuration/org.eclipse.osgi/21/0/.cp/libswt-pi3-gtk-4944r26.so
Event: 2.549 Loaded shared library /home/romaric/TOS_BD-20211109_1610-V8.0.1/configuration/org.eclipse.osgi/21/0/.cp/libswt-cairo-gtk-4944r26.so
Event: 2.723 Loaded shared library /home/romaric/TOS_BD-20211109_1610-V8.0.1/configuration/org.eclipse.osgi/4/0/.cp/os/linux/x86_64/libunixfile_1_0_0.so
Event: 3.379 Loaded shared library /home/romaric/TOS_BD-20211109_1610-V8.0.1/configuration/org.eclipse.osgi/21/0/.cp/libswt-webkit-gtk-4944r26.so
Event: 3.602 Loaded shared library /usr/lib/jvm/java-21-openjdk-amd64/lib/libextnet.so
Event: 3.642 Loaded shared library /home/romaric/TOS_BD-20211109_1610-V8.0.1/configuration/org.eclipse.osgi/21/0/.cp/libswt-atk-gtk-4944r26.so
Event: 114.155 Loaded shared library /usr/lib/jvm/java-21-openjdk-amd64/lib/libjaas.so
Event: 114.389 Loaded shared library /tmp/jffi8099065896046024527.so
Event: 116.570 Loaded shared library /usr/lib/jvm/java-21-openjdk-amd64/lib/libmanagement.so
Event: 116.590 Loaded shared library /usr/lib/jvm/java-21-openjdk-amd64/lib/libmanagement_ext.so

Deoptimization events (20 events):
Event: 1402.658 Thread 0x000076cb0c01a8c0 Uncommon trap: trap_request=0xffffff45 fr.pc=0x000076cafd9fbc10 relative=0x0000000000000430
Event: 1402.658 Thread 0x000076cb0c01a8c0 Uncommon trap: reason=unstable_if action=reinterpret pc=0x000076cafd9fbc10 method=org.eclipse.swt.widgets.Tree.getId(JZ)I @ 26 c2
Event: 1402.658 Thread 0x000076cb0c01a8c0 DEOPT PACKING pc=0x000076cafd9fbc10 sp=0x000076cb123fa720
Event: 1402.658 Thread 0x000076cb0c01a8c0 DEOPT UNPACKING pc=0x000076cafbd8af99 sp=0x000076cb123fa550 mode 2
Event: 1402.658 Thread 0x000076cb0c01a8c0 Uncommon trap: trap_request=0xffffff45 fr.pc=0x000076cafca72b9c relative=0x000000000000007c
Event: 1402.658 Thread 0x000076cb0c01a8c0 Uncommon trap: reason=unstable_if action=reinterpret pc=0x000076cafca72b9c method=org.eclipse.swt.widgets.Tree.checkData(Lorg/eclipse/swt/widgets/TreeItem;)Z @ 16 c2
Event: 1402.658 Thread 0x000076cb0c01a8c0 DEOPT PACKING pc=0x000076cafca72b9c sp=0x000076cb123fa660
Event: 1402.658 Thread 0x000076cb0c01a8c0 DEOPT UNPACKING pc=0x000076cafbd8af99 sp=0x000076cb123fa600 mode 2
Event: 1402.659 Thread 0x000076cb0c01a8c0 Uncommon trap: trap_request=0xffffff45 fr.pc=0x000076cafe14431c relative=0x00000000000000dc
Event: 1402.659 Thread 0x000076cb0c01a8c0 Uncommon trap: reason=unstable_if action=reinterpret pc=0x000076cafe14431c method=org.eclipse.swt.widgets.Tree.getPixbufRenderer(J)J @ 33 c2
Event: 1402.659 Thread 0x000076cb0c01a8c0 DEOPT PACKING pc=0x000076cafe14431c sp=0x000076cb123f9b60
Event: 1402.659 Thread 0x000076cb0c01a8c0 DEOPT UNPACKING pc=0x000076cafbd8af99 sp=0x000076cb123f9ae0 mode 2
Event: 1402.659 Thread 0x000076cb0c01a8c0 Uncommon trap: trap_request=0xffffff45 fr.pc=0x000076cafd616c98 relative=0x0000000000000158
Event: 1402.659 Thread 0x000076cb0c01a8c0 Uncommon trap: reason=unstable_if action=reinterpret pc=0x000076cafd616c98 method=org.eclipse.swt.widgets.TreeItem.getText(I)Ljava/lang/String; @ 49 c2
Event: 1402.659 Thread 0x000076cb0c01a8c0 DEOPT PACKING pc=0x000076cafd616c98 sp=0x000076cb123f9b80
Event: 1402.659 Thread 0x000076cb0c01a8c0 DEOPT UNPACKING pc=0x000076cafbd8af99 sp=0x000076cb123f9b38 mode 2
Event: 1402.679 Thread 0x000076cb0c01a8c0 Uncommon trap: trap_request=0xffffff45 fr.pc=0x000076cafcf2f2ac relative=0x000000000000016c
Event: 1402.679 Thread 0x000076cb0c01a8c0 Uncommon trap: reason=unstable_if action=reinterpret pc=0x000076cafcf2f2ac method=org.eclipse.swt.widgets.Tree.getId(JZ)I @ 26 c2
Event: 1402.679 Thread 0x000076cb0c01a8c0 DEOPT PACKING pc=0x000076cafcf2f2ac sp=0x000076cb123fb430
Event: 1402.679 Thread 0x000076cb0c01a8c0 DEOPT UNPACKING pc=0x000076cafbd8af99 sp=0x000076cb123fb338 mode 2

Classes loaded (20 events):
Event: 1389.813 Loading class javax/crypto/SecretKeyFactory
Event: 1389.813 Loading class javax/crypto/SecretKeyFactory done
Event: 1389.813 Loading class com/sun/crypto/provider/PBKDF2Core$HmacSHA256
Event: 1389.813 Loading class com/sun/crypto/provider/PBKDF2Core
Event: 1389.814 Loading class javax/crypto/SecretKeyFactorySpi
Event: 1389.814 Loading class javax/crypto/SecretKeyFactorySpi done
Event: 1389.814 Loading class com/sun/crypto/provider/PBKDF2Core done
Event: 1389.814 Loading class com/sun/crypto/provider/PBKDF2Core$HmacSHA256 done
Event: 1389.814 Loading class com/sun/crypto/provider/PBKDF2KeyImpl
Event: 1389.814 Loading class javax/crypto/interfaces/PBEKey
Event: 1389.814 Loading class javax/crypto/interfaces/PBEKey done
Event: 1389.814 Loading class com/sun/crypto/provider/PBKDF2KeyImpl done
Event: 1389.819 Loading class com/sun/crypto/provider/PBKDF2KeyImpl$1
Event: 1389.819 Loading class com/sun/crypto/provider/PBKDF2KeyImpl$1 done
Event: 1389.935 Loading class java/time/LocalDateTime$1
Event: 1389.935 Loading class java/time/LocalDateTime$1 done
Event: 1389.935 Loading class java/time/chrono/IsoEra
Event: 1389.935 Loading class java/time/chrono/Era
Event: 1389.935 Loading class java/time/chrono/Era done
Event: 1389.935 Loading class java/time/chrono/IsoEra done

Classes unloaded (20 events):
Event: 1010.523 Thread 0x000076cb0c297430 Unloading class 0x000076cac24fb400 'java/lang/invoke/LambdaForm$MH+0x000076cac24fb400'
Event: 1010.523 Thread 0x000076cb0c297430 Unloading class 0x000076cac24fb000 'java/lang/invoke/LambdaForm$MH+0x000076cac24fb000'
Event: 1010.523 Thread 0x000076cb0c297430 Unloading class 0x000076cac24fac00 'java/lang/invoke/LambdaForm$BMH+0x000076cac24fac00'
Event: 1010.523 Thread 0x000076cb0c297430 Unloading class 0x000076cac24fa800 'java/lang/invoke/LambdaForm$MH+0x000076cac24fa800'
Event: 1010.523 Thread 0x000076cb0c297430 Unloading class 0x000076cac24e4800 'java/lang/invoke/LambdaForm$MH+0x000076cac24e4800'
Event: 1010.523 Thread 0x000076cb0c297430 Unloading class 0x000076cac24e4400 'java/lang/invoke/LambdaForm$MH+0x000076cac24e4400'
Event: 1010.523 Thread 0x000076cb0c297430 Unloading class 0x000076cac24e4000 'java/lang/invoke/LambdaForm$BMH+0x000076cac24e4000'
Event: 1010.523 Thread 0x000076cb0c297430 Unloading class 0x000076cac2495800 'java/lang/invoke/LambdaForm$MH+0x000076cac2495800'
Event: 1010.523 Thread 0x000076cb0c297430 Unloading class 0x000076cac2495400 'java/lang/invoke/LambdaForm$MH+0x000076cac2495400'
Event: 1010.523 Thread 0x000076cb0c297430 Unloading class 0x000076cac2495000 'java/lang/invoke/LambdaForm$MH+0x000076cac2495000'
Event: 1010.523 Thread 0x000076cb0c297430 Unloading class 0x000076cac2494c00 'java/lang/invoke/LambdaForm$MH+0x000076cac2494c00'
Event: 1010.523 Thread 0x000076cb0c297430 Unloading class 0x000076cac2494800 'java/lang/invoke/LambdaForm$BMH+0x000076cac2494800'
Event: 1010.523 Thread 0x000076cb0c297430 Unloading class 0x000076cac2489800 'java/lang/invoke/LambdaForm$MH+0x000076cac2489800'
Event: 1010.523 Thread 0x000076cb0c297430 Unloading class 0x000076cac240c400 'java/lang/invoke/LambdaForm$MH+0x000076cac240c400'
Event: 1010.523 Thread 0x000076cb0c297430 Unloading class 0x000076cac225a800 'java/lang/invoke/LambdaForm$MH+0x000076cac225a800'
Event: 1010.523 Thread 0x000076cb0c297430 Unloading class 0x000076cac225a400 'java/lang/invoke/LambdaForm$MH+0x000076cac225a400'
Event: 1010.523 Thread 0x000076cb0c297430 Unloading class 0x000076cac2240000 'java/lang/invoke/LambdaForm$DMH+0x000076cac2240000'
Event: 1010.523 Thread 0x000076cb0c297430 Unloading class 0x000076cac2091000 'java/lang/invoke/LambdaForm$MH+0x000076cac2091000'
Event: 1010.523 Thread 0x000076cb0c297430 Unloading class 0x000076cac2090c00 'java/lang/invoke/LambdaForm$MH+0x000076cac2090c00'
Event: 1010.523 Thread 0x000076cb0c297430 Unloading class 0x000076cac2007400 'java/lang/invoke/LambdaForm$MH+0x000076cac2007400'

Classes redefined (0 events):
No events

Internal exceptions (20 events):
Event: 950.447 Thread 0x000076c9195e1290 Exception <a 'java/lang/InterruptedException'{0x00000000d0a03690}> (0x00000000d0a03690) 
thrown [./src/hotspot/share/runtime/objectMonitor.cpp, line 1625]
Event: 950.448 Thread 0x000076c938078f30 Exception <a 'java/lang/InterruptedException'{0x00000000d0ad72e8}> (0x00000000d0ad72e8) 
thrown [./src/hotspot/share/runtime/objectMonitor.cpp, line 1445]
Event: 956.247 Thread 0x000076c91939b1e0 Exception <a 'java/lang/InterruptedException'{0x00000000cde00000}> (0x00000000cde00000) 
thrown [./src/hotspot/share/runtime/objectMonitor.cpp, line 1625]
Event: 956.248 Thread 0x000076ca8c301e30 Exception <a 'java/lang/InterruptedException'{0x00000000cded3c58}> (0x00000000cded3c58) 
thrown [./src/hotspot/share/runtime/objectMonitor.cpp, line 1445]
Event: 974.309 Thread 0x000076c9190876e0 Exception <a 'java/lang/InterruptedException'{0x00000000cd480000}> (0x00000000cd480000) 
thrown [./src/hotspot/share/runtime/objectMonitor.cpp, line 1625]
Event: 974.309 Thread 0x000076c994088e10 Exception <a 'java/lang/InterruptedException'{0x00000000cd300000}> (0x00000000cd300000) 
thrown [./src/hotspot/share/runtime/objectMonitor.cpp, line 1445]
Event: 982.515 Thread 0x000076c919374800 Exception <a 'java/lang/InterruptedException'{0x00000000cd580000}> (0x00000000cd580000) 
thrown [./src/hotspot/share/runtime/objectMonitor.cpp, line 1625]
Event: 982.516 Thread 0x000076c938078f30 Exception <a 'java/lang/InterruptedException'{0x00000000cd400000}> (0x00000000cd400000) 
thrown [./src/hotspot/share/runtime/objectMonitor.cpp, line 1445]
Event: 992.978 Thread 0x000076c919673c20 Exception <a 'java/lang/InterruptedException'{0x00000000c9a00000}> (0x00000000c9a00000) 
thrown [./src/hotspot/share/runtime/objectMonitor.cpp, line 1625]
Event: 992.979 Thread 0x000076ca7c3365f0 Exception <a 'java/lang/InterruptedException'{0x00000000c9aa6778}> (0x00000000c9aa6778) 
thrown [./src/hotspot/share/runtime/objectMonitor.cpp, line 1445]
Event: 1003.843 Thread 0x000076ca8c301e30 Exception <a 'java/lang/InterruptedException'{0x00000000c6b6efe0}> (0x00000000c6b6efe0) 
thrown [./src/hotspot/share/runtime/objectMonitor.cpp, line 1445]
Event: 1007.786 Thread 0x000076c919260a80 Exception <a 'java/lang/InterruptedException'{0x00000000c5100000}> (0x00000000c5100000) 
thrown [./src/hotspot/share/runtime/objectMonitor.cpp, line 1625]
Event: 1007.787 Thread 0x000076c938078f30 Exception <a 'java/lang/InterruptedException'{0x00000000c51a6778}> (0x00000000c51a6778) 
thrown [./src/hotspot/share/runtime/objectMonitor.cpp, line 1445]
Event: 1352.702 Thread 0x000076cb0c01a8c0 Implicit null exception at 0x000076cafd07e98c to 0x000076cafd080af0
Event: 1361.712 Thread 0x000076cb0c01a8c0 Exception <a 'sun/nio/fs/UnixException'{0x00000000ce6555e8}> (0x00000000ce6555e8) 
thrown [./src/hotspot/share/prims/jni.cpp, line 520]
Event: 1361.797 Thread 0x000076cb0c01a8c0 Implicit null exception at 0x000076cafd0b8019 to 0x000076cafd0b8240
Event: 1361.801 Thread 0x000076cb0c01a8c0 Implicit null exception at 0x000076cafc917674 to 0x000076cafc917765
Event: 1361.926 Thread 0x000076cb0c01a8c0 Implicit null exception at 0x000076cafe122ab6 to 0x000076cafe128660
Event: 1363.349 Thread 0x000076cb0c01a8c0 Implicit null exception at 0x000076cafe2de45b to 0x000076cafe2e0270
Event: 1390.103 Thread 0x000076cb0c01a8c0 Implicit null exception at 0x000076cafdb367ec to 0x000076cafdb37c28

ZGC Phase Switch (0 events):
No events

VM Operations (20 events):
Event: 1380.883 Executing non-safepoint VM operation: RendezvousGCThreads
Event: 1380.883 Executing non-safepoint VM operation: RendezvousGCThreads done
Event: 1386.884 Executing safepoint VM operation: Cleanup
Event: 1386.884 Executing safepoint VM operation: Cleanup done
Event: 1389.818 Executing non-safepoint VM operation: HandshakeAllThreads (Deoptimize)
Event: 1389.819 Executing non-safepoint VM operation: HandshakeAllThreads (Deoptimize) done
Event: 1389.819 Executing safepoint VM operation: Cleanup
Event: 1389.819 Executing safepoint VM operation: Cleanup done
Event: 1389.933 Executing non-safepoint VM operation: HandshakeAllThreads (Deoptimize)
Event: 1389.933 Executing non-safepoint VM operation: HandshakeAllThreads (Deoptimize) done
Event: 1390.933 Executing safepoint VM operation: Cleanup
Event: 1390.934 Executing safepoint VM operation: Cleanup done
Event: 1394.063 Executing non-safepoint VM operation: HandshakeAllThreads (Deoptimize)
Event: 1394.063 Executing non-safepoint VM operation: HandshakeAllThreads (Deoptimize) done
Event: 1394.063 Executing safepoint VM operation: Cleanup
Event: 1394.063 Executing safepoint VM operation: Cleanup done
Event: 1394.068 Executing non-safepoint VM operation: HandshakeAllThreads (Deoptimize)
Event: 1394.068 Executing non-safepoint VM operation: HandshakeAllThreads (Deoptimize) done
Event: 1395.068 Executing safepoint VM operation: Cleanup
Event: 1395.068 Executing safepoint VM operation: Cleanup done

Memory protections (20 events):
Event: 1031.216 Protecting memory [0x000076c9e40b9000,0x000076c9e40bd000] with protection modes 0
Event: 1031.216 Protecting memory [0x000076c9e41b9000,0x000076c9e41bd000] with protection modes 0
Event: 1035.906 Protecting memory [0x000076c9e41b9000,0x000076c9e41bd000] with protection modes 0
Event: 1035.907 Protecting memory [0x000076c9e40b9000,0x000076c9e40bd000] with protection modes 0
Event: 1352.792 Protecting memory [0x000076c9e40b9000,0x000076c9e40bd000] with protection modes 0
Event: 1353.883 Protecting memory [0x000076c9e40b9000,0x000076c9e40bd000] with protection modes 0
Event: 1353.883 Protecting memory [0x000076c9e41b9000,0x000076c9e41bd000] with protection modes 0
Event: 1361.685 Protecting memory [0x000076c9e40b9000,0x000076c9e40bd000] with protection modes 0
Event: 1361.812 Protecting memory [0x000076c9e40b9000,0x000076c9e40bd000] with protection modes 0
Event: 1361.867 Protecting memory [0x000076c9e41b9000,0x000076c9e41bd000] with protection modes 0
Event: 1362.008 Protecting memory [0x000076c9986b3000,0x000076c9986b7000] with protection modes 0
Event: 1363.089 Protecting memory [0x000076c9e41b9000,0x000076c9e41bd000] with protection modes 0
Event: 1363.089 Protecting memory [0x000076ca6e39f000,0x000076ca6e3a3000] with protection modes 0
Event: 1363.090 Protecting memory [0x000076c999532000,0x000076c999536000] with protection modes 0
Event: 1363.351 Protecting memory [0x000076c999532000,0x000076c999536000] with protection modes 0
Event: 1389.644 Protecting memory [0x000076c9986b3000,0x000076c9986b7000] with protection modes 0
Event: 1389.647 Protecting memory [0x000076c999532000,0x000076c999536000] with protection modes 0
Event: 1389.745 Protecting memory [0x000076c9e41b9000,0x000076c9e41bd000] with protection modes 0
Event: 1402.347 Protecting memory [0x000076c9e41b9000,0x000076c9e41bd000] with protection modes 0
Event: 1402.392 Protecting memory [0x000076c9986b3000,0x000076c9986b7000] with protection modes 0

Nmethod flushes (20 events):
Event: 1010.562 Thread 0x000076cb0c297430 flushing  nmethod 0x000076caf611bf90
Event: 1010.562 Thread 0x000076cb0c297430 flushing  nmethod 0x000076caf6620190
Event: 1010.562 Thread 0x000076cb0c297430 flushing  nmethod 0x000076caf6879910
Event: 1010.562 Thread 0x000076cb0c297430 flushing  nmethod 0x000076caf69cba90
Event: 1010.562 Thread 0x000076cb0c297430 flushing  nmethod 0x000076caf6ac7810
Event: 1010.562 Thread 0x000076cb0c297430 flushing  nmethod 0x000076caf6b82790
Event: 1010.562 Thread 0x000076cb0c297430 flushing  nmethod 0x000076caf6b89210
Event: 1010.562 Thread 0x000076cb0c297430 flushing  nmethod 0x000076caf6d8f690
Event: 1010.562 Thread 0x000076cb0c297430 flushing  nmethod 0x000076caf713a290
Event: 1010.562 Thread 0x000076cb0c297430 flushing  nmethod 0x000076caf713a890
Event: 1010.562 Thread 0x000076cb0c297430 flushing  nmethod 0x000076caf767d310
Event: 1010.562 Thread 0x000076cb0c297430 flushing  nmethod 0x000076caf767ee10
Event: 1010.562 Thread 0x000076cb0c297430 flushing  nmethod 0x000076caf7961e90
Event: 1010.562 Thread 0x000076cb0c297430 flushing  nmethod 0x000076caf7964590
Event: 1010.562 Thread 0x000076cb0c297430 flushing  nmethod 0x000076caf7c1cc90
Event: 1010.562 Thread 0x000076cb0c297430 flushing  nmethod 0x000076caf7c1da10
Event: 1010.562 Thread 0x000076cb0c297430 flushing  nmethod 0x000076caf7c21d90
Event: 1010.562 Thread 0x000076cb0c297430 flushing  nmethod 0x000076caf7c31190
Event: 1010.562 Thread 0x000076cb0c297430 flushing  nmethod 0x000076caf80af890
Event: 1010.562 Thread 0x000076cb0c297430 flushing  nmethod 0x000076caf80b0210

Events (20 events):
Event: 1362.966 Thread 0x000076ca9cbcfb60 Thread exited: 0x000076ca9cbcfb60
Event: 1363.089 Thread 0x000076cb0c01a8c0 Thread added: 0x000076c91a99e970
Event: 1363.089 Thread 0x000076cb0c01a8c0 Thread added: 0x000076c91a99f080
Event: 1363.090 Thread 0x000076c91a99f080 Thread added: 0x000076c938078f30
Event: 1363.090 Thread 0x000076c91a99f080 Thread exited: 0x000076c91a99f080
Event: 1363.264 Thread 0x000076ca997e4440 Thread exited: 0x000076ca997e4440
Event: 1363.339 Thread 0x000076c91a99e970 Thread exited: 0x000076c91a99e970
Event: 1363.340 Thread 0x000076c938078f30 Thread exited: 0x000076c938078f30
Event: 1363.351 Thread 0x000076cb0c2a7920 Thread added: 0x000076ca997e4440
Event: 1363.698 Thread 0x000076ca997e4440 Thread exited: 0x000076ca997e4440
Event: 1367.760 Thread 0x000076c91a0ad950 Thread exited: 0x000076c91a0ad950
Event: 1389.644 Thread 0x000076cb0c01a8c0 Thread added: 0x000076cb0e731530
Event: 1389.647 Thread 0x000076cb0e731530 Thread added: 0x000076c994088e10
Event: 1389.745 Thread 0x000076cb0c2a8ff0 Thread added: 0x000076ca9cbcfb60
Event: 1389.981 Thread 0x000076c994088e10 Thread exited: 0x000076c994088e10
Event: 1389.989 Thread 0x000076cb0e731530 Thread exited: 0x000076cb0e731530
Event: 1390.152 Thread 0x000076ca9cbcfb60 Thread exited: 0x000076ca9cbcfb60
Event: 1402.347 Thread 0x000076cb0c01a8c0 Thread added: 0x000076c91aaad180
Event: 1402.392 Thread 0x000076cb0c2a7920 Thread added: 0x000076ca99889120
Event: 1402.530 Thread 0x000076c91aaad180 Thread exited: 0x000076c91aaad180


Dynamic libraries:
a0000000-d3800000 rw-p 00000000 00:00 0 
d3800000-fd000000 ---p 00000000 00:00 0 
fd000000-ffe00000 rw-p 00000000 00:00 0 
ffe00000-fff0d000 rw-p 00cdb000 103:02 10096592                          /usr/lib/jvm/java-21-openjdk-amd64/lib/server/classes.jsa
fff0d000-100000000 rw-p 00000000 00:00 0 
5821bed1e000-5821bed1f000 r--p 00000000 103:02 10096499                  /usr/lib/jvm/java-21-openjdk-amd64/bin/java
5821bed1f000-5821bed20000 r-xp 00001000 103:02 10096499                  /usr/lib/jvm/java-21-openjdk-amd64/bin/java
5821bed20000-5821bed21000 r--p 00002000 103:02 10096499                  /usr/lib/jvm/java-21-openjdk-amd64/bin/java
5821bed21000-5821bed22000 r--p 00002000 103:02 10096499                  /usr/lib/jvm/java-21-openjdk-amd64/bin/java
5821bed22000-5821bed23000 rw-p 00003000 103:02 10096499                  /usr/lib/jvm/java-21-openjdk-amd64/bin/java
5821f68db000-5821f6b94000 rw-p 00000000 00:00 0                          [heap]
76c8cd40a000-76c8cd6a3000 rw-s 00000000 00:01 27488                      /memfd:gdk-wayland (deleted)
76c8cd6a3000-76c8cdbf0000 rw-s 00000000 00:01 27487                      /memfd:gdk-wayland (deleted)
76c8cdbf0000-76c8ce13d000 rw-s 00000000 00:01 32211                      /memfd:gdk-wayland (deleted)
76c8ce13d000-76c8ce68a000 rw-s 00000000 00:01 28523                      /memfd:gdk-wayland (deleted)
76c8ce68a000-76c8cebd7000 rw-s 00000000 00:01 32209                      /memfd:gdk-wayland (deleted)
76c8cebd7000-76c8cf124000 rw-s 00000000 00:01 32208                      /memfd:gdk-wayland (deleted)
76c8cf124000-76c8cf671000 rw-s 00000000 00:01 27482                      /memfd:gdk-wayland (deleted)
76c8cf671000-76c8cfbbe000 rw-s 00000000 00:01 32207                      /memfd:gdk-wayland (deleted)
76c8cfbbe000-76c8d010b000 rw-s 00000000 00:01 28522                      /memfd:gdk-wayland (deleted)
76c8d010b000-76c8d0658000 rw-s 00000000 00:01 26353                      /memfd:gdk-wayland (deleted)
76c8d0658000-76c8d0ba5000 rw-s 00000000 00:01 26352                      /memfd:gdk-wayland (deleted)
76c8d0ba5000-76c8d10f2000 rw-s 00000000 00:01 32206                      /memfd:gdk-wayland (deleted)
76c8d10f2000-76c8d163f000 rw-s 00000000 00:01 32205                      /memfd:gdk-wayland (deleted)
76c8d163f000-76c8d1b8c000 rw-s 00000000 00:01 27481                      /memfd:gdk-wayland (deleted)
76c8d1b8c000-76c8d20d9000 rw-s 00000000 00:01 27480                      /memfd:gdk-wayland (deleted)
76c8d20d9000-76c8d2626000 rw-s 00000000 00:01 27479                      /memfd:gdk-wayland (deleted)
76c8d2626000-76c8d2b73000 rw-s 00000000 00:01 32204                      /memfd:gdk-wayland (deleted)
76c8d2b73000-76c8d30c0000 rw-s 00000000 00:01 28521                      /memfd:gdk-wayland (deleted)
76c8d30c0000-76c8d360d000 rw-s 00000000 00:01 28518                      /memfd:gdk-wayland (deleted)
76c8d360d000-76c8d3b5a000 rw-s 00000000 00:01 27478                      /memfd:gdk-wayland (deleted)
76c8d3b5a000-76c8d40a7000 rw-s 00000000 00:01 26351                      /memfd:gdk-wayland (deleted)
76c8d40a7000-76c8d45f4000 rw-s 00000000 00:01 28517                      /memfd:gdk-wayland (deleted)
76c8d45f4000-76c8d4b41000 rw-s 00000000 00:01 25279                      /memfd:gdk-wayland (deleted)
76c8d4b41000-76c8d508e000 rw-s 00000000 00:01 28516                      /memfd:gdk-wayland (deleted)
76c8d508e000-76c8d55db000 rw-s 00000000 00:01 32203                      /memfd:gdk-wayland (deleted)
76c8d55db000-76c8d5b28000 rw-s 00000000 00:01 28515                      /memfd:gdk-wayland (deleted)
76c8d5b28000-76c8d6075000 rw-s 00000000 00:01 32202                      /memfd:gdk-wayland (deleted)
76c8d6075000-76c8d65c2000 rw-s 00000000 00:01 24547                      /memfd:gdk-wayland (deleted)
76c8d65c2000-76c8d6b0f000 rw-s 00000000 00:01 33993                      /memfd:gdk-wayland (deleted)
76c8d6b0f000-76c8d705c000 rw-s 00000000 00:01 26350                      /memfd:gdk-wayland (deleted)
76c8d705c000-76c8d75a9000 rw-s 00000000 00:01 32201                      /memfd:gdk-wayland (deleted)
76c8d75a9000-76c8d7af6000 rw-s 00000000 00:01 28513                      /memfd:gdk-wayland (deleted)
76c8d7af6000-76c8d8043000 rw-s 00000000 00:01 28512                      /memfd:gdk-wayland (deleted)
76c8d8043000-76c8d8590000 rw-s 00000000 00:01 32200                      /memfd:gdk-wayland (deleted)
76c8d8590000-76c8d8add000 rw-s 00000000 00:01 28511                      /memfd:gdk-wayland (deleted)
76c8d8add000-76c8d902a000 rw-s 00000000 00:01 32199                      /memfd:gdk-wayland (deleted)
76c8d902a000-76c8d9577000 rw-s 00000000 00:01 28509                      /memfd:gdk-wayland (deleted)
76c8d9577000-76c8d9ac4000 rw-s 00000000 00:01 32975                      /memfd:gdk-wayland (deleted)
76c8d9ac4000-76c8da011000 rw-s 00000000 00:01 28508                      /memfd:gdk-wayland (deleted)
76c8da011000-76c8da55e000 rw-s 00000000 00:01 28507                      /memfd:gdk-wayland (deleted)
76c8da55e000-76c8daaab000 rw-s 00000000 00:01 28506                      /memfd:gdk-wayland (deleted)
76c8daaab000-76c8daff8000 rw-s 00000000 00:01 28505                      /memfd:gdk-wayland (deleted)
76c8daff8000-76c8db545000 rw-s 00000000 00:01 32195                      /memfd:gdk-wayland (deleted)
76c8db545000-76c8dba92000 rw-s 00000000 00:01 32194                      /memfd:gdk-wayland (deleted)
76c8dba92000-76c8dbfdf000 rw-s 00000000 00:01 28504                      /memfd:gdk-wayland (deleted)
76c8dbfdf000-76c8dc52c000 rw-s 00000000 00:01 28503                      /memfd:gdk-wayland (deleted)
76c8dc52c000-76c8dca79000 rw-s 00000000 00:01 28502                      /memfd:gdk-wayland (deleted)
76c8dca79000-76c8dcfc6000 rw-s 00000000 00:01 28501                      /memfd:gdk-wayland (deleted)
76c8dcfc6000-76c8dd513000 rw-s 00000000 00:01 28500                      /memfd:gdk-wayland (deleted)
76c8dd513000-76c8dda60000 rw-s 00000000 00:01 28499                      /memfd:gdk-wayland (deleted)
76c8dda60000-76c8ddfad000 rw-s 00000000 00:01 28498                      /memfd:gdk-wayland (deleted)
76c8ddfad000-76c8de4fa000 rw-s 00000000 00:01 28497                      /memfd:gdk-wayland (deleted)
76c8de4fa000-76c8dea47000 rw-s 00000000 00:01 28496                      /memfd:gdk-wayland (deleted)
76c8dea47000-76c8def94000 rw-s 00000000 00:01 28495                      /memfd:gdk-wayland (deleted)
76c8def94000-76c8df4e1000 rw-s 00000000 00:01 28494                      /memfd:gdk-wayland (deleted)
76c8df4e1000-76c8dfa2e000 rw-s 00000000 00:01 28493                      /memfd:gdk-wayland (deleted)
76c8dfa2e000-76c8dff7b000 rw-s 00000000 00:01 28492                      /memfd:gdk-wayland (deleted)
76c8dff7b000-76c8e04c8000 rw-s 00000000 00:01 28491                      /memfd:gdk-wayland (deleted)
76c8e04c8000-76c8e0a15000 rw-s 00000000 00:01 28489                      /memfd:gdk-wayland (deleted)
76c8e0a15000-76c8e0f62000 rw-s 00000000 00:01 28488                      /memfd:gdk-wayland (deleted)
76c8e0f62000-76c8e14af000 rw-s 00000000 00:01 29220                      /memfd:gdk-wayland (deleted)
76c8e14af000-76c8e19fc000 rw-s 00000000 00:01 26348                      /memfd:gdk-wayland (deleted)
76c8e19fc000-76c8e1f49000 rw-s 00000000 00:01 28487                      /memfd:gdk-wayland (deleted)
76c8e1f49000-76c8e2496000 rw-s 00000000 00:01 32193                      /memfd:gdk-wayland (deleted)
76c8e2496000-76c8e29e3000 rw-s 00000000 00:01 28486                      /memfd:gdk-wayland (deleted)
76c8e29e3000-76c8e2f30000 rw-s 00000000 00:01 32192                      /memfd:gdk-wayland (deleted)
76c8e2f30000-76c8e347d000 rw-s 00000000 00:01 28485                      /memfd:gdk-wayland (deleted)
76c8e347d000-76c8e39ca000 rw-s 00000000 00:01 28484                      /memfd:gdk-wayland (deleted)
76c8e39ca000-76c8e3f17000 rw-s 00000000 00:01 26347                      /memfd:gdk-wayland (deleted)
76c8e3f17000-76c8e4464000 rw-s 00000000 00:01 28483                      /memfd:gdk-wayland (deleted)
76c8e4464000-76c8e49b1000 rw-s 00000000 00:01 28482                      /memfd:gdk-wayland (deleted)
76c8e49b1000-76c8e4efe000 rw-s 00000000 00:01 27477                      /memfd:gdk-wayland (deleted)
76c8e4efe000-76c8e544b000 rw-s 00000000 00:01 32187                      /memfd:gdk-wayland (deleted)
76c8e544b000-76c8e5998000 rw-s 00000000 00:01 26346                      /memfd:gdk-wayland (deleted)
76c8e5998000-76c8e5ee5000 rw-s 00000000 00:01 28479                      /memfd:gdk-wayland (deleted)
76c8e5ee5000-76c8e6432000 rw-s 00000000 00:01 26345                      /memfd:gdk-wayland (deleted)
76c8e6432000-76c8e697f000 rw-s 00000000 00:01 26344                      /memfd:gdk-wayland (deleted)
76c8e697f000-76c8e6ecc000 rw-s 00000000 00:01 26343                      /memfd:gdk-wayland (deleted)
76c8e6ecc000-76c8e7419000 rw-s 00000000 00:01 26342                      /memfd:gdk-wayland (deleted)
76c8e7419000-76c8e761e000 rw-s 00000000 00:01 29219                      /memfd:gdk-wayland (deleted)
76c8e76ad000-76c8e7768000 rw-s 00000000 00:01 29231                      /memfd:gdk-wayland (deleted)
76c8e7768000-76c8e7823000 rw-s 00000000 00:01 28481                      /memfd:gdk-wayland (deleted)
76c8e7823000-76c8e7d70000 rw-s 00000000 00:01 32185                      /memfd:gdk-wayland (deleted)
76c8e7d70000-76c8e82bd000 rw-s 00000000 00:01 32184                      /memfd:gdk-wayland (deleted)
76c8e82bd000-76c8e880a000 rw-s 00000000 00:01 28476                      /memfd:gdk-wayland (deleted)
76c8e880a000-76c8e8d57000 rw-s 00000000 00:01 28475                      /memfd:gdk-wayland (deleted)
76c8e8d57000-76c8e92a4000 rw-s 00000000 00:01 24546                      /memfd:gdk-wayland (deleted)
76c8e92a4000-76c8e97f1000 rw-s 00000000 00:01 28474                      /memfd:gdk-wayland (deleted)
76c8e97f1000-76c8e9d3e000 rw-s 00000000 00:01 28473                      /memfd:gdk-wayland (deleted)
76c8e9d3e000-76c8ea28b000 rw-s 00000000 00:01 27476                      /memfd:gdk-wayland (deleted)
76c8ea28b000-76c8ea7d8000 rw-s 00000000 00:01 28472                      /memfd:gdk-wayland (deleted)
76c8ea7d8000-76c8ead25000 rw-s 00000000 00:01 28471                      /memfd:gdk-wayland (deleted)
76c8ead25000-76c8eb272000 rw-s 00000000 00:01 26340                      /memfd:gdk-wayland (deleted)
76c8eb272000-76c8eb7bf000 rw-s 00000000 00:01 26339                      /memfd:gdk-wayland (deleted)
76c8eb7bf000-76c8ebd0c000 rw-s 00000000 00:01 26338                      /memfd:gdk-wayland (deleted)
76c8ebd0c000-76c8ec259000 rw-s 00000000 00:01 26337                      /memfd:gdk-wayland (deleted)
76c8ec259000-76c8ec7a6000 rw-s 00000000 00:01 31041                      /memfd:gdk-wayland (deleted)
76c8ec7a6000-76c8eccf3000 rw-s 00000000 00:01 27475                      /memfd:gdk-wayland (deleted)
76c8eccf3000-76c8ed240000 rw-s 00000000 00:01 27474                      /memfd:gdk-wayland (deleted)
76c8ed240000-76c8ed78d000 rw-s 00000000 00:01 28470                      /memfd:gdk-wayland (deleted)
76c8ed78d000-76c8edcda000 rw-s 00000000 00:01 28468                      /memfd:gdk-wayland (deleted)
76c8edcda000-76c8ee227000 rw-s 00000000 00:01 28466                      /memfd:gdk-wayland (deleted)
76c8ee227000-76c8ee774000 rw-s 00000000 00:01 28465                      /memfd:gdk-wayland (deleted)
76c8ee774000-76c8eecc1000 rw-s 00000000 00:01 28464                      /memfd:gdk-wayland (deleted)
76c8eecc1000-76c8ef20e000 rw-s 00000000 00:01 32182                      /memfd:gdk-wayland (deleted)
76c8ef20e000-76c8ef75b000 rw-s 00000000 00:01 32180                      /memfd:gdk-wayland (deleted)
76c8ef75b000-76c8efca8000 rw-s 00000000 00:01 26336                      /memfd:gdk-wayland (deleted)
76c8efca8000-76c8f01f5000 rw-s 00000000 00:01 32179                      /memfd:gdk-wayland (deleted)
76c8f01f5000-76c8f0742000 rw-s 00000000 00:01 28461                      /memfd:gdk-wayland (deleted)
76c8f0742000-76c8f0c8f000 rw-s 00000000 00:01 26335                      /memfd:gdk-wayland (deleted)
76c8f0c8f000-76c8f11dc000 rw-s 00000000 00:01 28460                      /memfd:gdk-wayland (deleted)
76c8f11dc000-76c8f1729000 rw-s 00000000 00:01 32178                      /memfd:gdk-wayland (deleted)
76c8f1729000-76c8f17e9000 rw-s 00000000 00:01 26334                      /memfd:gdk-wayland (deleted)
76c8f17e9000-76c8f18a9000 rw-s 00000000 00:01 26333                      /memfd:gdk-wayland (deleted)
76c8f18a9000-76c8f1969000 rw-s 00000000 00:01 26332                      /memfd:gdk-wayland (deleted)
76c8f1969000-76c8f1a29000 rw-s 00000000 00:01 32177                      /memfd:gdk-wayland (deleted)
76c8f1a29000-76c8f1ae9000 rw-s 00000000 00:01 26331                      /memfd:gdk-wayland (deleted)
76c8f1ae9000-76c8f2036000 rw-s 00000000 00:01 24545                      /memfd:gdk-wayland (deleted)
76c8f2036000-76c8f2583000 rw-s 00000000 00:01 28458                      /memfd:gdk-wayland (deleted)
76c8f2583000-76c8f263e000 rw-s 00000000 00:01 32173                      /memfd:gdk-wayland (deleted)
76c8f263e000-76c8f2843000 rw-s 00000000 00:01 27473                      /memfd:gdk-wayland (deleted)
76c8f2888000-76c8f288c000 ---p 00000000 00:00 0 
76c8f288c000-76c8f2988000 rw-p 00000000 00:00 0 
76c8f2988000-76c8f2a48000 rw-s 00000000 00:01 32176                      /memfd:gdk-wayland (deleted)
76c8f2a48000-76c8f2b50000 r--p 00000000 103:02 9729210                   /usr/share/fonts/truetype/ubuntu/UbuntuSans[wdth,wght].ttf
76c8f2b50000-76c8f309d000 rw-s 00000000 00:01 28455                      /memfd:gdk-wayland (deleted)
76c8f309d000-76c8f35ea000 rw-s 00000000 00:01 32170                      /memfd:gdk-wayland (deleted)
76c8f35ea000-76c8f3b37000 rw-s 00000000 00:01 32169                      /memfd:gdk-wayland (deleted)
76c8f3b37000-76c8f4084000 rw-s 00000000 00:01 32168                      /memfd:gdk-wayland (deleted)
76c8f4084000-76c8f45d1000 rw-s 00000000 00:01 28454                      /memfd:gdk-wayland (deleted)
76c8f45d1000-76c8f4b1e000 rw-s 00000000 00:01 32166                      /memfd:gdk-wayland (deleted)
76c8f4b1e000-76c8f506b000 rw-s 00000000 00:01 27471                      /memfd:gdk-wayland (deleted)
76c8f506b000-76c8f55b8000 rw-s 00000000 00:01 27470                      /memfd:gdk-wayland (deleted)
76c8f55b8000-76c8f5b05000 rw-s 00000000 00:01 28453                      /memfd:gdk-wayland (deleted)
76c8f5b05000-76c8f6052000 rw-s 00000000 00:01 26330                      /memfd:gdk-wayland (deleted)
76c8f6052000-76c8f659f000 rw-s 00000000 00:01 31038                      /memfd:gdk-wayland (deleted)
76c8f659f000-76c8f665f000 rw-s 00000000 00:01 27469                      /memfd:gdk-wayland (deleted)
76c8f665f000-76c8f671f000 rw-s 00000000 00:01 33984                      /memfd:gdk-wayland (deleted)
76c8f671f000-76c8f67df000 rw-s 00000000 00:01 32165                      /memfd:gdk-wayland (deleted)
76c8f67df000-76c8f6d2c000 rw-s 00000000 00:01 27467                      /memfd:gdk-wayland (deleted)
76c8f6d2c000-76c8f7279000 rw-s 00000000 00:01 32163                      /memfd:gdk-wayland (deleted)
76c8f7279000-76c8f77c6000 rw-s 00000000 00:01 27465                      /memfd:gdk-wayland (deleted)
76c8f77c6000-76c8f7d13000 rw-s 00000000 00:01 27464                      /memfd:gdk-wayland (deleted)
76c8f7d13000-76c8f8260000 rw-s 00000000 00:01 27463                      /memfd:gdk-wayland (deleted)
76c8f8260000-76c8f87ad000 rw-s 00000000 00:01 27462                      /memfd:gdk-wayland (deleted)
76c8f87ad000-76c8f8cfa000 rw-s 00000000 00:01 27461                      /memfd:gdk-wayland (deleted)
76c8f8cfa000-76c8f8dba000 rw-s 00000000 00:01 32158                      /memfd:gdk-wayland (deleted)
76c8f8dba000-76c8f9307000 rw-s 00000000 00:01 32152                      /memfd:gdk-wayland (deleted)
76c8f9307000-76c8f9854000 rw-s 00000000 00:01 32151                      /memfd:gdk-wayland (deleted)
76c8f9854000-76c8f9da1000 rw-s 00000000 00:01 32150                      /memfd:gdk-wayland (deleted)
76c8f9da1000-76c8fa2ee000 rw-s 00000000 00:01 32149                      /memfd:gdk-wayland (deleted)
76c8fa2ee000-76c8fa83b000 rw-s 00000000 00:01 32148                      /memfd:gdk-wayland (deleted)
76c8fa83b000-76c8fad88000 rw-s 00000000 00:01 32147                      /memfd:gdk-wayland (deleted)
76c8fad88000-76c8fb2d5000 rw-s 00000000 00:01 28446                      /memfd:gdk-wayland (deleted)
76c8fb2d5000-76c8fb822000 rw-s 00000000 00:01 32146                      /memfd:gdk-wayland (deleted)
76c8fb822000-76c8fbd6f000 rw-s 00000000 00:01 32145                      /memfd:gdk-wayland (deleted)
76c8fbd6f000-76c8fc2bc000 rw-s 00000000 00:01 32144                      /memfd:gdk-wayland (deleted)
76c8fc2bc000-76c8fc809000 rw-s 00000000 00:01 32143                      /memfd:gdk-wayland (deleted)
76c8fc809000-76c8fcd56000 rw-s 00000000 00:01 32142                      /memfd:gdk-wayland (deleted)
76c8fcd56000-76c8fd2a3000 rw-s 00000000 00:01 32141                      /memfd:gdk-wayland (deleted)
76c8fd2a3000-76c8fd7f0000 rw-s 00000000 00:01 32140                      /memfd:gdk-wayland (deleted)
76c8fd7f0000-76c8fdd3d000 rw-s 00000000 00:01 32139                      /memfd:gdk-wayland (deleted)
76c8fdd3d000-76c8fe28a000 rw-s 00000000 00:01 32138                      /memfd:gdk-wayland (deleted)
76c8fe28a000-76c8fe7d7000 rw-s 00000000 00:01 32137                      /memfd:gdk-wayland (deleted)
76c8fe7d7000-76c8fed24000 rw-s 00000000 00:01 32136                      /memfd:gdk-wayland (deleted)
76c8fed24000-76c8ff271000 rw-s 00000000 00:01 32135                      /memfd:gdk-wayland (deleted)
76c8ff271000-76c8ff7be000 rw-s 00000000 00:01 32134                      /memfd:gdk-wayland (deleted)
76c8ff7be000-76c8ffd0b000 rw-s 00000000 00:01 28445                      /memfd:gdk-wayland (deleted)
76c8ffd0b000-76c900258000 rw-s 00000000 00:01 28444                      /memfd:gdk-wayland (deleted)
76c900258000-76c9007a5000 rw-s 00000000 00:01 28443                      /memfd:gdk-wayland (deleted)
76c9007a5000-76c900cf2000 rw-s 00000000 00:01 28442                      /memfd:gdk-wayland (deleted)
76c900cf2000-76c90123f000 rw-s 00000000 00:01 28441                      /memfd:gdk-wayland (deleted)
76c90123f000-76c90178c000 rw-s 00000000 00:01 28440                      /memfd:gdk-wayland (deleted)
76c90178c000-76c901cd9000 rw-s 00000000 00:01 28439                      /memfd:gdk-wayland (deleted)
76c901cd9000-76c902226000 rw-s 00000000 00:01 28438                      /memfd:gdk-wayland (deleted)
76c902226000-76c902773000 rw-s 00000000 00:01 28437                      /memfd:gdk-wayland (deleted)
76c902773000-76c902cc0000 rw-s 00000000 00:01 32133                      /memfd:gdk-wayland (deleted)
76c902cc0000-76c90320d000 rw-s 00000000 00:01 32132                      /memfd:gdk-wayland (deleted)
76c90320d000-76c90375a000 rw-s 00000000 00:01 32131                      /memfd:gdk-wayland (deleted)
76c90375a000-76c903ca7000 rw-s 00000000 00:01 32130                      /memfd:gdk-wayland (deleted)
76c903ca7000-76c9041f4000 rw-s 00000000 00:01 28436                      /memfd:gdk-wayland (deleted)
76c9041f4000-76c904741000 rw-s 00000000 00:01 28435                      /memfd:gdk-wayland (deleted)
76c904741000-76c904c8e000 rw-s 00000000 00:01 28434                      /memfd:gdk-wayland (deleted)
76c904c8e000-76c9051db000 rw-s 00000000 00:01 28433                      /memfd:gdk-wayland (deleted)
76c9051db000-76c905728000 rw-s 00000000 00:01 32129                      /memfd:gdk-wayland (deleted)
76c905728000-76c905c75000 rw-s 00000000 00:01 32971                      /memfd:gdk-wayland (deleted)
76c905c75000-76c9061c2000 rw-s 00000000 00:01 28432                      /memfd:gdk-wayland (deleted)
76c9061c2000-76c90670f000 rw-s 00000000 00:01 27459                      /memfd:gdk-wayland (deleted)
76c90670f000-76c906c5c000 rw-s 00000000 00:01 27458                      /memfd:gdk-wayland (deleted)
76c906c5c000-76c9071a9000 rw-s 00000000 00:01 27457                      /memfd:gdk-wayland (deleted)
76c9071a9000-76c9076f6000 rw-s 00000000 00:01 27456                      /memfd:gdk-wayland (deleted)
76c9076f6000-76c907c43000 rw-s 00000000 00:01 32128                      /memfd:gdk-wayland (deleted)
76c907c43000-76c908190000 rw-s 00000000 00:01 32127                      /memfd:gdk-wayland (deleted)
76c908190000-76c9086dd000 rw-s 00000000 00:01 28431                      /memfd:gdk-wayland (deleted)
76c9086dd000-76c908c2a000 rw-s 00000000 00:01 28430                      /memfd:gdk-wayland (deleted)
76c908c2a000-76c909177000 rw-s 00000000 00:01 32126                      /memfd:gdk-wayland (deleted)
76c909177000-76c9096c4000 rw-s 00000000 00:01 32125                      /memfd:gdk-wayland (deleted)
76c9096c4000-76c909c11000 rw-s 00000000 00:01 28429                      /memfd:gdk-wayland (deleted)
76c909c11000-76c90a15e000 rw-s 00000000 00:01 28428                      /memfd:gdk-wayland (deleted)
76c90a15e000-76c90a6ab000 rw-s 00000000 00:01 28427                      /memfd:gdk-wayland (deleted)
76c90a6ab000-76c90abf8000 rw-s 00000000 00:01 28426                      /memfd:gdk-wayland (deleted)
76c90abf8000-76c90b145000 rw-s 00000000 00:01 28425                      /memfd:gdk-wayland (deleted)
76c90b145000-76c90b692000 rw-s 00000000 00:01 28424                      /memfd:gdk-wayland (deleted)
76c90b692000-76c90bbdf000 rw-s 00000000 00:01 28423                      /memfd:gdk-wayland (deleted)
76c90bbdf000-76c90c12c000 rw-s 00000000 00:01 28422                      /memfd:gdk-wayland (deleted)
76c90c12c000-76c90c679000 rw-s 00000000 00:01 32124                      /memfd:gdk-wayland (deleted)
76c90c679000-76c90cbc6000 rw-s 00000000 00:01 32123                      /memfd:gdk-wayland (deleted)
76c90cbc6000-76c90d113000 rw-s 00000000 00:01 32122                      /memfd:gdk-wayland (deleted)
76c90d113000-76c90d660000 rw-s 00000000 00:01 32121                      /memfd:gdk-wayland (deleted)
76c90d660000-76c90dbad000 rw-s 00000000 00:01 28421                      /memfd:gdk-wayland (deleted)
76c90dbad000-76c90e0fa000 rw-s 00000000 00:01 28420                      /memfd:gdk-wayland (deleted)
76c90e0fa000-76c90e647000 rw-s 00000000 00:01 28419                      /memfd:gdk-wayland (deleted)
76c90e647000-76c90eb94000 rw-s 00000000 00:01 32970                      /memfd:gdk-wayland (deleted)
76c90eb94000-76c90f0e1000 rw-s 00000000 00:01 32120                      /memfd:gdk-wayland (deleted)
76c90f0e1000-76c90f62e000 rw-s 00000000 00:01 32119                      /memfd:gdk-wayland (deleted)
76c90f62e000-76c90fb7b000 rw-s 00000000 00:01 32118                      /memfd:gdk-wayland (deleted)
76c90fb7b000-76c9100c8000 rw-s 00000000 00:01 32117                      /memfd:gdk-wayland (deleted)
76c9100c8000-76c910615000 rw-s 00000000 00:01 32116                      /memfd:gdk-wayland (deleted)
76c910615000-76c910b62000 rw-s 00000000 00:01 32115                      /memfd:gdk-wayland (deleted)
76c910b62000-76c9110af000 rw-s 00000000 00:01 32114                      /memfd:gdk-wayland (deleted)
76c9110af000-76c9115fc000 rw-s 00000000 00:01 32113                      /memfd:gdk-wayland (deleted)
76c9115fc000-76c911b49000 rw-s 00000000 00:01 28418                      /memfd:gdk-wayland (deleted)
76c911b49000-76c912096000 rw-s 00000000 00:01 28417                      /memfd:gdk-wayland (deleted)
76c912096000-76c9125e3000 rw-s 00000000 00:01 32112                      /memfd:gdk-wayland (deleted)
76c9125e3000-76c912b30000 rw-s 00000000 00:01 32111                      /memfd:gdk-wayland (deleted)
76c912b30000-76c91307d000 rw-s 00000000 00:01 32110                      /memfd:gdk-wayland (deleted)
76c91307d000-76c9135ca000 rw-s 00000000 00:01 32109                      /memfd:gdk-wayland (deleted)
76c9135ca000-76c913b17000 rw-s 00000000 00:01 32108                      /memfd:gdk-wayland (deleted)
76c913b17000-76c914064000 rw-s 00000000 00:01 32107                      /memfd:gdk-wayland (deleted)
76c914064000-76c9145b1000 rw-s 00000000 00:01 24544                      /memfd:gdk-wayland (deleted)
76c9145b1000-76c914afe000 rw-s 00000000 00:01 24543                      /memfd:gdk-wayland (deleted)
76c914afe000-76c91504b000 rw-s 00000000 00:01 24542                      /memfd:gdk-wayland (deleted)
76c91504b000-76c915598000 rw-s 00000000 00:01 24541                      /memfd:gdk-wayland (deleted)
76c915598000-76c915ae5000 rw-s 00000000 00:01 32106                      /memfd:gdk-wayland (deleted)
76c915ae5000-76c916032000 rw-s 00000000 00:01 32105                      /memfd:gdk-wayland (deleted)
76c916032000-76c91657f000 rw-s 00000000 00:01 32104                      /memfd:gdk-wayland (deleted)
76c91657f000-76c916acc000 rw-s 00000000 00:01 32103                      /memfd:gdk-wayland (deleted)
76c916acc000-76c917019000 rw-s 00000000 00:01 27452                      /memfd:gdk-wayland (deleted)
76c917019000-76c917566000 rw-s 00000000 00:01 32969                      /memfd:gdk-wayland (deleted)
76c917566000-76c917ab3000 rw-s 00000000 00:01 27451                      /memfd:gdk-wayland (deleted)
76c917ab3000-76c918000000 rw-s 00000000 00:01 27450                      /memfd:gdk-wayland (deleted)
76c918000000-76c91b2b4000 rw-p 00000000 00:00 0 
76c91b2b4000-76c91c000000 ---p 00000000 00:00 0 
76c91c019000-76c91c566000 rw-s 00000000 00:01 24537                      /memfd:gdk-wayland (deleted)
76c91c566000-76c91cab3000 rw-s 00000000 00:01 27449                      /memfd:gdk-wayland (deleted)
76c91cab3000-76c91d000000 rw-s 00000000 00:01 25278                      /memfd:gdk-wayland (deleted)
76c91d000000-76c91e310000 rw-p 00000000 00:00 0 
76c91e310000-76c91e400000 ---p 00000000 00:00 0 
76c91e400000-76c91e4e0000 rw-p 00000000 00:00 0 
76c91e4e0000-76c921000000 ---p 00000000 00:00 0 
76c921024000-76c921028000 ---p 00000000 00:00 0 
76c921028000-76c921124000 rw-p 00000000 00:00 0 
76c921124000-76c9211e4000 rw-s 00000000 00:01 28416                      /memfd:gdk-wayland (deleted)
76c9211e4000-76c9212a4000 rw-s 00000000 00:01 27455                      /memfd:gdk-wayland (deleted)
76c9212a4000-76c921364000 rw-s 00000000 00:01 27454                      /memfd:gdk-wayland (deleted)
76c921364000-76c921368000 ---p 00000000 00:00 0 
76c921368000-76c921464000 rw-p 00000000 00:00 0 
76c921464000-76c921468000 ---p 00000000 00:00 0 
76c921468000-76c921564000 rw-p 00000000 00:00 0 
76c921564000-76c921568000 ---p 00000000 00:00 0 
76c921568000-76c921664000 rw-p 00000000 00:00 0 
76c921664000-76c921668000 ---p 00000000 00:00 0 
76c921668000-76c921764000 rw-p 00000000 00:00 0 
76c921764000-76c921768000 ---p 00000000 00:00 0 
76c921768000-76c921864000 rw-p 00000000 00:00 0 
76c921864000-76c921868000 ---p 00000000 00:00 0 
76c921868000-76c921964000 rw-p 00000000 00:00 0 
76c921964000-76c921968000 ---p 00000000 00:00 0 
76c921968000-76c921a64000 rw-p 00000000 00:00 0 
76c921a64000-76c921a68000 ---p 00000000 00:00 0 
76c921a68000-76c921b64000 rw-p 00000000 00:00 0 
76c921b64000-76c921b68000 ---p 00000000 00:00 0 
76c921b68000-76c921c64000 rw-p 00000000 00:00 0 
76c921c64000-76c921c68000 ---p 00000000 00:00 0 
76c921c68000-76c921d64000 rw-p 00000000 00:00 0 
76c921d64000-76c921d68000 ---p 00000000 00:00 0 
76c921d68000-76c921e64000 rw-p 00000000 00:00 0 
76c921e64000-76c9223b1000 rw-s 00000000 00:01 28413                      /memfd:gdk-wayland (deleted)
76c9223b1000-76c9228fe000 rw-s 00000000 00:01 28411                      /memfd:gdk-wayland (deleted)
76c9228fe000-76c922e4b000 rw-s 00000000 00:01 28410                      /memfd:gdk-wayland (deleted)
76c922e4b000-76c923398000 rw-s 00000000 00:01 32102                      /memfd:gdk-wayland (deleted)
76c923398000-76c9238e5000 rw-s 00000000 00:01 28409                      /memfd:gdk-wayland (deleted)
76c9238e5000-76c923e32000 rw-s 00000000 00:01 28407                      /memfd:gdk-wayland (deleted)
76c923e32000-76c92437f000 rw-s 00000000 00:01 32101                      /memfd:gdk-wayland (deleted)
76c92437f000-76c9248cc000 rw-s 00000000 00:01 28404                      /memfd:gdk-wayland (deleted)
76c9248cc000-76c924e19000 rw-s 00000000 00:01 26326                      /memfd:gdk-wayland (deleted)
76c924e19000-76c925366000 rw-s 00000000 00:01 31037                      /memfd:gdk-wayland (deleted)
76c925366000-76c9258b3000 rw-s 00000000 00:01 31036                      /memfd:gdk-wayland (deleted)
76c9258b3000-76c925e00000 rw-s 00000000 00:01 26325                      /memfd:gdk-wayland (deleted)
76c925e00000-76c92e43e000 r--s 00000000 103:02 10096590                  /usr/lib/jvm/java-21-openjdk-amd64/lib/modules
76c92e4bf000-76c92e57f000 rw-s 00000000 00:01 26329                      /memfd:gdk-wayland (deleted)
76c92e57f000-76c92eacc000 rw-s 00000000 00:01 32095                      /memfd:gdk-wayland (deleted)
76c92eacc000-76c92f019000 rw-s 00000000 00:01 32094                      /memfd:gdk-wayland (deleted)
76c92f019000-76c92f566000 rw-s 00000000 00:01 32093                      /memfd:gdk-wayland (deleted)
76c92f566000-76c92fab3000 rw-s 00000000 00:01 32092                      /memfd:gdk-wayland (deleted)
76c92fab3000-76c930000000 rw-s 00000000 00:01 26315                      /memfd:gdk-wayland (deleted)
76c930000000-76c930268000 rw-p 00000000 00:00 0 
76c930268000-76c934000000 ---p 00000000 00:00 0 
76c934000000-76c935568000 rw-p 00000000 00:00 0 
76c935568000-76c938000000 ---p 00000000 00:00 0 
76c938000000-76c939c30000 rw-p 00000000 00:00 0 
76c939c30000-76c93c000000 ---p 00000000 00:00 0 
76c93c000000-76c93c021000 rw-p 00000000 00:00 0 
76c93c021000-76c940000000 ---p 00000000 00:00 0 
76c940000000-76c940d83000 rw-p 00000000 00:00 0 
76c940d83000-76c944000000 ---p 00000000 00:00 0 
76c944000000-76c944021000 rw-p 00000000 00:00 0 
76c944021000-76c948000000 ---p 00000000 00:00 0 
76c948000000-76c948036000 rw-p 00000000 00:00 0 
76c948036000-76c94c000000 ---p 00000000 00:00 0 
76c94c000000-76c94d0f6000 rw-p 00000000 00:00 0 
76c94d0f6000-76c950000000 ---p 00000000 00:00 0 
76c950000000-76c95037d000 rw-p 00000000 00:00 0 
76c95037d000-76c954000000 ---p 00000000 00:00 0 
76c954000000-76c954393000 rw-p 00000000 00:00 0 
76c954393000-76c958000000 ---p 00000000 00:00 0 
76c958000000-76c958021000 rw-p 00000000 00:00 0 
76c958021000-76c95c000000 ---p 00000000 00:00 0 
76c95c000000-76c95c021000 rw-p 00000000 00:00 0 
76c95c021000-76c960000000 ---p 00000000 00:00 0 
76c960000000-76c961038000 rw-p 00000000 00:00 0 
76c961038000-76c964000000 ---p 00000000 00:00 0 
76c964000000-76c96402d000 rw-p 00000000 00:00 0 
76c96402d000-76c968000000 ---p 00000000 00:00 0 
76c968000000-76c968026000 rw-p 00000000 00:00 0 
76c968026000-76c96c000000 ---p 00000000 00:00 0 
76c96c000000-76c96c023000 rw-p 00000000 00:00 0 
76c96c023000-76c970000000 ---p 00000000 00:00 0 
76c970000000-76c970036000 rw-p 00000000 00:00 0 
76c970036000-76c974000000 ---p 00000000 00:00 0 
76c974000000-76c974040000 rw-p 00000000 00:00 0 
76c974040000-76c978000000 ---p 00000000 00:00 0 
76c978000000-76c978052000 rw-p 00000000 00:00 0 
76c978052000-76c97c000000 ---p 00000000 00:00 0 
76c97c000000-76c97c030000 rw-p 00000000 00:00 0 
76c97c030000-76c980000000 ---p 00000000 00:00 0 
76c980000000-76c980180000 rw-p 00000000 00:00 0 
76c980180000-76c980200000 rw-p 00000000 00:00 0 
76c980200000-76c980900000 rw-p 00000000 00:00 0 
76c980900000-76c980a00000 rw-p 00000000 00:00 0 
76c980a00000-76c981d80000 rw-p 00000000 00:00 0 
76c981d80000-76c981e00000 rw-p 00000000 00:00 0 
76c981e00000-76c982100000 rw-p 00000000 00:00 0 
76c982100000-76c982200000 rw-p 00000000 00:00 0 
76c982200000-76c983600000 rw-p 00000000 00:00 0 
76c983600000-76c983d00000 rw-p 00000000 00:00 0 
76c983d00000-76c983e00000 rw-p 00000000 00:00 0 
76c983e00000-76c984000000 rw-p 00000000 00:00 0 
76c984000000-76c9847b4000 rw-p 00000000 00:00 0 
76c9847b4000-76c988000000 ---p 00000000 00:00 0 
76c988000000-76c988021000 rw-p 00000000 00:00 0 
76c988021000-76c98c000000 ---p 00000000 00:00 0 
76c98c000000-76c98c991000 rw-p 00000000 00:00 0 
76c98c991000-76c990000000 ---p 00000000 00:00 0 
76c990000000-76c990b1d000 rw-p 00000000 00:00 0 
76c990b1d000-76c994000000 ---p 00000000 00:00 0 
76c994000000-76c995006000 rw-p 00000000 00:00 0 
76c995006000-76c998000000 ---p 00000000 00:00 0 
76c9980a6000-76c998166000 rw-s 00000000 00:01 32968                      /memfd:gdk-wayland (deleted)
76c998166000-76c9986b3000 rw-s 00000000 00:01 33975                      /memfd:gdk-wayland (deleted)
76c9986b3000-76c9986b7000 ---p 00000000 00:00 0 
76c9986b7000-76c9987b3000 rw-p 00000000 00:00 0 
76c9987b3000-76c9987b7000 ---p 00000000 00:00 0 
76c9987b7000-76c9988b3000 rw-p 00000000 00:00 0 
76c9988b3000-76c9988b7000 ---p 00000000 00:00 0 
76c9988b7000-76c9989b3000 rw-p 00000000 00:00 0 
76c9989b3000-76c9989b7000 ---p 00000000 00:00 0 
76c9989b7000-76c998ab3000 rw-p 00000000 00:00 0 
76c998ab3000-76c998ab7000 ---p 00000000 00:00 0 
76c998ab7000-76c998bb3000 rw-p 00000000 00:00 0 
76c998bb3000-76c998bb7000 ---p 00000000 00:00 0 
76c998bb7000-76c998cb3000 rw-p 00000000 00:00 0 
76c998cb3000-76c998cb7000 ---p 00000000 00:00 0 
76c998cb7000-76c998db3000 rw-p 00000000 00:00 0 
76c998db3000-76c998db7000 ---p 00000000 00:00 0 
76c998db7000-76c998eb3000 rw-p 00000000 00:00 0 
76c998eb3000-76c998eb7000 ---p 00000000 00:00 0 
76c998eb7000-76c998fb3000 rw-p 00000000 00:00 0 
76c998fb3000-76c998fb7000 ---p 00000000 00:00 0 
76c998fb7000-76c9990b3000 rw-p 00000000 00:00 0 
76c9990b3000-76c9990b7000 ---p 00000000 00:00 0 
76c9990b7000-76c9991b3000 rw-p 00000000 00:00 0 
76c9991b3000-76c9991b7000 ---p 00000000 00:00 0 
76c9991b7000-76c9992b3000 rw-p 00000000 00:00 0 
76c999332000-76c999336000 ---p 00000000 00:00 0 
76c999336000-76c999432000 rw-p 00000000 00:00 0 
76c999432000-76c999436000 ---p 00000000 00:00 0 
76c999436000-76c999532000 rw-p 00000000 00:00 0 
76c999532000-76c999536000 ---p 00000000 00:00 0 
76c999536000-76c999632000 rw-p 00000000 00:00 0 
76c999632000-76c999636000 ---p 00000000 00:00 0 
76c999636000-76c999732000 rw-p 00000000 00:00 0 
76c999732000-76c999736000 ---p 00000000 00:00 0 
76c999736000-76c999832000 rw-p 00000000 00:00 0 
76c999832000-76c999d7f000 rw-s 00000000 00:01 33973                      /memfd:gdk-wayland (deleted)
76c999d7f000-76c99a2cc000 rw-s 00000000 00:01 33972                      /memfd:gdk-wayland (deleted)
76c99a2cc000-76c99a819000 rw-s 00000000 00:01 33971                      /memfd:gdk-wayland (deleted)
76c99a819000-76c99ad66000 rw-s 00000000 00:01 33970                      /memfd:gdk-wayland (deleted)
76c99ad66000-76c99b2b3000 rw-s 00000000 00:01 26314                      /memfd:gdk-wayland (deleted)
76c99b2b3000-76c99b800000 rw-s 00000000 00:01 26313                      /memfd:gdk-wayland (deleted)
76c99b800000-76c9a3e3e000 r--s 00000000 103:02 10096590                  /usr/lib/jvm/java-21-openjdk-amd64/lib/modules
76c9a3e45000-76c9a3f00000 rw-s 00000000 00:01 23505                      /memfd:gdk-wayland (deleted)
76c9a3f00000-76c9a3f04000 ---p 00000000 00:00 0 
76c9a3f04000-76c9a4000000 rw-p 00000000 00:00 0 
76c9a4000000-76c9a4021000 rw-p 00000000 00:00 0 
76c9a4021000-76c9a8000000 ---p 00000000 00:00 0 
76c9a8000000-76c9a8021000 rw-p 00000000 00:00 0 
76c9a8021000-76c9ac000000 ---p 00000000 00:00 0 
76c9ac000000-76c9ac023000 rw-p 00000000 00:00 0 
76c9ac023000-76c9b0000000 ---p 00000000 00:00 0 
76c9b0000000-76c9b004c000 rw-p 00000000 00:00 0 
76c9b004c000-76c9b4000000 ---p 00000000 00:00 0 
76c9b4000000-76c9b4044000 rw-p 00000000 00:00 0 
76c9b4044000-76c9b8000000 ---p 00000000 00:00 0 
76c9b8000000-76c9b8022000 rw-p 00000000 00:00 0 
76c9b8022000-76c9bc000000 ---p 00000000 00:00 0 
76c9bc000000-76c9bc06c000 rw-p 00000000 00:00 0 
76c9bc06c000-76c9c0000000 ---p 00000000 00:00 0 
76c9c0000000-76c9c0045000 rw-p 00000000 00:00 0 
76c9c0045000-76c9c4000000 ---p 00000000 00:00 0 
76c9c4000000-76c9c402c000 rw-p 00000000 00:00 0 
76c9c402c000-76c9c8000000 ---p 00000000 00:00 0 
76c9c8000000-76c9c8143000 rw-p 00000000 00:00 0 
76c9c8143000-76c9cc000000 ---p 00000000 00:00 0 
76c9cc000000-76c9cc04c000 rw-p 00000000 00:00 0 
76c9cc04c000-76c9d0000000 ---p 00000000 00:00 0 
76c9d0000000-76c9d0021000 rw-p 00000000 00:00 0 
76c9d0021000-76c9d4000000 ---p 00000000 00:00 0 
76c9d4000000-76c9d4021000 rw-p 00000000 00:00 0 
76c9d4021000-76c9d8000000 ---p 00000000 00:00 0 
76c9d8000000-76c9d8021000 rw-p 00000000 00:00 0 
76c9d8021000-76c9dc000000 ---p 00000000 00:00 0 
76c9dc000000-76c9dc037000 rw-p 00000000 00:00 0 
76c9dc037000-76c9e0000000 ---p 00000000 00:00 0 
76c9e0000000-76c9e0bac000 rw-p 00000000 00:00 0 
76c9e0bac000-76c9e4000000 ---p 00000000 00:00 0 
76c9e4067000-76c9e40b9000 r--p 00000000 103:02 9728864                   /usr/share/fonts/truetype/dejavu/DejaVuSansMono-Bold.ttf
76c9e40b9000-76c9e40bd000 ---p 00000000 00:00 0 
76c9e40bd000-76c9e41b9000 rw-p 00000000 00:00 0 
76c9e41b9000-76c9e41bd000 ---p 00000000 00:00 0 
76c9e41bd000-76c9e42b9000 rw-p 00000000 00:00 0 
76c9e42b9000-76c9e4806000 rw-s 00000000 00:01 26312                      /memfd:gdk-wayland (deleted)
76c9e4806000-76c9e4d53000 rw-s 00000000 00:01 26311                      /memfd:gdk-wayland (deleted)
76c9e4d53000-76c9e52a0000 rw-s 00000000 00:01 26310                      /memfd:gdk-wayland (deleted)
76c9e52a0000-76c9e57ed000 rw-s 00000000 00:01 26309                      /memfd:gdk-wayland (deleted)
76c9e57ed000-76c9e5d3a000 rw-s 00000000 00:01 26308                      /memfd:gdk-wayland (deleted)
76c9e5d3a000-76c9e5d3e000 ---p 00000000 00:00 0 
76c9e5d3e000-76c9e5e3a000 rw-p 00000000 00:00 0 
76c9e5e3a000-76c9e5e3e000 ---p 00000000 00:00 0 
76c9e5e3e000-76c9e5f3a000 rw-p 00000000 00:00 0 
76c9e5f3a000-76c9e5f3e000 ---p 00000000 00:00 0 
76c9e5f3e000-76c9e603a000 rw-p 00000000 00:00 0 
76c9e603a000-76c9e603e000 ---p 00000000 00:00 0 
76c9e603e000-76c9e613a000 rw-p 00000000 00:00 0 
76c9e613a000-76c9e613e000 ---p 00000000 00:00 0 
76c9e613e000-76c9e623a000 rw-p 00000000 00:00 0 
76c9e623a000-76c9e623e000 ---p 00000000 00:00 0 
76c9e623e000-76c9e633a000 rw-p 00000000 00:00 0 
76c9e633a000-76c9e633e000 ---p 00000000 00:00 0 
76c9e633e000-76c9e643a000 rw-p 00000000 00:00 0 
76c9e643a000-76c9e643e000 ---p 00000000 00:00 0 
76c9e643e000-76c9e653a000 rw-p 00000000 00:00 0 
76c9e653a000-76c9e653e000 ---p 00000000 00:00 0 
76c9e653e000-76c9e663a000 rw-p 00000000 00:00 0 
76c9e663a000-76c9e663e000 ---p 00000000 00:00 0 
76c9e663e000-76c9e673a000 rw-p 00000000 00:00 0 
76c9e673a000-76c9e673e000 ---p 00000000 00:00 0 
76c9e673e000-76c9e683a000 rw-p 00000000 00:00 0 
76c9e683a000-76c9e683e000 ---p 00000000 00:00 0 
76c9e683e000-76c9e693a000 rw-p 00000000 00:00 0 
76c9e693a000-76c9e693e000 ---p 00000000 00:00 0 
76c9e693e000-76c9e6a3a000 rw-p 00000000 00:00 0 
76c9e6a3a000-76c9e6a3e000 ---p 00000000 00:00 0 
76c9e6a3e000-76c9e6b3a000 rw-p 00000000 00:00 0 
76c9e6b3a000-76c9e6b3e000 ---p 00000000 00:00 0 
76c9e6b3e000-76c9e6c3a000 rw-p 00000000 00:00 0 
76c9e6c3a000-76c9e6c3e000 ---p 00000000 00:00 0 
76c9e6c3e000-76c9e6d3a000 rw-p 00000000 00:00 0 
76c9e6d3a000-76c9e6e00000 rw-s 00000000 00:01 32088                      /memfd:gdk-wayland (deleted)
76c9e6e00000-76c9e6e04000 ---p 00000000 00:00 0 
76c9e6e04000-76c9e6f00000 rw-p 00000000 00:00 0 
76c9e6f00000-76c9e6f04000 ---p 00000000 00:00 0 
76c9e6f04000-76c9e7000000 rw-p 00000000 00:00 0 
76c9e7000000-76c9e7004000 ---p 00000000 00:00 0 
76c9e7004000-76c9e7100000 rw-p 00000000 00:00 0 
76c9e7100000-76c9e7104000 ---p 00000000 00:00 0 
76c9e7104000-76c9e7200000 rw-p 00000000 00:00 0 
76c9e7200000-76c9e7204000 ---p 00000000 00:00 0 
76c9e7204000-76c9e7300000 rw-p 00000000 00:00 0 
76c9e7300000-76c9e7304000 ---p 00000000 00:00 0 
76c9e7304000-76c9e7400000 rw-p 00000000 00:00 0 
76c9e7400000-76c9e7404000 ---p 00000000 00:00 0 
76c9e7404000-76c9e7500000 rw-p 00000000 00:00 0 
76c9e7500000-76c9e7504000 ---p 00000000 00:00 0 
76c9e7504000-76c9e7600000 rw-p 00000000 00:00 0 
76c9e7600000-76c9e7604000 ---p 00000000 00:00 0 
76c9e7604000-76c9e7700000 rw-p 00000000 00:00 0 
76c9e7700000-76c9e7704000 ---p 00000000 00:00 0 
76c9e7704000-76c9e7800000 rw-p 00000000 00:00 0 
76c9e7800000-76c9e7804000 ---p 00000000 00:00 0 
76c9e7804000-76c9e7900000 rw-p 00000000 00:00 0 
76c9e7900000-76c9e7904000 ---p 00000000 00:00 0 
76c9e7904000-76c9e7a00000 rw-p 00000000 00:00 0 
76c9e7a00000-76c9e7a04000 ---p 00000000 00:00 0 
76c9e7a04000-76c9e7b00000 rw-p 00000000 00:00 0 
76c9e7b00000-76c9e7b04000 ---p 00000000 00:00 0 
76c9e7b04000-76c9e7c00000 rw-p 00000000 00:00 0 
76c9e7c00000-76c9e7c12000 r-xp 00000000 103:02 262156                    /tmp/jffi8099065896046024527.so (deleted)
76c9e7c12000-76c9e7e11000 ---p 00012000 103:02 262156                    /tmp/jffi8099065896046024527.so (deleted)
76c9e7e11000-76c9e7e12000 rw-p 00011000 103:02 262156                    /tmp/jffi8099065896046024527.so (deleted)
76c9e7e3a000-76c9e7f00000 rw-s 00000000 00:01 32087                      /memfd:gdk-wayland (deleted)
76c9e7f00000-76c9e7f04000 ---p 00000000 00:00 0 
76c9e7f04000-76c9e8000000 rw-p 00000000 00:00 0 
76c9e8000000-76c9e8200000 rw-p 00000000 00:00 0 
76c9e8200000-76c9e8b80000 rw-p 00000000 00:00 0 
76c9e8b80000-76c9e8c00000 rw-p 00000000 00:00 0 
76c9e8c00000-76c9e9300000 rw-p 00000000 00:00 0 
76c9e9300000-76c9e9400000 rw-p 00000000 00:00 0 
76c9e9400000-76c9eae00000 rw-p 00000000 00:00 0 
76c9eae00000-76c9eaf00000 rw-p 00000000 00:00 0 
76c9eaf00000-76c9eb000000 rw-p 00000000 00:00 0 
76c9eb000000-76c9eb9c0000 rw-p 00000000 00:00 0 
76c9eb9c0000-76c9eba00000 rw-p 00000000 00:00 0 
76c9eba00000-76c9ec000000 rw-p 00000000 00:00 0 
76c9ec000000-76c9ec94b000 rw-p 00000000 00:00 0 
76c9ec94b000-76c9f0000000 ---p 00000000 00:00 0 
76c9f0000000-76c9f232a000 rw-p 00000000 00:00 0 
76c9f232a000-76c9f4000000 ---p 00000000 00:00 0 
76c9f4000000-76c9f4f42000 rw-p 00000000 00:00 0 
76c9f4f42000-76c9f8000000 ---p 00000000 00:00 0 
76c9f8000000-76c9fa2da000 rw-p 00000000 00:00 0 
76c9fa2da000-76c9fc000000 ---p 00000000 00:00 0 
76c9fc000000-76ca00000000 rw-s 00000000 00:01 24534                      /memfd:pulseaudio (deleted)
76ca00000000-76ca003d5000 rw-p 00000000 00:00 0 
76ca003d5000-76ca04000000 ---p 00000000 00:00 0 
76ca04021000-76ca04025000 ---p 00000000 00:00 0 
76ca04025000-76ca04121000 rw-p 00000000 00:00 0 
76ca04121000-76ca04125000 ---p 00000000 00:00 0 
76ca04125000-76ca04221000 rw-p 00000000 00:00 0 
76ca04221000-76ca042e7000 rw-s 00000000 00:01 28395                      /memfd:gdk-wayland (deleted)
76ca042e7000-76ca042eb000 ---p 00000000 00:00 0 
76ca042eb000-76ca043e7000 rw-p 00000000 00:00 0 
76ca04404000-76ca04406000 r--p 00000000 103:02 9710850                   /usr/lib/x86_64-linux-gnu/libcrypt.so.1.1.0
76ca04406000-76ca0441b000 r-xp 00002000 103:02 9710850                   /usr/lib/x86_64-linux-gnu/libcrypt.so.1.1.0
76ca0441b000-76ca04434000 r--p 00017000 103:02 9710850                   /usr/lib/x86_64-linux-gnu/libcrypt.so.1.1.0
76ca04434000-76ca04435000 r--p 0002f000 103:02 9710850                   /usr/lib/x86_64-linux-gnu/libcrypt.so.1.1.0
76ca04435000-76ca04436000 rw-p 00030000 103:02 9710850                   /usr/lib/x86_64-linux-gnu/libcrypt.so.1.1.0
76ca04436000-76ca0443e000 rw-p 00000000 00:00 0 
76ca04449000-76ca04487000 r--p 00000000 103:02 9728866                   /usr/share/fonts/truetype/dejavu/DejaVuSansMono-Oblique.ttf
76ca04487000-76ca044c6000 r--p 00000000 103:02 9728865                   /usr/share/fonts/truetype/dejavu/DejaVuSansMono-BoldOblique.ttf
76ca044c6000-76ca04504000 r--p 00000000 103:02 9728866                   /usr/share/fonts/truetype/dejavu/DejaVuSansMono-Oblique.ttf
76ca04504000-76ca04582000 r--p 00000000 103:02 9728947                   /usr/share/fonts/truetype/noto/NotoSans-Bold.ttf
76ca04582000-76ca04600000 r--p 00000000 103:02 9728947                   /usr/share/fonts/truetype/noto/NotoSans-Bold.ttf
76ca04600000-76ca04609000 r-xp 00000000 103:02 27794920                  /home/romaric/TOS_BD-20211109_1610-V8.0.1/configuration/org.eclipse.osgi/21/0/.cp/libswt-atk-gtk-4944r26.so
76ca04609000-76ca04808000 ---p 00009000 103:02 27794920                  /home/romaric/TOS_BD-20211109_1610-V8.0.1/configuration/org.eclipse.osgi/21/0/.cp/libswt-atk-gtk-4944r26.so
76ca04808000-76ca04809000 r--p 00008000 103:02 27794920                  /home/romaric/TOS_BD-20211109_1610-V8.0.1/configuration/org.eclipse.osgi/21/0/.cp/libswt-atk-gtk-4944r26.so
76ca04809000-76ca0480a000 rw-p 00009000 103:02 27794920                  /home/romaric/TOS_BD-20211109_1610-V8.0.1/configuration/org.eclipse.osgi/21/0/.cp/libswt-atk-gtk-4944r26.so
76ca048ae000-76ca04900000 r--p 00000000 103:02 9728864                   /usr/share/fonts/truetype/dejavu/DejaVuSansMono-Bold.ttf
76ca04900000-76ca04904000 ---p 00000000 00:00 0 
76ca04904000-76ca04a00000 rw-p 00000000 00:00 0 
76ca04a00000-76ca04a0a000 r-xp 00000000 103:02 27794918                  /home/romaric/TOS_BD-20211109_1610-V8.0.1/configuration/org.eclipse.osgi/21/0/.cp/libswt-webkit-gtk-4944r26.so
76ca04a0a000-76ca04c09000 ---p 0000a000 103:02 27794918                  /home/romaric/TOS_BD-20211109_1610-V8.0.1/configuration/org.eclipse.osgi/21/0/.cp/libswt-webkit-gtk-4944r26.so
76ca04c09000-76ca04c0a000 r--p 00009000 103:02 27794918                  /home/romaric/TOS_BD-20211109_1610-V8.0.1/configuration/org.eclipse.osgi/21/0/.cp/libswt-webkit-gtk-4944r26.so
76ca04c0a000-76ca04c0b000 rw-p 0000a000 103:02 27794918                  /home/romaric/TOS_BD-20211109_1610-V8.0.1/configuration/org.eclipse.osgi/21/0/.cp/libswt-webkit-gtk-4944r26.so
76ca04c24000-76ca04c8a000 r--p 00000000 103:02 9728883                   /usr/share/fonts/truetype/liberation/LiberationSans-Bold.ttf
76ca04c8a000-76ca04c8e000 ---p 00000000 00:00 0 
76ca04c8e000-76ca04d8a000 rw-p 00000000 00:00 0 
76ca04d8a000-76ca04d90000 r--p 00000000 103:02 9711150                   /usr/lib/x86_64-linux-gnu/libmp3lame.so.0.0.0
76ca04d90000-76ca04dc1000 r-xp 00006000 103:02 9711150                   /usr/lib/x86_64-linux-gnu/libmp3lame.so.0.0.0
76ca04dc1000-76ca04dd1000 r--p 00037000 103:02 9711150                   /usr/lib/x86_64-linux-gnu/libmp3lame.so.0.0.0
76ca04dd1000-76ca04dd2000 r--p 00047000 103:02 9711150                   /usr/lib/x86_64-linux-gnu/libmp3lame.so.0.0.0
76ca04dd2000-76ca04dd3000 rw-p 00048000 103:02 9711150                   /usr/lib/x86_64-linux-gnu/libmp3lame.so.0.0.0
76ca04dd3000-76ca04e00000 rw-p 00000000 00:00 0 
76ca04e00000-76ca04e02000 r-xp 00000000 103:02 27794932                  /home/romaric/TOS_BD-20211109_1610-V8.0.1/configuration/org.eclipse.osgi/4/0/.cp/os/linux/x86_64/libunixfile_1_0_0.so
76ca04e02000-76ca05001000 ---p 00002000 103:02 27794932                  /home/romaric/TOS_BD-20211109_1610-V8.0.1/configuration/org.eclipse.osgi/4/0/.cp/os/linux/x86_64/libunixfile_1_0_0.so
76ca05001000-76ca05002000 r--p 00001000 103:02 27794932                  /home/romaric/TOS_BD-20211109_1610-V8.0.1/configuration/org.eclipse.osgi/4/0/.cp/os/linux/x86_64/libunixfile_1_0_0.so
76ca05002000-76ca05003000 rw-p 00002000 103:02 27794932                  /home/romaric/TOS_BD-20211109_1610-V8.0.1/configuration/org.eclipse.osgi/4/0/.cp/os/linux/x86_64/libunixfile_1_0_0.so
76ca05010000-76ca05015000 r--p 00000000 103:02 9711153                   /usr/lib/x86_64-linux-gnu/libmpg123.so.0.48.2
76ca05015000-76ca05050000 r-xp 00005000 103:02 9711153                   /usr/lib/x86_64-linux-gnu/libmpg123.so.0.48.2
76ca05050000-76ca0506a000 r--p 00040000 103:02 9711153                   /usr/lib/x86_64-linux-gnu/libmpg123.so.0.48.2
76ca0506a000-76ca0506b000 r--p 0005a000 103:02 9711153                   /usr/lib/x86_64-linux-gnu/libmpg123.so.0.48.2
76ca0506b000-76ca0506c000 rw-p 0005b000 103:02 9711153                   /usr/lib/x86_64-linux-gnu/libmpg123.so.0.48.2
76ca0506c000-76ca0506f000 r--p 00000000 103:02 9711218                   /usr/lib/x86_64-linux-gnu/libopus.so.0.9.0
76ca0506f000-76ca050b9000 r-xp 00003000 103:02 9711218                   /usr/lib/x86_64-linux-gnu/libopus.so.0.9.0
76ca050b9000-76ca050c9000 r--p 0004d000 103:02 9711218                   /usr/lib/x86_64-linux-gnu/libopus.so.0.9.0
76ca050c9000-76ca050ca000 r--p 0005d000 103:02 9711218                   /usr/lib/x86_64-linux-gnu/libopus.so.0.9.0
76ca050ca000-76ca050cb000 rw-p 0005e000 103:02 9711218                   /usr/lib/x86_64-linux-gnu/libopus.so.0.9.0
76ca050cb000-76ca050df000 r--p 00000000 103:02 9711411                   /usr/lib/x86_64-linux-gnu/libvorbisenc.so.2.0.12
76ca050df000-76ca050e2000 r-xp 00014000 103:02 9711411                   /usr/lib/x86_64-linux-gnu/libvorbisenc.so.2.0.12
76ca050e2000-76ca05159000 r--p 00017000 103:02 9711411                   /usr/lib/x86_64-linux-gnu/libvorbisenc.so.2.0.12
76ca05159000-76ca05175000 r--p 0008d000 103:02 9711411                   /usr/lib/x86_64-linux-gnu/libvorbisenc.so.2.0.12
76ca05175000-76ca05176000 rw-p 000a9000 103:02 9711411                   /usr/lib/x86_64-linux-gnu/libvorbisenc.so.2.0.12
76ca05176000-76ca0517e000 r--p 00000000 103:02 9711328                   /usr/lib/x86_64-linux-gnu/libsndfile.so.1.0.37
76ca0517e000-76ca051df000 r-xp 00008000 103:02 9711328                   /usr/lib/x86_64-linux-gnu/libsndfile.so.1.0.37
76ca051df000-76ca051f8000 r--p 00069000 103:02 9711328                   /usr/lib/x86_64-linux-gnu/libsndfile.so.1.0.37
76ca051f8000-76ca051fb000 r--p 00081000 103:02 9711328                   /usr/lib/x86_64-linux-gnu/libsndfile.so.1.0.37
76ca051fb000-76ca051fc000 rw-p 00084000 103:02 9711328                   /usr/lib/x86_64-linux-gnu/libsndfile.so.1.0.37
76ca051fc000-76ca051fe000 rw-p 00000000 00:00 0 
76ca051fe000-76ca051ff000 ---p 00000000 00:00 0 
76ca051ff000-76ca059ff000 rw-p 00000000 00:00 0 
76ca05a1a000-76ca05cb3000 rw-s 00000000 00:01 27486                      /memfd:gdk-wayland (deleted)
76ca05cb3000-76ca06200000 rw-s 00000000 00:01 28514                      /memfd:gdk-wayland (deleted)
76ca06200000-76ca06201000 r--p 00000000 103:02 9711068                   /usr/lib/x86_64-linux-gnu/libicudata.so.74.2
76ca06201000-76ca06202000 r-xp 00001000 103:02 9711068                   /usr/lib/x86_64-linux-gnu/libicudata.so.74.2
76ca06202000-76ca07f5e000 r--p 00002000 103:02 9711068                   /usr/lib/x86_64-linux-gnu/libicudata.so.74.2
76ca07f5e000-76ca07f5f000 r--p 01d5d000 103:02 9711068                   /usr/lib/x86_64-linux-gnu/libicudata.so.74.2
76ca07f5f000-76ca07f60000 rw-p 01d5e000 103:02 9711068                   /usr/lib/x86_64-linux-gnu/libicudata.so.74.2
76ca07f82000-76ca07f94000 r--p 00000000 103:02 9714542                   /usr/lib/x86_64-linux-gnu/pulseaudio/libpulsecommon-16.1.so
76ca07f94000-76ca07fde000 r-xp 00012000 103:02 9714542                   /usr/lib/x86_64-linux-gnu/pulseaudio/libpulsecommon-16.1.so
76ca07fde000-76ca07ffd000 r--p 0005c000 103:02 9714542                   /usr/lib/x86_64-linux-gnu/pulseaudio/libpulsecommon-16.1.so
76ca07ffd000-76ca07fff000 r--p 0007a000 103:02 9714542                   /usr/lib/x86_64-linux-gnu/pulseaudio/libpulsecommon-16.1.so
76ca07fff000-76ca08000000 rw-p 0007c000 103:02 9714542                   /usr/lib/x86_64-linux-gnu/pulseaudio/libpulsecommon-16.1.so
76ca08000000-76ca08978000 rw-p 00000000 00:00 0 
76ca08978000-76ca0c000000 ---p 00000000 00:00 0 
76ca0c000000-76ca0c6b3000 rw-p 00000000 00:00 0 
76ca0c6b3000-76ca10000000 ---p 00000000 00:00 0 
76ca10000000-76ca1018e000 rw-p 00000000 00:00 0 
76ca1018e000-76ca14000000 ---p 00000000 00:00 0 
76ca14000000-76ca141e6000 rw-p 00000000 00:00 0 
76ca141e6000-76ca18000000 ---p 00000000 00:00 0 
76ca18000000-76ca18407000 rw-p 00000000 00:00 0 
76ca18407000-76ca1c000000 ---p 00000000 00:00 0 
76ca1c000000-76ca1c021000 rw-p 00000000 00:00 0 
76ca1c021000-76ca20000000 ---p 00000000 00:00 0 
76ca20000000-76ca20517000 rw-p 00000000 00:00 0 
76ca20517000-76ca24000000 ---p 00000000 00:00 0 
76ca24000000-76ca24026000 rw-p 00000000 00:00 0 
76ca24026000-76ca28000000 ---p 00000000 00:00 0 
76ca28000000-76ca28c8f000 rw-p 00000000 00:00 0 
76ca28c8f000-76ca2c000000 ---p 00000000 00:00 0 
76ca2c000000-76ca2d823000 rw-p 00000000 00:00 0 
76ca2d823000-76ca30000000 ---p 00000000 00:00 0 
76ca30000000-76ca30af7000 rw-p 00000000 00:00 0 
76ca30af7000-76ca34000000 ---p 00000000 00:00 0 
76ca34000000-76ca34e91000 rw-p 00000000 00:00 0 
76ca34e91000-76ca38000000 ---p 00000000 00:00 0 
76ca38000000-76ca380b4000 rw-p 00000000 00:00 0 
76ca380b4000-76ca3c000000 ---p 00000000 00:00 0 
76ca3c000000-76ca3c1e5000 rw-p 00000000 00:00 0 
76ca3c1e5000-76ca40000000 ---p 00000000 00:00 0 
76ca40000000-76ca40069000 rw-p 00000000 00:00 0 
76ca40069000-76ca44000000 ---p 00000000 00:00 0 
76ca44000000-76ca471b7000 rw-p 00000000 00:00 0 
76ca471b7000-76ca48000000 ---p 00000000 00:00 0 
76ca48000000-76ca4808c000 rw-p 00000000 00:00 0 
76ca4808c000-76ca4c000000 ---p 00000000 00:00 0 
76ca4c000000-76ca4c067000 rw-p 00000000 00:00 0 
76ca4c067000-76ca50000000 ---p 00000000 00:00 0 
76ca50000000-76ca50060000 rw-p 00000000 00:00 0 
76ca50060000-76ca54000000 ---p 00000000 00:00 0 
76ca54000000-76ca5403e000 rw-p 00000000 00:00 0 
76ca5403e000-76ca58000000 ---p 00000000 00:00 0 
76ca58000000-76ca5805e000 rw-p 00000000 00:00 0 
76ca5805e000-76ca5c000000 ---p 00000000 00:00 0 
76ca5c000000-76ca5c06f000 rw-p 00000000 00:00 0 
76ca5c06f000-76ca60000000 ---p 00000000 00:00 0 
76ca60000000-76ca60d02000 rw-p 00000000 00:00 0 
76ca60d02000-76ca64000000 ---p 00000000 00:00 0 
76ca64000000-76ca64059000 rw-p 00000000 00:00 0 
76ca64059000-76ca68000000 ---p 00000000 00:00 0 
76ca68000000-76ca680e0000 rw-p 00000000 00:00 0 
76ca680e0000-76ca6c000000 ---p 00000000 00:00 0 
76ca6c02c000-76ca6c030000 ---p 00000000 00:00 0 
76ca6c030000-76ca6c12c000 rw-p 00000000 00:00 0 
76ca6c296000-76ca6c34b000 r--p 00000000 103:02 9729207                   /usr/share/fonts/truetype/ubuntu/UbuntuSans-Italic[wdth,wght].ttf
76ca6c34b000-76ca6c400000 r--p 00000000 103:02 9729207                   /usr/share/fonts/truetype/ubuntu/UbuntuSans-Italic[wdth,wght].ttf
76ca6c400000-76ca6c409000 r-xp 00000000 103:02 27788081                  /home/romaric/TOS_BD-20211109_1610-V8.0.1/configuration/org.eclipse.osgi/21/0/.cp/libswt-cairo-gtk-4944r26.so
76ca6c409000-76ca6c608000 ---p 00009000 103:02 27788081                  /home/romaric/TOS_BD-20211109_1610-V8.0.1/configuration/org.eclipse.osgi/21/0/.cp/libswt-cairo-gtk-4944r26.so
76ca6c608000-76ca6c609000 r--p 00008000 103:02 27788081                  /home/romaric/TOS_BD-20211109_1610-V8.0.1/configuration/org.eclipse.osgi/21/0/.cp/libswt-cairo-gtk-4944r26.so
76ca6c609000-76ca6c60a000 rw-p 00009000 103:02 27788081                  /home/romaric/TOS_BD-20211109_1610-V8.0.1/configuration/org.eclipse.osgi/21/0/.cp/libswt-cairo-gtk-4944r26.so
76ca6c619000-76ca6c621000 r--p 00000000 103:02 9710652                   /usr/lib/x86_64-linux-gnu/libFLAC.so.12.1.0
76ca6c621000-76ca6c673000 r-xp 00008000 103:02 9710652                   /usr/lib/x86_64-linux-gnu/libFLAC.so.12.1.0
76ca6c673000-76ca6c67b000 r--p 0005a000 103:02 9710652                   /usr/lib/x86_64-linux-gnu/libFLAC.so.12.1.0
76ca6c67b000-76ca6c67c000 r--p 00062000 103:02 9710652                   /usr/lib/x86_64-linux-gnu/libFLAC.so.12.1.0
76ca6c67c000-76ca6c67d000 rw-p 00063000 103:02 9710652                   /usr/lib/x86_64-linux-gnu/libFLAC.so.12.1.0
76ca6c67d000-76ca6c681000 ---p 00000000 00:00 0 
76ca6c681000-76ca6c77d000 rw-p 00000000 00:00 0 
76ca6c77d000-76ca6c78d000 r--p 00000000 103:02 9711060                   /usr/lib/x86_64-linux-gnu/libibus-1.0.so.5.0.529
76ca6c78d000-76ca6c7c5000 r-xp 00010000 103:02 9711060                   /usr/lib/x86_64-linux-gnu/libibus-1.0.so.5.0.529
76ca6c7c5000-76ca6c7fd000 r--p 00048000 103:02 9711060                   /usr/lib/x86_64-linux-gnu/libibus-1.0.so.5.0.529
76ca6c7fd000-76ca6c7ff000 r--p 00080000 103:02 9711060                   /usr/lib/x86_64-linux-gnu/libibus-1.0.so.5.0.529
76ca6c7ff000-76ca6c800000 rw-p 00082000 103:02 9711060                   /usr/lib/x86_64-linux-gnu/libibus-1.0.so.5.0.529
76ca6c800000-76ca6c868000 r--p 00000000 103:02 9711073                   /usr/lib/x86_64-linux-gnu/libicuuc.so.74.2
76ca6c868000-76ca6c96d000 r-xp 00068000 103:02 9711073                   /usr/lib/x86_64-linux-gnu/libicuuc.so.74.2
76ca6c96d000-76ca6c9f7000 r--p 0016d000 103:02 9711073                   /usr/lib/x86_64-linux-gnu/libicuuc.so.74.2
76ca6c9f7000-76ca6ca0a000 r--p 001f7000 103:02 9711073                   /usr/lib/x86_64-linux-gnu/libicuuc.so.74.2
76ca6ca0a000-76ca6ca0b000 rw-p 0020a000 103:02 9711073                   /usr/lib/x86_64-linux-gnu/libicuuc.so.74.2
76ca6ca0b000-76ca6ca0d000 rw-p 00000000 00:00 0 
76ca6ca1e000-76ca6ca4d000 r--p 00000000 103:02 9700169                   /usr/lib/x86_64-linux-gnu/libxml2.so.2.9.14
76ca6ca4d000-76ca6cbb3000 r-xp 0002f000 103:02 9700169                   /usr/lib/x86_64-linux-gnu/libxml2.so.2.9.14
76ca6cbb3000-76ca6cbf5000 r--p 00195000 103:02 9700169                   /usr/lib/x86_64-linux-gnu/libxml2.so.2.9.14
76ca6cbf5000-76ca6cbfe000 r--p 001d6000 103:02 9700169                   /usr/lib/x86_64-linux-gnu/libxml2.so.2.9.14
76ca6cbfe000-76ca6cbff000 rw-p 001df000 103:02 9700169                   /usr/lib/x86_64-linux-gnu/libxml2.so.2.9.14
76ca6cbff000-76ca6cc00000 rw-p 00000000 00:00 0 
76ca6cc00000-76ca6ccb7000 r--p 00000000 103:02 9711295                   /usr/lib/x86_64-linux-gnu/librsvg-2.so.2.50.0
76ca6ccb7000-76ca6d04e000 r-xp 000b7000 103:02 9711295                   /usr/lib/x86_64-linux-gnu/librsvg-2.so.2.50.0
76ca6d04e000-76ca6d1e0000 r--p 0044e000 103:02 9711295                   /usr/lib/x86_64-linux-gnu/librsvg-2.so.2.50.0
76ca6d1e0000-76ca6d277000 r--p 005e0000 103:02 9711295                   /usr/lib/x86_64-linux-gnu/librsvg-2.so.2.50.0
76ca6d277000-76ca6d278000 rw-p 00677000 103:02 9711295                   /usr/lib/x86_64-linux-gnu/librsvg-2.so.2.50.0
76ca6d27c000-76ca6d292000 r--p 00000000 103:02 9728832                   /usr/share/fonts/opentype/urw-base35/NimbusMonoPS-Bold.otf
76ca6d292000-76ca6d295000 r--p 00000000 103:02 9708390                   /usr/lib/x86_64-linux-gnu/libapparmor.so.1.17.2
76ca6d295000-76ca6d29f000 r-xp 00003000 103:02 9708390                   /usr/lib/x86_64-linux-gnu/libapparmor.so.1.17.2
76ca6d29f000-76ca6d2a5000 r--p 0000d000 103:02 9708390                   /usr/lib/x86_64-linux-gnu/libapparmor.so.1.17.2
76ca6d2a5000-76ca6d2a6000 r--p 00013000 103:02 9708390                   /usr/lib/x86_64-linux-gnu/libapparmor.so.1.17.2
76ca6d2a6000-76ca6d2a7000 rw-p 00014000 103:02 9708390                   /usr/lib/x86_64-linux-gnu/libapparmor.so.1.17.2
76ca6d2a7000-76ca6d2b3000 r--p 00000000 103:02 9711281                   /usr/lib/x86_64-linux-gnu/libpulse.so.0.24.2
76ca6d2b3000-76ca6d2e4000 r-xp 0000c000 103:02 9711281                   /usr/lib/x86_64-linux-gnu/libpulse.so.0.24.2
76ca6d2e4000-76ca6d2f5000 r--p 0003d000 103:02 9711281                   /usr/lib/x86_64-linux-gnu/libpulse.so.0.24.2
76ca6d2f5000-76ca6d2f7000 r--p 0004d000 103:02 9711281                   /usr/lib/x86_64-linux-gnu/libpulse.so.0.24.2
76ca6d2f7000-76ca6d2f8000 rw-p 0004f000 103:02 9711281                   /usr/lib/x86_64-linux-gnu/libpulse.so.0.24.2
76ca6d2f8000-76ca6d400000 r--p 00000000 103:02 9729210                   /usr/share/fonts/truetype/ubuntu/UbuntuSans[wdth,wght].ttf
76ca6d400000-76ca6d46e000 r-xp 00000000 103:02 27788080                  /home/romaric/TOS_BD-20211109_1610-V8.0.1/configuration/org.eclipse.osgi/21/0/.cp/libswt-pi3-gtk-4944r26.so
76ca6d46e000-76ca6d66d000 ---p 0006e000 103:02 27788080                  /home/romaric/TOS_BD-20211109_1610-V8.0.1/configuration/org.eclipse.osgi/21/0/.cp/libswt-pi3-gtk-4944r26.so
76ca6d66d000-76ca6d66e000 r--p 0006d000 103:02 27788080                  /home/romaric/TOS_BD-20211109_1610-V8.0.1/configuration/org.eclipse.osgi/21/0/.cp/libswt-pi3-gtk-4944r26.so
76ca6d66e000-76ca6d671000 rw-p 0006e000 103:02 27788080                  /home/romaric/TOS_BD-20211109_1610-V8.0.1/configuration/org.eclipse.osgi/21/0/.cp/libswt-pi3-gtk-4944r26.so
76ca6d671000-76ca6d672000 rw-p 00000000 00:00 0 
76ca6d684000-76ca6d686000 r--p 00000000 103:02 9710777                   /usr/lib/x86_64-linux-gnu/libasyncns.so.0.3.1
76ca6d686000-76ca6d689000 r-xp 00002000 103:02 9710777                   /usr/lib/x86_64-linux-gnu/libasyncns.so.0.3.1
76ca6d689000-76ca6d68a000 r--p 00005000 103:02 9710777                   /usr/lib/x86_64-linux-gnu/libasyncns.so.0.3.1
76ca6d68a000-76ca6d68b000 r--p 00005000 103:02 9710777                   /usr/lib/x86_64-linux-gnu/libasyncns.so.0.3.1
76ca6d68b000-76ca6d68c000 rw-p 00006000 103:02 9710777                   /usr/lib/x86_64-linux-gnu/libasyncns.so.0.3.1
76ca6d68c000-76ca6d68d000 r--p 00000000 103:02 9710669                   /usr/lib/x86_64-linux-gnu/libX11-xcb.so.1.0.0
76ca6d68d000-76ca6d68e000 r-xp 00001000 103:02 9710669                   /usr/lib/x86_64-linux-gnu/libX11-xcb.so.1.0.0
76ca6d68e000-76ca6d68f000 r--p 00002000 103:02 9710669                   /usr/lib/x86_64-linux-gnu/libX11-xcb.so.1.0.0
76ca6d68f000-76ca6d690000 r--p 00002000 103:02 9710669                   /usr/lib/x86_64-linux-gnu/libX11-xcb.so.1.0.0
76ca6d690000-76ca6d691000 rw-p 00003000 103:02 9710669                   /usr/lib/x86_64-linux-gnu/libX11-xcb.so.1.0.0
76ca6d69d000-76ca6d6a4000 r--s 00000000 103:02 9727936                   /usr/lib/x86_64-linux-gnu/gconv/gconv-modules.cache
76ca6d6a4000-76ca6d6a6000 r--p 00000000 103:02 9712825                   /usr/lib/x86_64-linux-gnu/libcanberra-0.30/libcanberra-pulse.so
76ca6d6a6000-76ca6d6aa000 r-xp 00002000 103:02 9712825                   /usr/lib/x86_64-linux-gnu/libcanberra-0.30/libcanberra-pulse.so
76ca6d6aa000-76ca6d6ab000 r--p 00006000 103:02 9712825                   /usr/lib/x86_64-linux-gnu/libcanberra-0.30/libcanberra-pulse.so
76ca6d6ab000-76ca6d6ac000 r--p 00006000 103:02 9712825                   /usr/lib/x86_64-linux-gnu/libcanberra-0.30/libcanberra-pulse.so
76ca6d6ac000-76ca6d6ad000 rw-p 00007000 103:02 9712825                   /usr/lib/x86_64-linux-gnu/libcanberra-0.30/libcanberra-pulse.so
76ca6d6ad000-76ca6d6af000 r--p 00000000 103:02 9743980                   /usr/lib/x86_64-linux-gnu/gdk-pixbuf-2.0/2.10.0/loaders/libpixbufloader-gif.so
76ca6d6af000-76ca6d6b2000 r-xp 00002000 103:02 9743980                   /usr/lib/x86_64-linux-gnu/gdk-pixbuf-2.0/2.10.0/loaders/libpixbufloader-gif.so
76ca6d6b2000-76ca6d6b3000 r--p 00005000 103:02 9743980                   /usr/lib/x86_64-linux-gnu/gdk-pixbuf-2.0/2.10.0/loaders/libpixbufloader-gif.so
76ca6d6b3000-76ca6d6b4000 r--p 00005000 103:02 9743980                   /usr/lib/x86_64-linux-gnu/gdk-pixbuf-2.0/2.10.0/loaders/libpixbufloader-gif.so
76ca6d6b4000-76ca6d6b5000 rw-p 00006000 103:02 9743980                   /usr/lib/x86_64-linux-gnu/gdk-pixbuf-2.0/2.10.0/loaders/libpixbufloader-gif.so
76ca6d6b9000-76ca6d6cf000 r--p 00000000 103:02 9728833                   /usr/share/fonts/opentype/urw-base35/NimbusMonoPS-BoldItalic.otf
76ca6d6cf000-76ca6d6e4000 r--p 00000000 103:02 9728834                   /usr/share/fonts/opentype/urw-base35/NimbusMonoPS-Italic.otf
76ca6d6e4000-76ca6d6e5000 r--p 00000000 103:02 10487583                  /usr/share/locale-langpack/en/LC_MESSAGES/gnome-control-center-2.0.mo
76ca6d6e5000-76ca6d6e7000 r--p 00000000 103:02 10096577                  /usr/lib/jvm/java-21-openjdk-amd64/lib/libmanagement_ext.so
76ca6d6e7000-76ca6d6ea000 r-xp 00002000 103:02 10096577                  /usr/lib/jvm/java-21-openjdk-amd64/lib/libmanagement_ext.so
76ca6d6ea000-76ca6d6eb000 r--p 00005000 103:02 10096577                  /usr/lib/jvm/java-21-openjdk-amd64/lib/libmanagement_ext.so
76ca6d6eb000-76ca6d6ec000 r--p 00006000 103:02 10096577                  /usr/lib/jvm/java-21-openjdk-amd64/lib/libmanagement_ext.so
76ca6d6ec000-76ca6d6ed000 rw-p 00007000 103:02 10096577                  /usr/lib/jvm/java-21-openjdk-amd64/lib/libmanagement_ext.so
76ca6d6ed000-76ca6d6ef000 r--p 00000000 103:02 10096573                  /usr/lib/jvm/java-21-openjdk-amd64/lib/libmanagement.so
76ca6d6ef000-76ca6d6f0000 r-xp 00002000 103:02 10096573                  /usr/lib/jvm/java-21-openjdk-amd64/lib/libmanagement.so
76ca6d6f0000-76ca6d6f1000 r--p 00003000 103:02 10096573                  /usr/lib/jvm/java-21-openjdk-amd64/lib/libmanagement.so
76ca6d6f1000-76ca6d6f2000 r--p 00003000 103:02 10096573                  /usr/lib/jvm/java-21-openjdk-amd64/lib/libmanagement.so
76ca6d6f2000-76ca6d6f3000 rw-p 00004000 103:02 10096573                  /usr/lib/jvm/java-21-openjdk-amd64/lib/libmanagement.so
76ca6d6f3000-76ca6d6f4000 r--p 00000000 103:02 10096553                  /usr/lib/jvm/java-21-openjdk-amd64/lib/libjaas.so
76ca6d6f4000-76ca6d6f5000 r-xp 00001000 103:02 10096553                  /usr/lib/jvm/java-21-openjdk-amd64/lib/libjaas.so
76ca6d6f5000-76ca6d6f6000 r--p 00002000 103:02 10096553                  /usr/lib/jvm/java-21-openjdk-amd64/lib/libjaas.so
76ca6d6f6000-76ca6d6f7000 r--p 00002000 103:02 10096553                  /usr/lib/jvm/java-21-openjdk-amd64/lib/libjaas.so
76ca6d6f7000-76ca6d6f8000 rw-p 00003000 103:02 10096553                  /usr/lib/jvm/java-21-openjdk-amd64/lib/libjaas.so
76ca6d6f8000-76ca6d800000 r--p 00000000 103:02 9729210                   /usr/share/fonts/truetype/ubuntu/UbuntuSans[wdth,wght].ttf
76ca6d800000-76ca6d88b000 r-xp 00000000 103:02 27788079                  /home/romaric/TOS_BD-20211109_1610-V8.0.1/configuration/org.eclipse.osgi/21/0/.cp/libswt-gtk-4944r26.so
76ca6d88b000-76ca6da8a000 ---p 0008b000 103:02 27788079                  /home/romaric/TOS_BD-20211109_1610-V8.0.1/configuration/org.eclipse.osgi/21/0/.cp/libswt-gtk-4944r26.so
76ca6da8a000-76ca6da8b000 r--p 0008a000 103:02 27788079                  /home/romaric/TOS_BD-20211109_1610-V8.0.1/configuration/org.eclipse.osgi/21/0/.cp/libswt-gtk-4944r26.so
76ca6da8b000-76ca6da93000 rw-p 0008b000 103:02 27788079                  /home/romaric/TOS_BD-20211109_1610-V8.0.1/configuration/org.eclipse.osgi/21/0/.cp/libswt-gtk-4944r26.so
76ca6da93000-76ca6da97000 rw-p 00000000 00:00 0 
76ca6da97000-76ca6da98000 r--s 00000000 103:02 27797325                  /home/romaric/TOS_BD-20211109_1610-V8.0.1/workspace/.metadata/.plugins/org.eclipse.m2e.core/nexus/477458f297182afbcae54a29b06489fa/_5.cfs
76ca6da98000-76ca6da99000 r--p 00000000 103:02 10096546                  /usr/lib/jvm/java-21-openjdk-amd64/lib/libextnet.so
76ca6da99000-76ca6da9a000 r-xp 00001000 103:02 10096546                  /usr/lib/jvm/java-21-openjdk-amd64/lib/libextnet.so
76ca6da9a000-76ca6da9b000 r--p 00002000 103:02 10096546                  /usr/lib/jvm/java-21-openjdk-amd64/lib/libextnet.so
76ca6da9b000-76ca6da9c000 r--p 00002000 103:02 10096546                  /usr/lib/jvm/java-21-openjdk-amd64/lib/libextnet.so
76ca6da9c000-76ca6da9d000 rw-p 00003000 103:02 10096546                  /usr/lib/jvm/java-21-openjdk-amd64/lib/libextnet.so
76ca6da9d000-76ca6da9e000 r--p 00000000 103:02 9711200                   /usr/lib/x86_64-linux-gnu/libnss_mdns4_minimal.so.2
76ca6da9e000-76ca6daa0000 r-xp 00001000 103:02 9711200                   /usr/lib/x86_64-linux-gnu/libnss_mdns4_minimal.so.2
76ca6daa0000-76ca6daa1000 r--p 00003000 103:02 9711200                   /usr/lib/x86_64-linux-gnu/libnss_mdns4_minimal.so.2
76ca6daa1000-76ca6daa2000 r--p 00003000 103:02 9711200                   /usr/lib/x86_64-linux-gnu/libnss_mdns4_minimal.so.2
76ca6daa2000-76ca6daa3000 rw-p 00004000 103:02 9711200                   /usr/lib/x86_64-linux-gnu/libnss_mdns4_minimal.so.2
76ca6daa3000-76ca6daa6000 r--p 00000000 103:02 9712800                   /usr/lib/x86_64-linux-gnu/gtk-3.0/3.0.0/immodules/im-ibus.so
76ca6daa6000-76ca6daaa000 r-xp 00003000 103:02 9712800                   /usr/lib/x86_64-linux-gnu/gtk-3.0/3.0.0/immodules/im-ibus.so
76ca6daaa000-76ca6daac000 r--p 00007000 103:02 9712800                   /usr/lib/x86_64-linux-gnu/gtk-3.0/3.0.0/immodules/im-ibus.so
76ca6daac000-76ca6daad000 r--p 00008000 103:02 9712800                   /usr/lib/x86_64-linux-gnu/gtk-3.0/3.0.0/immodules/im-ibus.so
76ca6daad000-76ca6daae000 rw-p 00009000 103:02 9712800                   /usr/lib/x86_64-linux-gnu/gtk-3.0/3.0.0/immodules/im-ibus.so
76ca6daca000-76ca6db02000 rw-s 00000000 00:01 26357                      /memfd:gdk-wayland (deleted)
76ca6db02000-76ca6db03000 r--p 00000000 103:02 9712521                   /usr/lib/x86_64-linux-gnu/gdk-pixbuf-2.0/2.10.0/loaders/libpixbufloader-svg.so
76ca6db03000-76ca6db04000 r-xp 00001000 103:02 9712521                   /usr/lib/x86_64-linux-gnu/gdk-pixbuf-2.0/2.10.0/loaders/libpixbufloader-svg.so
76ca6db04000-76ca6db05000 r--p 00002000 103:02 9712521                   /usr/lib/x86_64-linux-gnu/gdk-pixbuf-2.0/2.10.0/loaders/libpixbufloader-svg.so
76ca6db05000-76ca6db06000 r--p 00002000 103:02 9712521                   /usr/lib/x86_64-linux-gnu/gdk-pixbuf-2.0/2.10.0/loaders/libpixbufloader-svg.so
76ca6db06000-76ca6db07000 rw-p 00003000 103:02 9712521                   /usr/lib/x86_64-linux-gnu/gdk-pixbuf-2.0/2.10.0/loaders/libpixbufloader-svg.so
76ca6db07000-76ca6db57000 r--p 00000000 103:02 9849303                   /usr/share/icons/Humanity/icon-theme.cache
76ca6db57000-76ca6db85000 r--p 00000000 103:02 9861261                   /usr/share/icons/Yaru/icon-theme.cache
76ca6db85000-76ca6db86000 r--p 00000000 103:02 9712251                   /usr/lib/x86_64-linux-gnu/libgthread-2.0.so.0.8000.0
76ca6db86000-76ca6db87000 r-xp 00001000 103:02 9712251                   /usr/lib/x86_64-linux-gnu/libgthread-2.0.so.0.8000.0
76ca6db87000-76ca6db88000 r--p 00002000 103:02 9712251                   /usr/lib/x86_64-linux-gnu/libgthread-2.0.so.0.8000.0
76ca6db88000-76ca6db89000 r--p 00002000 103:02 9712251                   /usr/lib/x86_64-linux-gnu/libgthread-2.0.so.0.8000.0
76ca6db89000-76ca6db8a000 rw-p 00003000 103:02 9712251                   /usr/lib/x86_64-linux-gnu/libgthread-2.0.so.0.8000.0
76ca6db8a000-76ca6db8b000 r--s 00000000 103:02 27797475                  /home/romaric/TOS_BD-20211109_1610-V8.0.1/workspace/.metadata/.plugins/org.eclipse.m2e.core/nexus/477458f297182afbcae54a29b06489fa/_4.cfs
76ca6db8b000-76ca6db8c000 r--s 00000000 103:02 27797360                  /home/romaric/TOS_BD-20211109_1610-V8.0.1/workspace/.metadata/.plugins/org.eclipse.m2e.core/nexus/df37ef5b7ed9c79c16efe958efe47968/_5.cfs
76ca6db8c000-76ca6db8d000 r--s 00000000 103:02 27797478                  /home/romaric/TOS_BD-20211109_1610-V8.0.1/workspace/.metadata/.plugins/org.eclipse.m2e.core/nexus/df37ef5b7ed9c79c16efe958efe47968/_4.cfs
76ca6db8e000-76ca6db93000 r--p 00000000 103:02 9834744                   /usr/share/icons/hicolor/icon-theme.cache
76ca6db93000-76ca6db9d000 r--p 00000000 103:02 9843256                   /usr/share/icons/Adwaita/icon-theme.cache
76ca6db9d000-76ca6dba1000 ---p 00000000 00:00 0 
76ca6dba1000-76ca6dc9d000 rw-p 00000000 00:00 0 
76ca6dc9d000-76ca6dca1000 ---p 00000000 00:00 0 
76ca6dca1000-76ca6dd9d000 rw-p 00000000 00:00 0 
76ca6dd9d000-76ca6dd9e000 ---p 00000000 00:00 0 
76ca6dd9e000-76ca6de9e000 rw-p 00000000 00:00 0 
76ca6de9e000-76ca6de9f000 ---p 00000000 00:00 0 
76ca6de9f000-76ca6df9f000 rw-p 00000000 00:00 0 
76ca6df9f000-76ca6dfa3000 ---p 00000000 00:00 0 
76ca6dfa3000-76ca6e09f000 rw-p 00000000 00:00 0 
76ca6e09f000-76ca6e0a3000 ---p 00000000 00:00 0 
76ca6e0a3000-76ca6e19f000 rw-p 00000000 00:00 0 
76ca6e19f000-76ca6e1a3000 ---p 00000000 00:00 0 
76ca6e1a3000-76ca6e29f000 rw-p 00000000 00:00 0 
76ca6e29f000-76ca6e2a3000 ---p 00000000 00:00 0 
76ca6e2a3000-76ca6e39f000 rw-p 00000000 00:00 0 
76ca6e39f000-76ca6e3a3000 ---p 00000000 00:00 0 
76ca6e3a3000-76ca6e49f000 rw-p 00000000 00:00 0 
76ca6e49f000-76ca6e4a3000 ---p 00000000 00:00 0 
76ca6e4a3000-76ca6e59f000 rw-p 00000000 00:00 0 
76ca6e59f000-76ca6e5a1000 r--p 00000000 103:02 9711214                   /usr/lib/x86_64-linux-gnu/libogg.so.0.8.5
76ca6e5a1000-76ca6e5a4000 r-xp 00002000 103:02 9711214                   /usr/lib/x86_64-linux-gnu/libogg.so.0.8.5
76ca6e5a4000-76ca6e5a7000 r--p 00005000 103:02 9711214                   /usr/lib/x86_64-linux-gnu/libogg.so.0.8.5
76ca6e5a7000-76ca6e5a8000 r--p 00007000 103:02 9711214                   /usr/lib/x86_64-linux-gnu/libogg.so.0.8.5
76ca6e5a8000-76ca6e5a9000 rw-p 00008000 103:02 9711214                   /usr/lib/x86_64-linux-gnu/libogg.so.0.8.5
76ca6e5a9000-76ca6e5ac000 r--p 00000000 103:02 9711410                   /usr/lib/x86_64-linux-gnu/libvorbis.so.0.4.9
76ca6e5ac000-76ca6e5c4000 r-xp 00003000 103:02 9711410                   /usr/lib/x86_64-linux-gnu/libvorbis.so.0.4.9
76ca6e5c4000-76ca6e5d5000 r--p 0001b000 103:02 9711410                   /usr/lib/x86_64-linux-gnu/libvorbis.so.0.4.9
76ca6e5d5000-76ca6e5d6000 r--p 0002b000 103:02 9711410                   /usr/lib/x86_64-linux-gnu/libvorbis.so.0.4.9
76ca6e5d6000-76ca6e5d7000 rw-p 0002c000 103:02 9711410                   /usr/lib/x86_64-linux-gnu/libvorbis.so.0.4.9
76ca6e5d7000-76ca6e5d9000 r--p 00000000 103:02 9711121                   /usr/lib/x86_64-linux-gnu/libltdl.so.7.3.2
76ca6e5d9000-76ca6e5de000 r-xp 00002000 103:02 9711121                   /usr/lib/x86_64-linux-gnu/libltdl.so.7.3.2
76ca6e5de000-76ca6e5e0000 r--p 00007000 103:02 9711121                   /usr/lib/x86_64-linux-gnu/libltdl.so.7.3.2
76ca6e5e0000-76ca6e5e1000 r--p 00008000 103:02 9711121                   /usr/lib/x86_64-linux-gnu/libltdl.so.7.3.2
76ca6e5e1000-76ca6e5e2000 rw-p 00009000 103:02 9711121                   /usr/lib/x86_64-linux-gnu/libltdl.so.7.3.2
76ca6e5e2000-76ca6e5e6000 r--p 00000000 103:02 9711359                   /usr/lib/x86_64-linux-gnu/libtdb.so.1.4.10
76ca6e5e6000-76ca6e5f4000 r-xp 00004000 103:02 9711359                   /usr/lib/x86_64-linux-gnu/libtdb.so.1.4.10
76ca6e5f4000-76ca6e5f9000 r--p 00012000 103:02 9711359                   /usr/lib/x86_64-linux-gnu/libtdb.so.1.4.10
76ca6e5f9000-76ca6e5fa000 r--p 00016000 103:02 9711359                   /usr/lib/x86_64-linux-gnu/libtdb.so.1.4.10
76ca6e5fa000-76ca6e5fb000 rw-p 00017000 103:02 9711359                   /usr/lib/x86_64-linux-gnu/libtdb.so.1.4.10
76ca6e5fb000-76ca6e5fd000 r--p 00000000 103:02 9711412                   /usr/lib/x86_64-linux-gnu/libvorbisfile.so.3.3.8
76ca6e5fd000-76ca6e602000 r-xp 00002000 103:02 9711412                   /usr/lib/x86_64-linux-gnu/libvorbisfile.so.3.3.8
76ca6e602000-76ca6e603000 r--p 00007000 103:02 9711412                   /usr/lib/x86_64-linux-gnu/libvorbisfile.so.3.3.8
76ca6e603000-76ca6e604000 r--p 00007000 103:02 9711412                   /usr/lib/x86_64-linux-gnu/libvorbisfile.so.3.3.8
76ca6e604000-76ca6e605000 rw-p 00008000 103:02 9711412                   /usr/lib/x86_64-linux-gnu/libvorbisfile.so.3.3.8
76ca6e605000-76ca6e608000 r--p 00000000 103:02 9710832                   /usr/lib/x86_64-linux-gnu/libcanberra.so.0.2.5
76ca6e608000-76ca6e613000 r-xp 00003000 103:02 9710832                   /usr/lib/x86_64-linux-gnu/libcanberra.so.0.2.5
76ca6e613000-76ca6e616000 r--p 0000e000 103:02 9710832                   /usr/lib/x86_64-linux-gnu/libcanberra.so.0.2.5
76ca6e616000-76ca6e617000 r--p 00010000 103:02 9710832                   /usr/lib/x86_64-linux-gnu/libcanberra.so.0.2.5
76ca6e617000-76ca6e618000 rw-p 00011000 103:02 9710832                   /usr/lib/x86_64-linux-gnu/libcanberra.so.0.2.5
76ca6e618000-76ca6e61a000 r--p 00000000 103:02 9710831                   /usr/lib/x86_64-linux-gnu/libcanberra-gtk3.so.0.1.9
76ca6e61a000-76ca6e61c000 r-xp 00002000 103:02 9710831                   /usr/lib/x86_64-linux-gnu/libcanberra-gtk3.so.0.1.9
76ca6e61c000-76ca6e61d000 r--p 00004000 103:02 9710831                   /usr/lib/x86_64-linux-gnu/libcanberra-gtk3.so.0.1.9
76ca6e61d000-76ca6e61e000 r--p 00004000 103:02 9710831                   /usr/lib/x86_64-linux-gnu/libcanberra-gtk3.so.0.1.9
76ca6e61e000-76ca6e61f000 rw-p 00005000 103:02 9710831                   /usr/lib/x86_64-linux-gnu/libcanberra-gtk3.so.0.1.9
76ca6e622000-76ca6e626000 r--p 00000000 103:02 10096588                  /usr/lib/jvm/java-21-openjdk-amd64/lib/libverify.so
76ca6e626000-76ca6e62d000 r-xp 00004000 103:02 10096588                  /usr/lib/jvm/java-21-openjdk-amd64/lib/libverify.so
76ca6e62d000-76ca6e62f000 r--p 0000b000 103:02 10096588                  /usr/lib/jvm/java-21-openjdk-amd64/lib/libverify.so
76ca6e62f000-76ca6e631000 r--p 0000c000 103:02 10096588                  /usr/lib/jvm/java-21-openjdk-amd64/lib/libverify.so
76ca6e631000-76ca6e632000 rw-p 0000e000 103:02 10096588                  /usr/lib/jvm/java-21-openjdk-amd64/lib/libverify.so
76ca6e632000-76ca6e634000 r--p 00000000 103:02 9712812                   /usr/lib/x86_64-linux-gnu/gtk-3.0/modules/libcanberra-gtk3-module.so
76ca6e634000-76ca6e637000 r-xp 00002000 103:02 9712812                   /usr/lib/x86_64-linux-gnu/gtk-3.0/modules/libcanberra-gtk3-module.so
76ca6e637000-76ca6e638000 r--p 00005000 103:02 9712812                   /usr/lib/x86_64-linux-gnu/gtk-3.0/modules/libcanberra-gtk3-module.so
76ca6e638000-76ca6e639000 r--p 00005000 103:02 9712812                   /usr/lib/x86_64-linux-gnu/gtk-3.0/modules/libcanberra-gtk3-module.so
76ca6e639000-76ca6e63a000 rw-p 00006000 103:02 9712812                   /usr/lib/x86_64-linux-gnu/gtk-3.0/modules/libcanberra-gtk3-module.so
76ca6e63a000-76ca6e63e000 ---p 00000000 00:00 0 
76ca6e63e000-76ca6e73a000 rw-p 00000000 00:00 0 
76ca6e73a000-76ca6e73e000 ---p 00000000 00:00 0 
76ca6e73e000-76ca6e83a000 rw-p 00000000 00:00 0 
76ca6e83b000-76ca6e851000 r--p 00000000 103:02 9728832                   /usr/share/fonts/opentype/urw-base35/NimbusMonoPS-Bold.otf
76ca6e851000-76ca6e8a5000 r--p 00000000 103:02 9728867                   /usr/share/fonts/truetype/dejavu/DejaVuSansMono.ttf
76ca6e8a5000-76ca6e8a9000 ---p 00000000 00:00 0 
76ca6e8a9000-76ca6e9a5000 rw-p 00000000 00:00 0 
76ca6e9a5000-76ca6e9a9000 ---p 00000000 00:00 0 
76ca6e9a9000-76ca6eaa5000 rw-p 00000000 00:00 0 
76ca6eaa5000-76ca6eaa6000 ---p 00000000 00:00 0 
76ca6eaa6000-76ca6eba6000 rw-p 00000000 00:00 0 
76ca6eba6000-76ca6eba7000 ---p 00000000 00:00 0 
76ca6eba7000-76ca6eca7000 rw-p 00000000 00:00 0 
76ca6eca7000-76ca6eca8000 ---p 00000000 00:00 0 
76ca6eca8000-76ca6eda8000 rw-p 00000000 00:00 0 
76ca6eda8000-76ca6eda9000 ---p 00000000 00:00 0 
76ca6eda9000-76ca6eea9000 rw-p 00000000 00:00 0 
76ca6eea9000-76ca6eeaa000 ---p 00000000 00:00 0 
76ca6eeaa000-76ca6efaa000 rw-p 00000000 00:00 0 
76ca6efaa000-76ca6efab000 ---p 00000000 00:00 0 
76ca6efab000-76ca6f0ab000 rw-p 00000000 00:00 0 
76ca6f0ab000-76ca6f0ac000 ---p 00000000 00:00 0 
76ca6f0ac000-76ca6f1ac000 rw-p 00000000 00:00 0 
76ca6f1ac000-76ca6f1ad000 ---p 00000000 00:00 0 
76ca6f1ad000-76ca6f2ad000 rw-p 00000000 00:00 0 
76ca6f2ad000-76ca6f2ae000 ---p 00000000 00:00 0 
76ca6f2ae000-76ca6f3ae000 rw-p 00000000 00:00 0 
76ca6f3ae000-76ca6f3b2000 ---p 00000000 00:00 0 
76ca6f3b2000-76ca6f4ae000 rw-p 00000000 00:00 0 
76ca6f4ae000-76ca6f5b6000 r--p 00000000 103:02 9729210                   /usr/share/fonts/truetype/ubuntu/UbuntuSans[wdth,wght].ttf
76ca6f5d4000-76ca6f694000 rw-s 00000000 00:01 26328                      /memfd:gdk-wayland (deleted)
76ca6f6a8000-76ca6f6be000 r--p 00000000 103:02 9728833                   /usr/share/fonts/opentype/urw-base35/NimbusMonoPS-BoldItalic.otf
76ca6f6be000-76ca6f6cc000 r--s 00000000 103:02 18874772                  /var/cache/fontconfig/a4e60e8d1e10d2fdff3fe3037a1845fb-le64.cache-9
76ca6f6cc000-76ca6f6d1000 r--s 00000000 103:02 18881454                  /var/cache/fontconfig/6aa41aa22e18b8fa06a12da28ea9c28b-le64.cache-9
76ca6f6d1000-76ca6f72f000 r--s 00000000 103:02 18874757                  /var/cache/fontconfig/2300eef321c393bfd76478a5c0e95b23-le64.cache-9
76ca6f72f000-76ca6f7a4000 r--s 00000000 103:02 18874755                  /var/cache/fontconfig/0bd3dc0958fa2205aaaa8ebb13e2872b-le64.cache-9
76ca6f7a4000-76ca6f7a9000 r--s 00000000 103:02 18881752                  /var/cache/fontconfig/c57959a16110560c8d0fcea73374aeeb-le64.cache-9
76ca6f7a9000-76ca6f7b1000 r--s 00000000 103:02 18874758                  /var/cache/fontconfig/3047814df9a2f067bd2d96a2b9c36e5a-le64.cache-9
76ca6f7b1000-76ca6f7ba000 r--s 00000000 103:02 18881453                  /var/cache/fontconfig/bf3b770c553c462765856025a94f1ce6-le64.cache-9
76ca6f7ba000-76ca6f7d1000 r--s 00000000 103:02 18881352                  /var/cache/fontconfig/d52a8644073d54c13679302ca1180695-le64.cache-9
76ca6f7d1000-76ca6f7de000 r--s 00000000 103:02 18881133                  /var/cache/fontconfig/d589a48862398ed80a3d6066f4f56f4c-le64.cache-9
76ca6f7de000-76ca6f7ee000 r--s 00000000 103:02 18874766                  /var/cache/fontconfig/6cc790b63b123a6a96ee260fcdad32a9-le64.cache-9
76ca6f7ee000-76ca6f7ff000 r--s 00000000 103:02 18874770                  /var/cache/fontconfig/9b89f8e3dae116d678bbf48e5f21f69b-le64.cache-9
76ca6f7ff000-76ca6f800000 ---p 00000000 00:00 0 
76ca6f800000-76ca70000000 rw-p 00000000 00:00 0 
76ca70000000-76ca70083000 rw-p 00000000 00:00 0 
76ca70083000-76ca74000000 ---p 00000000 00:00 0 
76ca74000000-76ca7406a000 rw-p 00000000 00:00 0 
76ca7406a000-76ca78000000 ---p 00000000 00:00 0 
76ca78000000-76ca78195000 rw-p 00000000 00:00 0 
76ca78195000-76ca7c000000 ---p 00000000 00:00 0 
76ca7c000000-76ca7dc20000 rw-p 00000000 00:00 0 
76ca7dc20000-76ca80000000 ---p 00000000 00:00 0 
76ca80000000-76ca80021000 rw-p 00000000 00:00 0 
76ca80021000-76ca84000000 ---p 00000000 00:00 0 
76ca84001000-76ca8402d000 r--s 00000000 103:02 18876600                  /var/cache/fontconfig/e13b20fdb08344e0e664864cc2ede53d-le64.cache-9
76ca84031000-76ca84045000 r--p 00000000 103:02 9728835                   /usr/share/fonts/opentype/urw-base35/NimbusMonoPS-Regular.otf
76ca84045000-76ca84097000 rw-s 00000000 00:01 32091                      /memfd:gdk-wayland (deleted)
76ca84097000-76ca840a2000 r--s 00000000 103:02 18880492                  /var/cache/fontconfig/d0972c3d32f097851eb916381fc38920-le64.cache-9
76ca840a2000-76ca840c7000 r--s 00000000 103:02 18881445                  /var/cache/fontconfig/467c019e582ee353435ea5c21d137ef6-le64.cache-9
76ca840c7000-76ca840ef000 r--s 00000000 103:02 9702714                   /usr/share/mime/mime.cache
76ca840ef000-76ca84130000 rw-p 00000000 00:00 0 
76ca84130000-76ca84142000 r--p 00000000 103:02 9701117                   /usr/lib/x86_64-linux-gnu/gvfs/libgvfscommon.so
76ca84142000-76ca8415e000 r-xp 00012000 103:02 9701117                   /usr/lib/x86_64-linux-gnu/gvfs/libgvfscommon.so
76ca8415e000-76ca8416a000 r--p 0002e000 103:02 9701117                   /usr/lib/x86_64-linux-gnu/gvfs/libgvfscommon.so
76ca8416a000-76ca84170000 r--p 00039000 103:02 9701117                   /usr/lib/x86_64-linux-gnu/gvfs/libgvfscommon.so
76ca84170000-76ca84171000 rw-p 0003f000 103:02 9701117                   /usr/lib/x86_64-linux-gnu/gvfs/libgvfscommon.so
76ca84171000-76ca8417b000 r--p 00000000 103:02 9701120                   /usr/lib/x86_64-linux-gnu/gio/modules/libgvfsdbus.so
76ca8417b000-76ca84199000 r-xp 0000a000 103:02 9701120                   /usr/lib/x86_64-linux-gnu/gio/modules/libgvfsdbus.so
76ca84199000-76ca841a1000 r--p 00028000 103:02 9701120                   /usr/lib/x86_64-linux-gnu/gio/modules/libgvfsdbus.so
76ca841a1000-76ca841a3000 r--p 00030000 103:02 9701120                   /usr/lib/x86_64-linux-gnu/gio/modules/libgvfsdbus.so
76ca841a3000-76ca841a4000 rw-p 00032000 103:02 9701120                   /usr/lib/x86_64-linux-gnu/gio/modules/libgvfsdbus.so
76ca841a4000-76ca84258000 r--p 00000000 103:02 9991059                   /usr/share/themes/Yaru-purple/gtk-3.0/gtk.gresource
76ca84258000-76ca84498000 rw-s 00000000 00:01 23498                      /memfd:wayland-cursor (deleted)
76ca84498000-76ca84499000 ---p 00000000 00:00 0 
76ca84499000-76ca84c99000 rw-p 00000000 00:00 0 
76ca84c99000-76ca84c9a000 ---p 00000000 00:00 0 
76ca84c9a000-76ca8549a000 rw-p 00000000 00:00 0 
76ca8549a000-76ca854c4000 r--p 00000000 103:02 9700437                   /usr/share/glib-2.0/schemas/gschemas.compiled
76ca854c4000-76ca854c5000 ---p 00000000 00:00 0 
76ca854c5000-76ca85cc5000 rw-p 00000000 00:00 0 
76ca85cc5000-76ca85cc6000 ---p 00000000 00:00 0 
76ca85cc6000-76ca864c6000 rw-p 00000000 00:00 0 
76ca864c6000-76ca864c7000 ---p 00000000 00:00 0 
76ca864c7000-76ca86cc7000 rw-p 00000000 00:00 0 
76ca86cc7000-76ca86ccb000 r--p 00000000 103:02 9711000                   /usr/lib/x86_64-linux-gnu/libgpg-error.so.0.34.0
76ca86ccb000-76ca86ce1000 r-xp 00004000 103:02 9711000                   /usr/lib/x86_64-linux-gnu/libgpg-error.so.0.34.0
76ca86ce1000-76ca86cea000 r--p 0001a000 103:02 9711000                   /usr/lib/x86_64-linux-gnu/libgpg-error.so.0.34.0
76ca86cea000-76ca86ceb000 r--p 00023000 103:02 9711000                   /usr/lib/x86_64-linux-gnu/libgpg-error.so.0.34.0
76ca86ceb000-76ca86cec000 rw-p 00024000 103:02 9711000                   /usr/lib/x86_64-linux-gnu/libgpg-error.so.0.34.0
76ca86cec000-76ca86cf0000 r--p 00000000 103:02 9711483                   /usr/lib/x86_64-linux-gnu/libzstd.so.1.5.5
76ca86cf0000-76ca86d97000 r-xp 00004000 103:02 9711483                   /usr/lib/x86_64-linux-gnu/libzstd.so.1.5.5
76ca86d97000-76ca86da4000 r--p 000ab000 103:02 9711483                   /usr/lib/x86_64-linux-gnu/libzstd.so.1.5.5
76ca86da4000-76ca86da5000 r--p 000b7000 103:02 9711483                   /usr/lib/x86_64-linux-gnu/libzstd.so.1.5.5
76ca86da5000-76ca86da6000 rw-p 000b8000 103:02 9711483                   /usr/lib/x86_64-linux-gnu/libzstd.so.1.5.5
76ca86da6000-76ca86da9000 r--p 00000000 103:02 9711125                   /usr/lib/x86_64-linux-gnu/liblzma.so.5.4.5
76ca86da9000-76ca86dcb000 r-xp 00003000 103:02 9711125                   /usr/lib/x86_64-linux-gnu/liblzma.so.5.4.5
76ca86dcb000-76ca86dd6000 r--p 00025000 103:02 9711125                   /usr/lib/x86_64-linux-gnu/liblzma.so.5.4.5
76ca86dd6000-76ca86dd7000 r--p 00030000 103:02 9711125                   /usr/lib/x86_64-linux-gnu/liblzma.so.5.4.5
76ca86dd7000-76ca86dd8000 rw-p 00031000 103:02 9711125                   /usr/lib/x86_64-linux-gnu/liblzma.so.5.4.5
76ca86dd8000-76ca86de7000 r--p 00000000 103:02 9710962                   /usr/lib/x86_64-linux-gnu/libgcrypt.so.20.4.3
76ca86de7000-76ca86edb000 r-xp 0000f000 103:02 9710962                   /usr/lib/x86_64-linux-gnu/libgcrypt.so.20.4.3
76ca86edb000-76ca86f16000 r--p 00103000 103:02 9710962                   /usr/lib/x86_64-linux-gnu/libgcrypt.so.20.4.3
76ca86f16000-76ca86f1b000 r--p 0013e000 103:02 9710962                   /usr/lib/x86_64-linux-gnu/libgcrypt.so.20.4.3
76ca86f1b000-76ca86f1f000 rw-p 00143000 103:02 9710962                   /usr/lib/x86_64-linux-gnu/libgcrypt.so.20.4.3
76ca86f1f000-76ca86f20000 rw-p 00000000 00:00 0 
76ca86f20000-76ca86f36000 r--p 00000000 103:02 9710351                   /usr/lib/x86_64-linux-gnu/libsystemd.so.0.38.0
76ca86f36000-76ca86fc5000 r-xp 00016000 103:02 9710351                   /usr/lib/x86_64-linux-gnu/libsystemd.so.0.38.0
76ca86fc5000-76ca86ff3000 r--p 000a5000 103:02 9710351                   /usr/lib/x86_64-linux-gnu/libsystemd.so.0.38.0
76ca86ff3000-76ca86ffe000 r--p 000d2000 103:02 9710351                   /usr/lib/x86_64-linux-gnu/libsystemd.so.0.38.0
76ca86ffe000-76ca86fff000 rw-p 000dd000 103:02 9710351                   /usr/lib/x86_64-linux-gnu/libsystemd.so.0.38.0
76ca86fff000-76ca87000000 rw-p 00000000 00:00 0 
76ca87000000-76ca87083000 r--p 00000000 103:02 9711033                   /usr/lib/x86_64-linux-gnu/libgtk-3.so.0.2409.32
76ca87083000-76ca87431000 r-xp 00083000 103:02 9711033                   /usr/lib/x86_64-linux-gnu/libgtk-3.so.0.2409.32
76ca87431000-76ca877b6000 r--p 00431000 103:02 9711033                   /usr/lib/x86_64-linux-gnu/libgtk-3.so.0.2409.32
76ca877b6000-76ca877c6000 r--p 007b5000 103:02 9711033                   /usr/lib/x86_64-linux-gnu/libgtk-3.so.0.2409.32
76ca877c6000-76ca877c8000 rw-p 007c5000 103:02 9711033                   /usr/lib/x86_64-linux-gnu/libgtk-3.so.0.2409.32
76ca877c8000-76ca877cd000 rw-p 00000000 00:00 0 
76ca877cd000-76ca877dc000 r--s 00000000 103:02 18881451                  /var/cache/fontconfig/8f02d4cb045bd6ce15663e43f347c9f8-le64.cache-9
76ca877dc000-76ca877dd000 r--p 00000000 103:02 9724510                   /usr/lib/x86_64-linux-gnu/gdk-pixbuf-2.0/2.10.0/loaders/libpixbufloader-bmp.so
76ca877dd000-76ca877e0000 r-xp 00001000 103:02 9724510                   /usr/lib/x86_64-linux-gnu/gdk-pixbuf-2.0/2.10.0/loaders/libpixbufloader-bmp.so
76ca877e0000-76ca877e1000 r--p 00004000 103:02 9724510                   /usr/lib/x86_64-linux-gnu/gdk-pixbuf-2.0/2.10.0/loaders/libpixbufloader-bmp.so
76ca877e1000-76ca877e2000 r--p 00004000 103:02 9724510                   /usr/lib/x86_64-linux-gnu/gdk-pixbuf-2.0/2.10.0/loaders/libpixbufloader-bmp.so
76ca877e2000-76ca877e3000 rw-p 00005000 103:02 9724510                   /usr/lib/x86_64-linux-gnu/gdk-pixbuf-2.0/2.10.0/loaders/libpixbufloader-bmp.so
76ca877e3000-76ca877e8000 r--p 00000000 103:02 24661620                  /home/romaric/.config/dconf/user (deleted)
76ca877e8000-76ca877eb000 r--p 00000000 103:02 9711124                   /usr/lib/x86_64-linux-gnu/liblz4.so.1.9.4
76ca877eb000-76ca87806000 r-xp 00003000 103:02 9711124                   /usr/lib/x86_64-linux-gnu/liblz4.so.1.9.4
76ca87806000-76ca87808000 r--p 0001e000 103:02 9711124                   /usr/lib/x86_64-linux-gnu/liblz4.so.1.9.4
76ca87808000-76ca87809000 r--p 00020000 103:02 9711124                   /usr/lib/x86_64-linux-gnu/liblz4.so.1.9.4
76ca87809000-76ca8780a000 rw-p 00021000 103:02 9711124                   /usr/lib/x86_64-linux-gnu/liblz4.so.1.9.4
76ca8780a000-76ca8780d000 r--p 00000000 103:02 9701741                   /usr/lib/x86_64-linux-gnu/libcap.so.2.66
76ca8780d000-76ca87813000 r-xp 00003000 103:02 9701741                   /usr/lib/x86_64-linux-gnu/libcap.so.2.66
76ca87813000-76ca87815000 r--p 00009000 103:02 9701741                   /usr/lib/x86_64-linux-gnu/libcap.so.2.66
76ca87815000-76ca87816000 r--p 0000b000 103:02 9701741                   /usr/lib/x86_64-linux-gnu/libcap.so.2.66
76ca87816000-76ca87817000 rw-p 0000c000 103:02 9701741                   /usr/lib/x86_64-linux-gnu/libcap.so.2.66
76ca87817000-76ca87823000 r--p 00000000 103:02 9710862                   /usr/lib/x86_64-linux-gnu/libdbus-1.so.3.32.4
76ca87823000-76ca87853000 r-xp 0000c000 103:02 9710862                   /usr/lib/x86_64-linux-gnu/libdbus-1.so.3.32.4
76ca87853000-76ca87864000 r--p 0003c000 103:02 9710862                   /usr/lib/x86_64-linux-gnu/libdbus-1.so.3.32.4
76ca87864000-76ca87865000 r--p 0004c000 103:02 9710862                   /usr/lib/x86_64-linux-gnu/libdbus-1.so.3.32.4
76ca87865000-76ca87866000 rw-p 0004d000 103:02 9710862                   /usr/lib/x86_64-linux-gnu/libdbus-1.so.3.32.4
76ca87866000-76ca87876000 r--p 00000000 103:02 9710784                   /usr/lib/x86_64-linux-gnu/libatspi.so.0.0.1
76ca87876000-76ca8788f000 r-xp 00010000 103:02 9710784                   /usr/lib/x86_64-linux-gnu/libatspi.so.0.0.1
76ca8788f000-76ca8789c000 r--p 00029000 103:02 9710784                   /usr/lib/x86_64-linux-gnu/libatspi.so.0.0.1
76ca8789c000-76ca8789f000 r--p 00036000 103:02 9710784                   /usr/lib/x86_64-linux-gnu/libatspi.so.0.0.1
76ca8789f000-76ca878a0000 rw-p 00039000 103:02 9710784                   /usr/lib/x86_64-linux-gnu/libatspi.so.0.0.1
76ca878a0000-76ca878ac000 r--p 00000000 103:02 9710780                   /usr/lib/x86_64-linux-gnu/libatk-bridge-2.0.so.0.0.0
76ca878ac000-76ca878c6000 r-xp 0000c000 103:02 9710780                   /usr/lib/x86_64-linux-gnu/libatk-bridge-2.0.so.0.0.0
76ca878c6000-76ca878d9000 r--p 00026000 103:02 9710780                   /usr/lib/x86_64-linux-gnu/libatk-bridge-2.0.so.0.0.0
76ca878d9000-76ca878da000 r--p 00039000 103:02 9710780                   /usr/lib/x86_64-linux-gnu/libatk-bridge-2.0.so.0.0.0
76ca878da000-76ca878dc000 rw-p 0003a000 103:02 9710780                   /usr/lib/x86_64-linux-gnu/libatk-bridge-2.0.so.0.0.0
76ca878dc000-76ca878e7000 r--p 00000000 103:02 9710779                   /usr/lib/x86_64-linux-gnu/libatk-1.0.so.0.25209.1
76ca878e7000-76ca878f7000 r-xp 0000b000 103:02 9710779                   /usr/lib/x86_64-linux-gnu/libatk-1.0.so.0.25209.1
76ca878f7000-76ca87902000 r--p 0001b000 103:02 9710779                   /usr/lib/x86_64-linux-gnu/libatk-1.0.so.0.25209.1
76ca87902000-76ca87905000 r--p 00026000 103:02 9710779                   /usr/lib/x86_64-linux-gnu/libatk-1.0.so.0.25209.1
76ca87905000-76ca87906000 rw-p 00029000 103:02 9710779                   /usr/lib/x86_64-linux-gnu/libatk-1.0.so.0.25209.1
76ca87906000-76ca87908000 r--p 00000000 103:02 9711139                   /usr/lib/x86_64-linux-gnu/libmd.so.0.1.0
76ca87908000-76ca87911000 r-xp 00002000 103:02 9711139                   /usr/lib/x86_64-linux-gnu/libmd.so.0.1.0
76ca87911000-76ca87913000 r--p 0000b000 103:02 9711139                   /usr/lib/x86_64-linux-gnu/libmd.so.0.1.0
76ca87913000-76ca87914000 r--p 0000c000 103:02 9711139                   /usr/lib/x86_64-linux-gnu/libmd.so.0.1.0
76ca87914000-76ca87915000 rw-p 0000d000 103:02 9711139                   /usr/lib/x86_64-linux-gnu/libmd.so.0.1.0
76ca87915000-76ca87919000 r--p 00000000 103:02 9710819                   /usr/lib/x86_64-linux-gnu/libbsd.so.0.12.1
76ca87919000-76ca87925000 r-xp 00004000 103:02 9710819                   /usr/lib/x86_64-linux-gnu/libbsd.so.0.12.1
76ca87925000-76ca87928000 r--p 00010000 103:02 9710819                   /usr/lib/x86_64-linux-gnu/libbsd.so.0.12.1
76ca87928000-76ca87929000 r--p 00012000 103:02 9710819                   /usr/lib/x86_64-linux-gnu/libbsd.so.0.12.1
76ca87929000-76ca8792a000 rw-p 00013000 103:02 9710819                   /usr/lib/x86_64-linux-gnu/libbsd.so.0.12.1
76ca8792a000-76ca8792b000 rw-p 00000000 00:00 0 
76ca8792b000-76ca8792c000 r--p 00000000 103:02 9710816                   /usr/lib/x86_64-linux-gnu/libbrotlicommon.so.1.1.0
76ca8792c000-76ca8792d000 r-xp 00001000 103:02 9710816                   /usr/lib/x86_64-linux-gnu/libbrotlicommon.so.1.1.0
76ca8792d000-76ca8794c000 r--p 00002000 103:02 9710816                   /usr/lib/x86_64-linux-gnu/libbrotlicommon.so.1.1.0
76ca8794c000-76ca8794d000 r--p 00021000 103:02 9710816                   /usr/lib/x86_64-linux-gnu/libbrotlicommon.so.1.1.0
76ca8794d000-76ca8794e000 rw-p 00022000 103:02 9710816                   /usr/lib/x86_64-linux-gnu/libbrotlicommon.so.1.1.0
76ca8794e000-76ca87955000 r--p 00000000 103:02 9700731                   /usr/lib/x86_64-linux-gnu/libblkid.so.1.1.0
76ca87955000-76ca87979000 r-xp 00007000 103:02 9700731                   /usr/lib/x86_64-linux-gnu/libblkid.so.1.1.0
76ca87979000-76ca87982000 r--p 0002b000 103:02 9700731                   /usr/lib/x86_64-linux-gnu/libblkid.so.1.1.0
76ca87982000-76ca87988000 r--p 00033000 103:02 9700731                   /usr/lib/x86_64-linux-gnu/libblkid.so.1.1.0
76ca87988000-76ca87989000 rw-p 00039000 103:02 9700731                   /usr/lib/x86_64-linux-gnu/libblkid.so.1.1.0
76ca87989000-76ca8798c000 r--p 00000000 103:02 9711006                   /usr/lib/x86_64-linux-gnu/libgraphite2.so.3.2.1
76ca8798c000-76ca879a9000 r-xp 00003000 103:02 9711006                   /usr/lib/x86_64-linux-gnu/libgraphite2.so.3.2.1
76ca879a9000-76ca879ac000 r--p 00020000 103:02 9711006                   /usr/lib/x86_64-linux-gnu/libgraphite2.so.3.2.1
76ca879ac000-76ca879ae000 r--p 00022000 103:02 9711006                   /usr/lib/x86_64-linux-gnu/libgraphite2.so.3.2.1
76ca879ae000-76ca879af000 rw-p 00024000 103:02 9711006                   /usr/lib/x86_64-linux-gnu/libgraphite2.so.3.2.1
76ca879af000-76ca879b1000 r--p 00000000 103:02 9710860                   /usr/lib/x86_64-linux-gnu/libdatrie.so.1.4.0
76ca879b1000-76ca879b5000 r-xp 00002000 103:02 9710860                   /usr/lib/x86_64-linux-gnu/libdatrie.so.1.4.0
76ca879b5000-76ca879b6000 r--p 00006000 103:02 9710860                   /usr/lib/x86_64-linux-gnu/libdatrie.so.1.4.0
76ca879b6000-76ca879b7000 r--p 00006000 103:02 9710860                   /usr/lib/x86_64-linux-gnu/libdatrie.so.1.4.0
76ca879b7000-76ca879b8000 rw-p 00007000 103:02 9710860                   /usr/lib/x86_64-linux-gnu/libdatrie.so.1.4.0
76ca879b8000-76ca879ba000 r--p 00000000 103:02 9710677                   /usr/lib/x86_64-linux-gnu/libXdmcp.so.6.0.0
76ca879ba000-76ca879bc000 r-xp 00002000 103:02 9710677                   /usr/lib/x86_64-linux-gnu/libXdmcp.so.6.0.0
76ca879bc000-76ca879be000 r--p 00004000 103:02 9710677                   /usr/lib/x86_64-linux-gnu/libXdmcp.so.6.0.0
76ca879be000-76ca879bf000 r--p 00005000 103:02 9710677                   /usr/lib/x86_64-linux-gnu/libXdmcp.so.6.0.0
76ca879bf000-76ca879c0000 rw-p 00006000 103:02 9710677                   /usr/lib/x86_64-linux-gnu/libXdmcp.so.6.0.0
76ca879c0000-76ca879c1000 r--p 00000000 103:02 9710817                   /usr/lib/x86_64-linux-gnu/libbrotlidec.so.1.1.0
76ca879c1000-76ca879c9000 r-xp 00001000 103:02 9710817                   /usr/lib/x86_64-linux-gnu/libbrotlidec.so.1.1.0
76ca879c9000-76ca879cc000 r--p 00009000 103:02 9710817                   /usr/lib/x86_64-linux-gnu/libbrotlidec.so.1.1.0
76ca879cc000-76ca879cd000 r--p 0000b000 103:02 9710817                   /usr/lib/x86_64-linux-gnu/libbrotlidec.so.1.1.0
76ca879cd000-76ca879ce000 rw-p 0000c000 103:02 9710817                   /usr/lib/x86_64-linux-gnu/libbrotlidec.so.1.1.0
76ca879ce000-76ca879d0000 r--p 00000000 103:02 9710821                   /usr/lib/x86_64-linux-gnu/libbz2.so.1.0.4
76ca879d0000-76ca879de000 r-xp 00002000 103:02 9710821                   /usr/lib/x86_64-linux-gnu/libbz2.so.1.0.4
76ca879de000-76ca879e0000 r--p 00010000 103:02 9710821                   /usr/lib/x86_64-linux-gnu/libbz2.so.1.0.4
76ca879e0000-76ca879e1000 r--p 00011000 103:02 9710821                   /usr/lib/x86_64-linux-gnu/libbz2.so.1.0.4
76ca879e1000-76ca879e2000 rw-p 00012000 103:02 9710821                   /usr/lib/x86_64-linux-gnu/libbz2.so.1.0.4
76ca879e2000-76ca879ea000 r--p 00000000 103:02 9711231                   /usr/lib/x86_64-linux-gnu/libpangoft2-1.0.so.0.5200.1
76ca879ea000-76ca879f7000 r-xp 00008000 103:02 9711231                   /usr/lib/x86_64-linux-gnu/libpangoft2-1.0.so.0.5200.1
76ca879f7000-76ca879fb000 r--p 00015000 103:02 9711231                   /usr/lib/x86_64-linux-gnu/libpangoft2-1.0.so.0.5200.1
76ca879fb000-76ca879fc000 r--p 00019000 103:02 9711231                   /usr/lib/x86_64-linux-gnu/libpangoft2-1.0.so.0.5200.1
76ca879fc000-76ca879fd000 rw-p 0001a000 103:02 9711231                   /usr/lib/x86_64-linux-gnu/libpangoft2-1.0.so.0.5200.1
76ca879fd000-76ca87a03000 r--p 00000000 103:02 9711314                   /usr/lib/x86_64-linux-gnu/libselinux.so.1
76ca87a03000-76ca87a20000 r-xp 00006000 103:02 9711314                   /usr/lib/x86_64-linux-gnu/libselinux.so.1
76ca87a20000-76ca87a26000 r--p 00023000 103:02 9711314                   /usr/lib/x86_64-linux-gnu/libselinux.so.1
76ca87a26000-76ca87a27000 r--p 00029000 103:02 9711314                   /usr/lib/x86_64-linux-gnu/libselinux.so.1
76ca87a27000-76ca87a28000 rw-p 0002a000 103:02 9711314                   /usr/lib/x86_64-linux-gnu/libselinux.so.1
76ca87a28000-76ca87a2a000 rw-p 00000000 00:00 0 
76ca87a2a000-76ca87a33000 r--p 00000000 103:02 9700739                   /usr/lib/x86_64-linux-gnu/libmount.so.1.1.0
76ca87a33000-76ca87a67000 r-xp 00009000 103:02 9700739                   /usr/lib/x86_64-linux-gnu/libmount.so.1.1.0
76ca87a67000-76ca87a74000 r--p 0003d000 103:02 9700739                   /usr/lib/x86_64-linux-gnu/libmount.so.1.1.0
76ca87a74000-76ca87a76000 r--p 00049000 103:02 9700739                   /usr/lib/x86_64-linux-gnu/libmount.so.1.1.0
76ca87a76000-76ca87a77000 rw-p 0004b000 103:02 9700739                   /usr/lib/x86_64-linux-gnu/libmount.so.1.1.0
76ca87a77000-76ca87a7b000 r--p 00000000 103:02 9721889                   /usr/lib/x86_64-linux-gnu/libexpat.so.1.9.1
76ca87a7b000-76ca87a98000 r-xp 00004000 103:02 9721889                   /usr/lib/x86_64-linux-gnu/libexpat.so.1.9.1
76ca87a98000-76ca87aa0000 r--p 00021000 103:02 9721889                   /usr/lib/x86_64-linux-gnu/libexpat.so.1.9.1
76ca87aa0000-76ca87aa2000 r--p 00028000 103:02 9721889                   /usr/lib/x86_64-linux-gnu/libexpat.so.1.9.1
76ca87aa2000-76ca87aa3000 rw-p 0002a000 103:02 9721889                   /usr/lib/x86_64-linux-gnu/libexpat.so.1.9.1
76ca87aa3000-76ca87aae000 r--p 00000000 103:02 9711050                   /usr/lib/x86_64-linux-gnu/libharfbuzz.so.0.60830.0
76ca87aae000-76ca87b7c000 r-xp 0000b000 103:02 9711050                   /usr/lib/x86_64-linux-gnu/libharfbuzz.so.0.60830.0
76ca87b7c000-76ca87bae000 r--p 000d9000 103:02 9711050                   /usr/lib/x86_64-linux-gnu/libharfbuzz.so.0.60830.0
76ca87bae000-76ca87baf000 r--p 0010b000 103:02 9711050                   /usr/lib/x86_64-linux-gnu/libharfbuzz.so.0.60830.0
76ca87baf000-76ca87bb0000 rw-p 0010c000 103:02 9711050                   /usr/lib/x86_64-linux-gnu/libharfbuzz.so.0.60830.0
76ca87bb0000-76ca87bb2000 r--p 00000000 103:02 9711363                   /usr/lib/x86_64-linux-gnu/libthai.so.0.3.1
76ca87bb2000-76ca87bb6000 r-xp 00002000 103:02 9711363                   /usr/lib/x86_64-linux-gnu/libthai.so.0.3.1
76ca87bb6000-76ca87bb9000 r--p 00006000 103:02 9711363                   /usr/lib/x86_64-linux-gnu/libthai.so.0.3.1
76ca87bb9000-76ca87bba000 r--p 00008000 103:02 9711363                   /usr/lib/x86_64-linux-gnu/libthai.so.0.3.1
76ca87bba000-76ca87bbb000 rw-p 00009000 103:02 9711363                   /usr/lib/x86_64-linux-gnu/libthai.so.0.3.1
76ca87bbb000-76ca87bc5000 r--p 00000000 103:02 9711252                   /usr/lib/x86_64-linux-gnu/libpixman-1.so.0.42.2
76ca87bc5000-76ca87c52000 r-xp 0000a000 103:02 9711252                   /usr/lib/x86_64-linux-gnu/libpixman-1.so.0.42.2
76ca87c52000-76ca87c61000 r--p 00097000 103:02 9711252                   /usr/lib/x86_64-linux-gnu/libpixman-1.so.0.42.2
76ca87c61000-76ca87c69000 r--p 000a5000 103:02 9711252                   /usr/lib/x86_64-linux-gnu/libpixman-1.so.0.42.2
76ca87c69000-76ca87c6a000 rw-p 000ad000 103:02 9711252                   /usr/lib/x86_64-linux-gnu/libpixman-1.so.0.42.2
76ca87c6a000-76ca87c6f000 r--p 00000000 103:02 9711458                   /usr/lib/x86_64-linux-gnu/libxcb-render.so.0.0.0
76ca87c6f000-76ca87c74000 r-xp 00005000 103:02 9711458                   /usr/lib/x86_64-linux-gnu/libxcb-render.so.0.0.0
76ca87c74000-76ca87c77000 r--p 0000a000 103:02 9711458                   /usr/lib/x86_64-linux-gnu/libxcb-render.so.0.0.0
76ca87c77000-76ca87c78000 r--p 0000c000 103:02 9711458                   /usr/lib/x86_64-linux-gnu/libxcb-render.so.0.0.0
76ca87c78000-76ca87c79000 rw-p 0000d000 103:02 9711458                   /usr/lib/x86_64-linux-gnu/libxcb-render.so.0.0.0
76ca87c79000-76ca87c84000 r--p 00000000 103:02 9711467                   /usr/lib/x86_64-linux-gnu/libxcb.so.1.1.0
76ca87c84000-76ca87c97000 r-xp 0000b000 103:02 9711467                   /usr/lib/x86_64-linux-gnu/libxcb.so.1.1.0
76ca87c97000-76ca87ca0000 r--p 0001e000 103:02 9711467                   /usr/lib/x86_64-linux-gnu/libxcb.so.1.1.0
76ca87ca0000-76ca87ca1000 r--p 00026000 103:02 9711467                   /usr/lib/x86_64-linux-gnu/libxcb.so.1.1.0
76ca87ca1000-76ca87ca2000 rw-p 00027000 103:02 9711467                   /usr/lib/x86_64-linux-gnu/libxcb.so.1.1.0
76ca87ca2000-76ca87caf000 r--p 00000000 103:02 9699666                   /usr/lib/x86_64-linux-gnu/libfreetype.so.6.20.1
76ca87caf000-76ca87d40000 r-xp 0000d000 103:02 9699666                   /usr/lib/x86_64-linux-gnu/libfreetype.so.6.20.1
76ca87d40000-76ca87d66000 r--p 0009e000 103:02 9699666                   /usr/lib/x86_64-linux-gnu/libfreetype.so.6.20.1
76ca87d66000-76ca87d6d000 r--p 000c4000 103:02 9699666                   /usr/lib/x86_64-linux-gnu/libfreetype.so.6.20.1
76ca87d6d000-76ca87d6e000 rw-p 000cb000 103:02 9699666                   /usr/lib/x86_64-linux-gnu/libfreetype.so.6.20.1
76ca87d6e000-76ca87d70000 r--p 00000000 103:02 9711243                   /usr/lib/x86_64-linux-gnu/libpcre2-8.so.0.11.2
76ca87d70000-76ca87dde000 r-xp 00002000 103:02 9711243                   /usr/lib/x86_64-linux-gnu/libpcre2-8.so.0.11.2
76ca87dde000-76ca87e06000 r--p 00070000 103:02 9711243                   /usr/lib/x86_64-linux-gnu/libpcre2-8.so.0.11.2
76ca87e06000-76ca87e07000 r--p 00097000 103:02 9711243                   /usr/lib/x86_64-linux-gnu/libpcre2-8.so.0.11.2
76ca87e07000-76ca87e08000 rw-p 00098000 103:02 9711243                   /usr/lib/x86_64-linux-gnu/libpcre2-8.so.0.11.2
76ca87e08000-76ca87e0c000 r--p 00000000 103:02 9711100                   /usr/lib/x86_64-linux-gnu/libjpeg.so.8.2.2
76ca87e0c000-76ca87e59000 r-xp 00004000 103:02 9711100                   /usr/lib/x86_64-linux-gnu/libjpeg.so.8.2.2
76ca87e59000-76ca87e89000 r--p 00051000 103:02 9711100                   /usr/lib/x86_64-linux-gnu/libjpeg.so.8.2.2
76ca87e89000-76ca87e8a000 r--p 00081000 103:02 9711100                   /usr/lib/x86_64-linux-gnu/libjpeg.so.8.2.2
76ca87e8a000-76ca87e8b000 rw-p 00082000 103:02 9711100                   /usr/lib/x86_64-linux-gnu/libjpeg.so.8.2.2
76ca87e8b000-76ca87e90000 r--p 00000000 103:02 9717809                   /usr/lib/x86_64-linux-gnu/libpng16.so.16.43.0
76ca87e90000-76ca87eb8000 r-xp 00005000 103:02 9717809                   /usr/lib/x86_64-linux-gnu/libpng16.so.16.43.0
76ca87eb8000-76ca87ec1000 r--p 0002d000 103:02 9717809                   /usr/lib/x86_64-linux-gnu/libpng16.so.16.43.0
76ca87ec1000-76ca87ec2000 r--p 00035000 103:02 9717809                   /usr/lib/x86_64-linux-gnu/libpng16.so.16.43.0
76ca87ec2000-76ca87ec3000 rw-p 00036000 103:02 9717809                   /usr/lib/x86_64-linux-gnu/libpng16.so.16.43.0
76ca87ec3000-76ca87edc000 r--p 00000000 103:02 9710670                   /usr/lib/x86_64-linux-gnu/libX11.so.6.4.0
76ca87edc000-76ca87f6c000 r-xp 00019000 103:02 9710670                   /usr/lib/x86_64-linux-gnu/libX11.so.6.4.0
76ca87f6c000-76ca87ffb000 r--p 000a9000 103:02 9710670                   /usr/lib/x86_64-linux-gnu/libX11.so.6.4.0
76ca87ffb000-76ca87ffc000 r--p 00138000 103:02 9710670                   /usr/lib/x86_64-linux-gnu/libX11.so.6.4.0
76ca87ffc000-76ca88000000 rw-p 00139000 103:02 9710670                   /usr/lib/x86_64-linux-gnu/libX11.so.6.4.0
76ca88000000-76ca88021000 rw-p 00000000 00:00 0 
76ca88021000-76ca8c000000 ---p 00000000 00:00 0 
76ca8c000000-76ca8da00000 rw-p 00000000 00:00 0 
76ca8da00000-76ca90000000 ---p 00000000 00:00 0 
76ca90000000-76ca90d22000 rw-p 00000000 00:00 0 
76ca90d22000-76ca94000000 ---p 00000000 00:00 0 
76ca94000000-76ca94021000 rw-p 00000000 00:00 0 
76ca94021000-76ca98000000 ---p 00000000 00:00 0 
76ca98000000-76ca9bfaa000 rw-p 00000000 00:00 0 
76ca9bfaa000-76ca9c000000 ---p 00000000 00:00 0 
76ca9c000000-76ca9d747000 rw-p 00000000 00:00 0 
76ca9d747000-76caa0000000 ---p 00000000 00:00 0 
76caa0000000-76caa029f000 rw-p 00000000 00:00 0 
76caa029f000-76caa4000000 ---p 00000000 00:00 0 
76caa4000000-76caa4021000 rw-p 00000000 00:00 0 
76caa4021000-76caa8000000 ---p 00000000 00:00 0 
76caa8000000-76caa8021000 rw-p 00000000 00:00 0 
76caa8021000-76caac000000 ---p 00000000 00:00 0 
76caac000000-76caac036000 rw-p 00000000 00:00 0 
76caac036000-76cab0000000 ---p 00000000 00:00 0 
76cab0000000-76cab0178000 rw-p 00000000 00:00 0 
76cab0178000-76cab4000000 ---p 00000000 00:00 0 
76cab4000000-76cab4708000 rw-p 00000000 00:00 0 
76cab4708000-76cab8000000 ---p 00000000 00:00 0 
76cab8000000-76cab8400000 rw-p 00000000 00:00 0 
76cab8400000-76cab8780000 rw-p 00000000 00:00 0 
76cab8780000-76cab8900000 rw-p 00000000 00:00 0 
76cab8900000-76cab8c00000 rw-p 00000000 00:00 0 
76cab8c00000-76cab8d80000 rw-p 00000000 00:00 0 
76cab8d80000-76cab8f00000 rw-p 00000000 00:00 0 
76cab8f00000-76cab9000000 rw-p 00000000 00:00 0 
76cab9000000-76cab9100000 rw-p 00000000 00:00 0 
76cab9100000-76cab9200000 rw-p 00000000 00:00 0 
76cab9200000-76cab9b00000 rw-p 00000000 00:00 0 
76cab9b00000-76cab9c00000 rw-p 00000000 00:00 0 
76cab9c00000-76caba180000 rw-p 00000000 00:00 0 
76caba180000-76caba200000 rw-p 00000000 00:00 0 
76caba200000-76caba300000 rw-p 00000000 00:00 0 
76caba300000-76caba400000 rw-p 00000000 00:00 0 
76caba400000-76caba780000 rw-p 00000000 00:00 0 
76caba780000-76caba800000 rw-p 00000000 00:00 0 
76caba800000-76cabad00000 rw-p 00000000 00:00 0 
76cabad00000-76cabae00000 rw-p 00000000 00:00 0 
76cabae00000-76cabbb00000 rw-p 00000000 00:00 0 
76cabbb00000-76cabbc00000 rw-p 00000000 00:00 0 
76cabbc00000-76cabc000000 rw-p 00000000 00:00 0 
76cabc000000-76cabc935000 rw-p 00000000 00:00 0 
76cabc935000-76cac0000000 ---p 00000000 00:00 0 
76cac0000000-76cac0001000 r--p 00000000 103:02 9710672                   /usr/lib/x86_64-linux-gnu/libXau.so.6.0.0
76cac0001000-76cac0003000 r-xp 00001000 103:02 9710672                   /usr/lib/x86_64-linux-gnu/libXau.so.6.0.0
76cac0003000-76cac0004000 r--p 00003000 103:02 9710672                   /usr/lib/x86_64-linux-gnu/libXau.so.6.0.0
76cac0004000-76cac0005000 r--p 00003000 103:02 9710672                   /usr/lib/x86_64-linux-gnu/libXau.so.6.0.0
76cac0005000-76cac0006000 rw-p 00004000 103:02 9710672                   /usr/lib/x86_64-linux-gnu/libXau.so.6.0.0
76cac0006000-76cac0007000 r--p 00000000 103:02 9711461                   /usr/lib/x86_64-linux-gnu/libxcb-shm.so.0.0.0
76cac0007000-76cac0008000 r-xp 00001000 103:02 9711461                   /usr/lib/x86_64-linux-gnu/libxcb-shm.so.0.0.0
76cac0008000-76cac0009000 r--p 00002000 103:02 9711461                   /usr/lib/x86_64-linux-gnu/libxcb-shm.so.0.0.0
76cac0009000-76cac000a000 r--p 00002000 103:02 9711461                   /usr/lib/x86_64-linux-gnu/libxcb-shm.so.0.0.0
76cac000a000-76cac000b000 rw-p 00003000 103:02 9711461                   /usr/lib/x86_64-linux-gnu/libxcb-shm.so.0.0.0
76cac000b000-76cac000d000 r--p 00000000 103:02 9710688                   /usr/lib/x86_64-linux-gnu/libXrender.so.1.3.0
76cac000d000-76cac0014000 r-xp 00002000 103:02 9710688                   /usr/lib/x86_64-linux-gnu/libXrender.so.1.3.0
76cac0014000-76cac0015000 r--p 00009000 103:02 9710688                   /usr/lib/x86_64-linux-gnu/libXrender.so.1.3.0
76cac0015000-76cac0016000 r--p 00009000 103:02 9710688                   /usr/lib/x86_64-linux-gnu/libXrender.so.1.3.0
76cac0016000-76cac0017000 rw-p 0000a000 103:02 9710688                   /usr/lib/x86_64-linux-gnu/libXrender.so.1.3.0
76cac0017000-76cac0019000 r--p 00000000 103:02 9710927                   /usr/lib/x86_64-linux-gnu/libffi.so.8.1.4
76cac0019000-76cac0020000 r-xp 00002000 103:02 9710927                   /usr/lib/x86_64-linux-gnu/libffi.so.8.1.4
76cac0020000-76cac0021000 r--p 00009000 103:02 9710927                   /usr/lib/x86_64-linux-gnu/libffi.so.8.1.4
76cac0021000-76cac0022000 r--p 0000a000 103:02 9710927                   /usr/lib/x86_64-linux-gnu/libffi.so.8.1.4
76cac0022000-76cac0023000 rw-p 0000b000 103:02 9710927                   /usr/lib/x86_64-linux-gnu/libffi.so.8.1.4
76cac0023000-76cac0025000 r--p 00000000 103:02 9711546                   /usr/lib/x86_64-linux-gnu/libgmodule-2.0.so.0.8000.0
76cac0025000-76cac0027000 r-xp 00002000 103:02 9711546                   /usr/lib/x86_64-linux-gnu/libgmodule-2.0.so.0.8000.0
76cac0027000-76cac0028000 r--p 00004000 103:02 9711546                   /usr/lib/x86_64-linux-gnu/libgmodule-2.0.so.0.8000.0
76cac0028000-76cac0029000 r--p 00004000 103:02 9711546                   /usr/lib/x86_64-linux-gnu/libgmodule-2.0.so.0.8000.0
76cac0029000-76cac002a000 rw-p 00005000 103:02 9711546                   /usr/lib/x86_64-linux-gnu/libgmodule-2.0.so.0.8000.0
76cac002a000-76cac002b000 r--p 00000000 103:02 9710683                   /usr/lib/x86_64-linux-gnu/libXinerama.so.1.0.0
76cac002b000-76cac002c000 r-xp 00001000 103:02 9710683                   /usr/lib/x86_64-linux-gnu/libXinerama.so.1.0.0
76cac002c000-76cac002d000 r--p 00002000 103:02 9710683                   /usr/lib/x86_64-linux-gnu/libXinerama.so.1.0.0
76cac002d000-76cac002e000 r--p 00002000 103:02 9710683                   /usr/lib/x86_64-linux-gnu/libXinerama.so.1.0.0
76cac002e000-76cac002f000 rw-p 00003000 103:02 9710683                   /usr/lib/x86_64-linux-gnu/libXinerama.so.1.0.0
76cac002f000-76cac0031000 r--p 00000000 103:02 9710687                   /usr/lib/x86_64-linux-gnu/libXrandr.so.2.2.0
76cac0031000-76cac0038000 r-xp 00002000 103:02 9710687                   /usr/lib/x86_64-linux-gnu/libXrandr.so.2.2.0
76cac0038000-76cac003a000 r--p 00009000 103:02 9710687                   /usr/lib/x86_64-linux-gnu/libXrandr.so.2.2.0
76cac003a000-76cac003b000 r--p 0000a000 103:02 9710687                   /usr/lib/x86_64-linux-gnu/libXrandr.so.2.2.0
76cac003b000-76cac003c000 rw-p 0000b000 103:02 9710687                   /usr/lib/x86_64-linux-gnu/libXrandr.so.2.2.0
76cac003c000-76cac003d000 r--p 00000000 103:02 9710674                   /usr/lib/x86_64-linux-gnu/libXcomposite.so.1.0.0
76cac003d000-76cac003e000 r-xp 00001000 103:02 9710674                   /usr/lib/x86_64-linux-gnu/libXcomposite.so.1.0.0
76cac003e000-76cac003f000 r--p 00002000 103:02 9710674                   /usr/lib/x86_64-linux-gnu/libXcomposite.so.1.0.0
76cac003f000-76cac0040000 r--p 00002000 103:02 9710674                   /usr/lib/x86_64-linux-gnu/libXcomposite.so.1.0.0
76cac0040000-76cac0041000 rw-p 00003000 103:02 9710674                   /usr/lib/x86_64-linux-gnu/libXcomposite.so.1.0.0
76cac0041000-76cac0043000 r--p 00000000 103:02 9710679                   /usr/lib/x86_64-linux-gnu/libXfixes.so.3.1.0
76cac0043000-76cac0046000 r-xp 00002000 103:02 9710679                   /usr/lib/x86_64-linux-gnu/libXfixes.so.3.1.0
76cac0046000-76cac0047000 r--p 00005000 103:02 9710679                   /usr/lib/x86_64-linux-gnu/libXfixes.so.3.1.0
76cac0047000-76cac0048000 r--p 00005000 103:02 9710679                   /usr/lib/x86_64-linux-gnu/libXfixes.so.3.1.0
76cac0048000-76cac0049000 rw-p 00006000 103:02 9710679                   /usr/lib/x86_64-linux-gnu/libXfixes.so.3.1.0
76cac0049000-76cac004d000 r--p 00000000 103:02 9710678                   /usr/lib/x86_64-linux-gnu/libXext.so.6.4.0
76cac004d000-76cac0058000 r-xp 00004000 103:02 9710678                   /usr/lib/x86_64-linux-gnu/libXext.so.6.4.0
76cac0058000-76cac005b000 r--p 0000f000 103:02 9710678                   /usr/lib/x86_64-linux-gnu/libXext.so.6.4.0
76cac005b000-76cac005c000 r--p 00011000 103:02 9710678                   /usr/lib/x86_64-linux-gnu/libXext.so.6.4.0
76cac005c000-76cac005d000 rw-p 00012000 103:02 9710678                   /usr/lib/x86_64-linux-gnu/libXext.so.6.4.0
76cac005d000-76cac0060000 r--p 00000000 103:02 9710682                   /usr/lib/x86_64-linux-gnu/libXi.so.6.1.0
76cac0060000-76cac006c000 r-xp 00003000 103:02 9710682                   /usr/lib/x86_64-linux-gnu/libXi.so.6.1.0
76cac006c000-76cac006e000 r--p 0000f000 103:02 9710682                   /usr/lib/x86_64-linux-gnu/libXi.so.6.1.0
76cac006e000-76cac006f000 r--p 00011000 103:02 9710682                   /usr/lib/x86_64-linux-gnu/libXi.so.6.1.0
76cac006f000-76cac0070000 rw-p 00012000 103:02 9710682                   /usr/lib/x86_64-linux-gnu/libXi.so.6.1.0
76cac0070000-76cac0075000 r--p 00000000 103:02 9711425                   /usr/lib/x86_64-linux-gnu/libwayland-client.so.0.22.0
76cac0075000-76cac007b000 r-xp 00005000 103:02 9711425                   /usr/lib/x86_64-linux-gnu/libwayland-client.so.0.22.0
76cac007b000-76cac007d000 r--p 0000b000 103:02 9711425                   /usr/lib/x86_64-linux-gnu/libwayland-client.so.0.22.0
76cac007d000-76cac007f000 r--p 0000d000 103:02 9711425                   /usr/lib/x86_64-linux-gnu/libwayland-client.so.0.22.0
76cac007f000-76cac0080000 rw-p 0000f000 103:02 9711425                   /usr/lib/x86_64-linux-gnu/libwayland-client.so.0.22.0
76cac0080000-76cac0085000 r--p 00000000 103:02 9711470                   /usr/lib/x86_64-linux-gnu/libxkbcommon.so.0.0.0
76cac0085000-76cac00a5000 r-xp 00005000 103:02 9711470                   /usr/lib/x86_64-linux-gnu/libxkbcommon.so.0.0.0
76cac00a5000-76cac00c6000 r--p 00025000 103:02 9711470                   /usr/lib/x86_64-linux-gnu/libxkbcommon.so.0.0.0
76cac00c6000-76cac00c8000 r--p 00045000 103:02 9711470                   /usr/lib/x86_64-linux-gnu/libxkbcommon.so.0.0.0
76cac00c8000-76cac00c9000 rw-p 00047000 103:02 9711470                   /usr/lib/x86_64-linux-gnu/libxkbcommon.so.0.0.0
76cac00c9000-76cac0102000 r--p 00000000 103:02 9711357                   /usr/lib/x86_64-linux-gnu/libgio-2.0.so.0.8000.0
76cac0102000-76cac0219000 r-xp 00039000 103:02 9711357                   /usr/lib/x86_64-linux-gnu/libgio-2.0.so.0.8000.0
76cac0219000-76cac028e000 r--p 00150000 103:02 9711357                   /usr/lib/x86_64-linux-gnu/libgio-2.0.so.0.8000.0
76cac028e000-76cac0296000 r--p 001c4000 103:02 9711357                   /usr/lib/x86_64-linux-gnu/libgio-2.0.so.0.8000.0
76cac0296000-76cac0297000 rw-p 001cc000 103:02 9711357                   /usr/lib/x86_64-linux-gnu/libgio-2.0.so.0.8000.0
76cac0297000-76cac0299000 rw-p 00000000 00:00 0 
76cac0299000-76cac02a1000 r--p 00000000 103:02 9710933                   /usr/lib/x86_64-linux-gnu/libfontconfig.so.1.12.1
76cac02a1000-76cac02d0000 r-xp 00008000 103:02 9710933                   /usr/lib/x86_64-linux-gnu/libfontconfig.so.1.12.1
76cac02d0000-76cac02e7000 r--p 00037000 103:02 9710933                   /usr/lib/x86_64-linux-gnu/libfontconfig.so.1.12.1
76cac02e7000-76cac02e9000 r--p 0004d000 103:02 9710933                   /usr/lib/x86_64-linux-gnu/libfontconfig.so.1.12.1
76cac02e9000-76cac02ea000 rw-p 0004f000 103:02 9710933                   /usr/lib/x86_64-linux-gnu/libfontconfig.so.1.12.1
76cac02ea000-76cac034a000 r--p 00000000 103:02 9710912                   /usr/lib/x86_64-linux-gnu/libepoxy.so.0.0.0
76cac034a000-76cac03b0000 r-xp 00060000 103:02 9710912                   /usr/lib/x86_64-linux-gnu/libepoxy.so.0.0.0
76cac03b0000-76cac03fe000 r--p 000c6000 103:02 9710912                   /usr/lib/x86_64-linux-gnu/libepoxy.so.0.0.0
76cac03fe000-76cac0406000 r--p 00113000 103:02 9710912                   /usr/lib/x86_64-linux-gnu/libepoxy.so.0.0.0
76cac0406000-76cac040d000 rw-p 0011b000 103:02 9710912                   /usr/lib/x86_64-linux-gnu/libepoxy.so.0.0.0
76cac040d000-76cac0420000 r--p 00000000 103:02 9711229                   /usr/lib/x86_64-linux-gnu/libpango-1.0.so.0.5200.1
76cac0420000-76cac0459000 r-xp 00013000 103:02 9711229                   /usr/lib/x86_64-linux-gnu/libpango-1.0.so.0.5200.1
76cac0459000-76cac0473000 r--p 0004c000 103:02 9711229                   /usr/lib/x86_64-linux-gnu/libpango-1.0.so.0.5200.1
76cac0473000-76cac0477000 r--p 00065000 103:02 9711229                   /usr/lib/x86_64-linux-gnu/libpango-1.0.so.0.5200.1
76cac0477000-76cac0478000 rw-p 00069000 103:02 9711229                   /usr/lib/x86_64-linux-gnu/libpango-1.0.so.0.5200.1
76cac0478000-76cac048c000 r--p 00000000 103:02 9710828                   /usr/lib/x86_64-linux-gnu/libcairo.so.2.11800.0
76cac048c000-76cac057d000 r-xp 00014000 103:02 9710828                   /usr/lib/x86_64-linux-gnu/libcairo.so.2.11800.0
76cac057d000-76cac05b5000 r--p 00105000 103:02 9710828                   /usr/lib/x86_64-linux-gnu/libcairo.so.2.11800.0
76cac05b5000-76cac05b9000 r--p 0013d000 103:02 9710828                   /usr/lib/x86_64-linux-gnu/libcairo.so.2.11800.0
76cac05b9000-76cac05bb000 rw-p 00141000 103:02 9710828                   /usr/lib/x86_64-linux-gnu/libcairo.so.2.11800.0
76cac05bb000-76cac05bc000 rw-p 00000000 00:00 0 
76cac05bc000-76cac05da000 r--p 00000000 103:02 9711437                   /usr/lib/x86_64-linux-gnu/libglib-2.0.so.0.8000.0
76cac05da000-76cac067a000 r-xp 0001e000 103:02 9711437                   /usr/lib/x86_64-linux-gnu/libglib-2.0.so.0.8000.0
76cac067a000-76cac0702000 r--p 000be000 103:02 9711437                   /usr/lib/x86_64-linux-gnu/libglib-2.0.so.0.8000.0
76cac0702000-76cac0703000 r--p 00146000 103:02 9711437                   /usr/lib/x86_64-linux-gnu/libglib-2.0.so.0.8000.0
76cac0703000-76cac0704000 rw-p 00147000 103:02 9711437                   /usr/lib/x86_64-linux-gnu/libglib-2.0.so.0.8000.0
76cac0704000-76cac0705000 rw-p 00000000 00:00 0 
76cac0705000-76cac072f000 r--p 00000000 103:02 9710967                   /usr/lib/x86_64-linux-gnu/libgdk-3.so.0.2409.32
76cac072f000-76cac07b3000 r-xp 0002a000 103:02 9710967                   /usr/lib/x86_64-linux-gnu/libgdk-3.so.0.2409.32
76cac07b3000-76cac07f5000 r--p 000ae000 103:02 9710967                   /usr/lib/x86_64-linux-gnu/libgdk-3.so.0.2409.32
76cac07f5000-76cac07fe000 r--p 000ef000 103:02 9710967                   /usr/lib/x86_64-linux-gnu/libgdk-3.so.0.2409.32
76cac07fe000-76cac0800000 rw-p 000f8000 103:02 9710967                   /usr/lib/x86_64-linux-gnu/libgdk-3.so.0.2409.32
76cac0800000-76cac0810000 r-xp 00000000 103:02 27308132                  /home/romaric/TOS_BD-20211109_1610-V8.0.1/plugins/org.eclipse.equinox.launcher.gtk.linux.x86_64_1.2.200.v20210429-1609/eclipse_11401.so
76cac0810000-76cac0a0f000 ---p 00010000 103:02 27308132                  /home/romaric/TOS_BD-20211109_1610-V8.0.1/plugins/org.eclipse.equinox.launcher.gtk.linux.x86_64_1.2.200.v20210429-1609/eclipse_11401.so
76cac0a0f000-76cac0a10000 r--p 0000f000 103:02 27308132                  /home/romaric/TOS_BD-20211109_1610-V8.0.1/plugins/org.eclipse.equinox.launcher.gtk.linux.x86_64_1.2.200.v20210429-1609/eclipse_11401.so
76cac0a10000-76cac0a11000 rw-p 00010000 103:02 27308132                  /home/romaric/TOS_BD-20211109_1610-V8.0.1/plugins/org.eclipse.equinox.launcher.gtk.linux.x86_64_1.2.200.v20210429-1609/eclipse_11401.so
76cac0a11000-76cac0a13000 r--p 00000000 103:02 9710947                   /usr/lib/x86_64-linux-gnu/libfribidi.so.0.4.0
76cac0a13000-76cac0a17000 r-xp 00002000 103:02 9710947                   /usr/lib/x86_64-linux-gnu/libfribidi.so.0.4.0
76cac0a17000-76cac0a2d000 r--p 00006000 103:02 9710947                   /usr/lib/x86_64-linux-gnu/libfribidi.so.0.4.0
76cac0a2d000-76cac0a2e000 r--p 0001c000 103:02 9710947                   /usr/lib/x86_64-linux-gnu/libfribidi.so.0.4.0
76cac0a2e000-76cac0a2f000 rw-p 0001d000 103:02 9710947                   /usr/lib/x86_64-linux-gnu/libfribidi.so.0.4.0
76cac0a2f000-76cac0a33000 ---p 00000000 00:00 0 
76cac0a33000-76cac0b2f000 rw-p 00000000 00:00 0 
76cac0b2f000-76cac0b33000 ---p 00000000 00:00 0 
76cac0b33000-76cac0c2f000 rw-p 00000000 00:00 0 
76cac0c2f000-76cac0c33000 ---p 00000000 00:00 0 
76cac0c33000-76cac0d2f000 rw-p 00000000 00:00 0 
76cac0d2f000-76cac0d34000 r--p 00000000 103:02 10096564                  /usr/lib/jvm/java-21-openjdk-amd64/lib/libjsvml.so
76cac0d34000-76cac0d75000 r-xp 00005000 103:02 10096564                  /usr/lib/jvm/java-21-openjdk-amd64/lib/libjsvml.so
76cac0d75000-76cac0dfe000 r--p 00046000 103:02 10096564                  /usr/lib/jvm/java-21-openjdk-amd64/lib/libjsvml.so
76cac0dfe000-76cac0dff000 r--p 000ce000 103:02 10096564                  /usr/lib/jvm/java-21-openjdk-amd64/lib/libjsvml.so
76cac0dff000-76cac0e00000 rw-p 000cf000 103:02 10096564                  /usr/lib/jvm/java-21-openjdk-amd64/lib/libjsvml.so
76cac0e00000-76cac0e04000 ---p 00000000 00:00 0 
76cac0e04000-76cac0f00000 rw-p 00000000 00:00 0 
76cac0f00000-76cac0f04000 ---p 00000000 00:00 0 
76cac0f04000-76cac1000000 rw-p 00000000 00:00 0 
76cac1000000-76cac1c9c000 rw-p 00001000 103:02 10096592                  /usr/lib/jvm/java-21-openjdk-amd64/lib/server/classes.jsa
76cac1c9c000-76cac2000000 ---p 00000000 00:00 0 
76cac2000000-76cac2020000 rw-p 00000000 00:00 0 
76cac2020000-76cac2040000 rw-p 00000000 00:00 0 
76cac2040000-76cac2100000 rw-p 00000000 00:00 0 
76cac2100000-76cac21c0000 rw-p 00000000 00:00 0 
76cac21c0000-76cac2200000 rw-p 00000000 00:00 0 
76cac2200000-76cac2300000 rw-p 00000000 00:00 0 
76cac2300000-76cac2460000 rw-p 00000000 00:00 0 
76cac2460000-76cac2480000 rw-p 00000000 00:00 0 
76cac2480000-76cac2540000 rw-p 00000000 00:00 0 
76cac2540000-76cac2580000 rw-p 00000000 00:00 0 
76cac2580000-76cac27e0000 rw-p 00000000 00:00 0 
76cac27e0000-76cac2800000 rw-p 00000000 00:00 0 
76cac2800000-76cac2b50000 rw-p 00000000 00:00 0 
76cac2b50000-76cac2b80000 ---p 00000000 00:00 0 
76cac2b80000-76cac2fc0000 rw-p 00000000 00:00 0 
76cac2fc0000-76cac3000000 rw-p 00000000 00:00 0 
76cac3000000-76cac33c0000 rw-p 00000000 00:00 0 
76cac33c0000-76cac3400000 rw-p 00000000 00:00 0 
76cac3400000-76cac3e80000 rw-p 00000000 00:00 0 
76cac3e80000-76cadc000000 ---p 00000000 00:00 0 
76cadc000000-76cadc021000 rw-p 00000000 00:00 0 
76cadc021000-76cae0000000 ---p 00000000 00:00 0 
76cae0000000-76cae0021000 rw-p 00000000 00:00 0 
76cae0021000-76cae4000000 ---p 00000000 00:00 0 
76cae4000000-76cae4021000 rw-p 00000000 00:00 0 
76cae4021000-76cae8000000 ---p 00000000 00:00 0 
76cae8000000-76cae81ec000 rw-p 00000000 00:00 0 
76cae81ec000-76caec000000 ---p 00000000 00:00 0 
76caec000000-76caec077000 rw-p 00000000 00:00 0 
76caec077000-76caf0004000 ---p 00000000 00:00 0 
76caf0004000-76caf0100000 rw-p 00000000 00:00 0 
76caf0100000-76caf0104000 ---p 00000000 00:00 0 
76caf0104000-76caf0200000 rw-p 00000000 00:00 0 
76caf0200000-76caf0204000 ---p 00000000 00:00 0 
76caf0204000-76caf0300000 rw-p 00000000 00:00 0 
76caf0300000-76caf0304000 ---p 00000000 00:00 0 
76caf0304000-76caf0400000 rw-p 00000000 00:00 0 
76caf0400000-76caf0404000 ---p 00000000 00:00 0 
76caf0404000-76caf0500000 rw-p 00000000 00:00 0 
76caf0500000-76caf0504000 ---p 00000000 00:00 0 
76caf0504000-76caf0600000 rw-p 00000000 00:00 0 
76caf0600000-76caf0df2000 r--p 00000000 103:02 9699834                   /usr/lib/locale/locale-archive
76caf0df2000-76caf0df4000 r--p 00000000 103:02 9710675                   /usr/lib/x86_64-linux-gnu/libXcursor.so.1.0.2
76caf0df4000-76caf0dfa000 r-xp 00002000 103:02 9710675                   /usr/lib/x86_64-linux-gnu/libXcursor.so.1.0.2
76caf0dfa000-76caf0dfc000 r--p 00008000 103:02 9710675                   /usr/lib/x86_64-linux-gnu/libXcursor.so.1.0.2
76caf0dfc000-76caf0dfd000 r--p 00009000 103:02 9710675                   /usr/lib/x86_64-linux-gnu/libXcursor.so.1.0.2
76caf0dfd000-76caf0dfe000 rw-p 0000a000 103:02 9710675                   /usr/lib/x86_64-linux-gnu/libXcursor.so.1.0.2
76caf0dfe000-76caf0dff000 ---p 00000000 00:00 0 
76caf0dff000-76caf0eff000 rw-p 00000000 00:00 0 
76caf0eff000-76caf0f00000 ---p 00000000 00:00 0 
76caf0f00000-76caf1000000 rw-p 00000000 00:00 0 
76caf1000000-76caf3ce0000 rw-p 00000000 00:00 0 
76caf3ce0000-76caf4740000 ---p 00000000 00:00 0 
76caf4740000-76caf4800000 rw-p 00000000 00:00 0 
76caf4800000-76caf83d0000 rwxp 00000000 00:00 0 
76caf83d0000-76cafbd37000 ---p 00000000 00:00 0 
76cafbd37000-76cafbfb7000 rwxp 00000000 00:00 0 
76cafbfb7000-76cafc2c9000 ---p 00000000 00:00 0 
76cafc2c9000-76cafe4f9000 rwxp 00000000 00:00 0 
76cafe4f9000-76cb03800000 ---p 00000000 00:00 0 
76cb03800000-76cb0be3e000 r--s 00000000 103:02 10096590                  /usr/lib/jvm/java-21-openjdk-amd64/lib/modules
76cb0be3e000-76cb0be40000 r--p 00000000 103:02 9859108                   /usr/share/icons/Yaru-purple/icon-theme.cache
76cb0be40000-76cb0be42000 r--p 00000000 103:02 9711426                   /usr/lib/x86_64-linux-gnu/libwayland-cursor.so.0.22.0
76cb0be42000-76cb0be44000 r-xp 00002000 103:02 9711426                   /usr/lib/x86_64-linux-gnu/libwayland-cursor.so.0.22.0
76cb0be44000-76cb0be45000 r--p 00004000 103:02 9711426                   /usr/lib/x86_64-linux-gnu/libwayland-cursor.so.0.22.0
76cb0be45000-76cb0be46000 r--p 00004000 103:02 9711426                   /usr/lib/x86_64-linux-gnu/libwayland-cursor.so.0.22.0
76cb0be46000-76cb0be4a000 rw-p 00005000 103:02 9711426                   /usr/lib/x86_64-linux-gnu/libwayland-cursor.so.0.22.0
76cb0be4a000-76cb0be4f000 r--p 00000000 103:02 9711230                   /usr/lib/x86_64-linux-gnu/libpangocairo-1.0.so.0.5200.1
76cb0be4f000-76cb0be57000 r-xp 00005000 103:02 9711230                   /usr/lib/x86_64-linux-gnu/libpangocairo-1.0.so.0.5200.1
76cb0be57000-76cb0be59000 r--p 0000d000 103:02 9711230                   /usr/lib/x86_64-linux-gnu/libpangocairo-1.0.so.0.5200.1
76cb0be59000-76cb0be5a000 r--p 0000f000 103:02 9711230                   /usr/lib/x86_64-linux-gnu/libpangocairo-1.0.so.0.5200.1
76cb0be5a000-76cb0be5b000 rw-p 00010000 103:02 9711230                   /usr/lib/x86_64-linux-gnu/libpangocairo-1.0.so.0.5200.1
76cb0be5b000-76cb0be6a000 r--p 00000000 103:02 9712248                   /usr/lib/x86_64-linux-gnu/libgobject-2.0.so.0.8000.0
76cb0be6a000-76cb0bea1000 r-xp 0000f000 103:02 9712248                   /usr/lib/x86_64-linux-gnu/libgobject-2.0.so.0.8000.0
76cb0bea1000-76cb0beba000 r--p 00046000 103:02 9712248                   /usr/lib/x86_64-linux-gnu/libgobject-2.0.so.0.8000.0
76cb0beba000-76cb0bebd000 r--p 0005e000 103:02 9712248                   /usr/lib/x86_64-linux-gnu/libgobject-2.0.so.0.8000.0
76cb0bebd000-76cb0bebe000 rw-p 00061000 103:02 9712248                   /usr/lib/x86_64-linux-gnu/libgobject-2.0.so.0.8000.0
76cb0bebe000-76cb0bec6000 r--p 00000000 103:02 9750697                   /usr/lib/x86_64-linux-gnu/libgdk_pixbuf-2.0.so.0.4200.10
76cb0bec6000-76cb0bee1000 r-xp 00008000 103:02 9750697                   /usr/lib/x86_64-linux-gnu/libgdk_pixbuf-2.0.so.0.4200.10
76cb0bee1000-76cb0beea000 r--p 00023000 103:02 9750697                   /usr/lib/x86_64-linux-gnu/libgdk_pixbuf-2.0.so.0.4200.10
76cb0beea000-76cb0beeb000 r--p 0002c000 103:02 9750697                   /usr/lib/x86_64-linux-gnu/libgdk_pixbuf-2.0.so.0.4200.10
76cb0beeb000-76cb0beec000 rw-p 0002d000 103:02 9750697                   /usr/lib/x86_64-linux-gnu/libgdk_pixbuf-2.0.so.0.4200.10
76cb0beed000-76cb0bef0000 r--s 00000000 103:02 18881448                  /var/cache/fontconfig/16326683038b281783a0ef8c680e3a10-le64.cache-9
76cb0bef0000-76cb0bef4000 r--p 00000000 103:02 9710217                   /usr/lib/x86_64-linux-gnu/gio/modules/libdconfsettings.so
76cb0bef4000-76cb0befb000 r-xp 00004000 103:02 9710217                   /usr/lib/x86_64-linux-gnu/gio/modules/libdconfsettings.so
76cb0befb000-76cb0befd000 r--p 0000b000 103:02 9710217                   /usr/lib/x86_64-linux-gnu/gio/modules/libdconfsettings.so
76cb0befd000-76cb0befe000 r--p 0000d000 103:02 9710217                   /usr/lib/x86_64-linux-gnu/gio/modules/libdconfsettings.so
76cb0befe000-76cb0beff000 rw-p 0000e000 103:02 9710217                   /usr/lib/x86_64-linux-gnu/gio/modules/libdconfsettings.so
76cb0beff000-76cb0bf00000 ---p 00000000 00:00 0 
76cb0bf00000-76cb0c000000 rw-p 00000000 00:00 0 
76cb0c000000-76cb10000000 rw-p 00000000 00:00 0 
76cb10000000-76cb10001000 r--p 00000000 00:00 0 
76cb10001000-76cb10002000 r--p 00000000 103:02 9710676                   /usr/lib/x86_64-linux-gnu/libXdamage.so.1.1.0
76cb10002000-76cb10003000 r-xp 00001000 103:02 9710676                   /usr/lib/x86_64-linux-gnu/libXdamage.so.1.1.0
76cb10003000-76cb10004000 r--p 00002000 103:02 9710676                   /usr/lib/x86_64-linux-gnu/libXdamage.so.1.1.0
76cb10004000-76cb10005000 r--p 00002000 103:02 9710676                   /usr/lib/x86_64-linux-gnu/libXdamage.so.1.1.0
76cb10005000-76cb10006000 rw-p 00003000 103:02 9710676                   /usr/lib/x86_64-linux-gnu/libXdamage.so.1.1.0
76cb10006000-76cb1000a000 r--p 00000000 103:02 9710826                   /usr/lib/x86_64-linux-gnu/libcairo-gobject.so.2.11800.0
76cb1000a000-76cb1000c000 r-xp 00004000 103:02 9710826                   /usr/lib/x86_64-linux-gnu/libcairo-gobject.so.2.11800.0
76cb1000c000-76cb1000f000 r--p 00006000 103:02 9710826                   /usr/lib/x86_64-linux-gnu/libcairo-gobject.so.2.11800.0
76cb1000f000-76cb10011000 r--p 00008000 103:02 9710826                   /usr/lib/x86_64-linux-gnu/libcairo-gobject.so.2.11800.0
76cb10011000-76cb10012000 rw-p 0000a000 103:02 9710826                   /usr/lib/x86_64-linux-gnu/libcairo-gobject.so.2.11800.0
76cb10012000-76cb10013000 ---p 00000000 00:00 0 
76cb10013000-76cb10113000 rw-p 00000000 00:00 0 
76cb10113000-76cb10b1d000 rw-p 00000000 00:00 0 
76cb10b1d000-76cb10b1e000 ---p 00000000 00:00 0 
76cb10b1e000-76cb10c1e000 rw-p 00000000 00:00 0 
76cb10c1e000-76cb10c1f000 ---p 00000000 00:00 0 
76cb10c1f000-76cb10d1f000 rw-p 00000000 00:00 0 
76cb10d1f000-76cb10d20000 ---p 00000000 00:00 0 
76cb10d20000-76cb10e20000 rw-p 00000000 00:00 0 
76cb10e20000-76cb10fbc000 rw-p 00000000 00:00 0 
76cb10fbc000-76cb11108000 ---p 00000000 00:00 0 
76cb11108000-76cb112bc000 rw-p 00000000 00:00 0 
76cb112bc000-76cb11408000 ---p 00000000 00:00 0 
76cb11408000-76cb11e6f000 rw-p 00000000 00:00 0 
76cb11e6f000-76cb11f15000 ---p 00000000 00:00 0 
76cb11f15000-76cb11f8d000 rw-p 00000000 00:00 0 
76cb11f8d000-76cb12000000 ---p 00000000 00:00 0 
76cb12000000-76cb1209d000 r--p 00000000 103:02 9717818                   /usr/lib/x86_64-linux-gnu/libstdc++.so.6.0.33
76cb1209d000-76cb121e5000 r-xp 0009d000 103:02 9717818                   /usr/lib/x86_64-linux-gnu/libstdc++.so.6.0.33
76cb121e5000-76cb1226c000 r--p 001e5000 103:02 9717818                   /usr/lib/x86_64-linux-gnu/libstdc++.so.6.0.33
76cb1226c000-76cb12277000 r--p 0026b000 103:02 9717818                   /usr/lib/x86_64-linux-gnu/libstdc++.so.6.0.33
76cb12277000-76cb1227a000 rw-p 00276000 103:02 9717818                   /usr/lib/x86_64-linux-gnu/libstdc++.so.6.0.33
76cb1227a000-76cb1227e000 rw-p 00000000 00:00 0 
76cb1227e000-76cb1227f000 r--s 00000000 103:02 18874761                  /var/cache/fontconfig/3f7329c5293ffd510edef78f73874cfd-le64.cache-9
76cb12283000-76cb12297000 r--p 00000000 103:02 9728835                   /usr/share/fonts/opentype/urw-base35/NimbusMonoPS-Regular.otf
76cb12297000-76cb122eb000 r--p 00000000 103:02 9728867                   /usr/share/fonts/truetype/dejavu/DejaVuSansMono.ttf
76cb122eb000-76cb12300000 r--p 00000000 103:02 9728834                   /usr/share/fonts/opentype/urw-base35/NimbusMonoPS-Italic.otf
76cb12300000-76cb12304000 ---p 00000000 00:00 0 
76cb12304000-76cb12400000 rw-p 00000000 00:00 0 
76cb12400000-76cb126a2000 r--p 00000000 103:02 10096596                  /usr/lib/jvm/java-21-openjdk-amd64/lib/server/libjvm.so
76cb126a2000-76cb13518000 r-xp 002a2000 103:02 10096596                  /usr/lib/jvm/java-21-openjdk-amd64/lib/server/libjvm.so
76cb13518000-76cb137f2000 r--p 01118000 103:02 10096596                  /usr/lib/jvm/java-21-openjdk-amd64/lib/server/libjvm.so
76cb137f2000-76cb138c6000 r--p 013f1000 103:02 10096596                  /usr/lib/jvm/java-21-openjdk-amd64/lib/server/libjvm.so
76cb138c6000-76cb138f6000 rw-p 014c5000 103:02 10096596                  /usr/lib/jvm/java-21-openjdk-amd64/lib/server/libjvm.so
76cb138f6000-76cb1395c000 rw-p 00000000 00:00 0 
76cb1395c000-76cb1395d000 r--s 00000000 103:02 18881447                  /var/cache/fontconfig/e0aa53bcfa504e64f87823c16bc01eb6-le64.cache-9
76cb1395d000-76cb1395e000 r--s 00000000 00:3d 889                        /run/user/1000/dconf/user (deleted)
76cb1395e000-76cb1395f000 r--p 00000000 103:02 10487585                  /usr/share/locale-langpack/en/LC_MESSAGES/gtk30.mo
76cb1395f000-76cb13960000 r--p 00000000 103:02 9711427                   /usr/lib/x86_64-linux-gnu/libwayland-egl.so.1.22.0
76cb13960000-76cb13961000 r-xp 00001000 103:02 9711427                   /usr/lib/x86_64-linux-gnu/libwayland-egl.so.1.22.0
76cb13961000-76cb13962000 r--p 00002000 103:02 9711427                   /usr/lib/x86_64-linux-gnu/libwayland-egl.so.1.22.0
76cb13962000-76cb13963000 r--p 00002000 103:02 9711427                   /usr/lib/x86_64-linux-gnu/libwayland-egl.so.1.22.0
76cb13963000-76cb13964000 rw-p 00003000 103:02 9711427                   /usr/lib/x86_64-linux-gnu/libwayland-egl.so.1.22.0
76cb13964000-76cb139bf000 rw-p 00000000 00:00 0 
76cb139d0000-76cb139d1000 r--s 00000000 103:02 27807068                  /home/romaric/TOS_BD-20211109_1610-V8.0.1/workspace/.metadata/.plugins/org.eclipse.m2e.core/nexus/830bc118332e77292949ed1e6d2fabe0/_1c.fdt
76cb139d1000-76cb139d2000 r--s 00000000 103:02 27807076                  /home/romaric/TOS_BD-20211109_1610-V8.0.1/workspace/.metadata/.plugins/org.eclipse.m2e.core/nexus/830bc118332e77292949ed1e6d2fabe0/_1c.nvd
76cb139d2000-76cb139d3000 r--s 00000000 103:02 27807074                  /home/romaric/TOS_BD-20211109_1610-V8.0.1/workspace/.metadata/.plugins/org.eclipse.m2e.core/nexus/830bc118332e77292949ed1e6d2fabe0/_1c_Lucene50_0.tim
76cb139d3000-76cb139d4000 r--s 00000000 103:02 27807073                  /home/romaric/TOS_BD-20211109_1610-V8.0.1/workspace/.metadata/.plugins/org.eclipse.m2e.core/nexus/830bc118332e77292949ed1e6d2fabe0/_1c_Lucene50_0.pos
76cb139d4000-76cb139d5000 r--s 00000000 103:02 27807069                  /home/romaric/TOS_BD-20211109_1610-V8.0.1/workspace/.metadata/.plugins/org.eclipse.m2e.core/nexus/830bc118332e77292949ed1e6d2fabe0/_1c_Lucene50_0.doc
76cb139d8000-76cb139d9000 rw-s 00000000 00:01 28510                      /memfd:gdk-wayland (deleted)
76cb139d9000-76cb139da000 rw-s 00000000 00:01 32198                      /memfd:gdk-wayland (deleted)
76cb139da000-76cb139db000 rw-s 00000000 00:01 32197                      /memfd:gdk-wayland (deleted)
76cb139db000-76cb139dc000 rw-s 00000000 00:01 32196                      /memfd:gdk-wayland (deleted)
76cb139dc000-76cb139e0000 ---p 00000000 00:00 0 
76cb139e0000-76cb139fe000 rw-p 00000000 00:00 0 
76cb139fe000-76cb139ff000 r--s 00000000 103:02 27807046                  /home/romaric/TOS_BD-20211109_1610-V8.0.1/workspace/.metadata/.plugins/org.eclipse.m2e.core/nexus/830bc118332e77292949ed1e6d2fabe0/_1e.cfs
76cb139ff000-76cb13a00000 r--s 00000000 103:02 27806972                  /home/romaric/TOS_BD-20211109_1610-V8.0.1/workspace/.metadata/.plugins/org.eclipse.m2e.core/nexus/830bc118332e77292949ed1e6d2fabe0/_1d.cfs
76cb13a00000-76cb13a28000 r--p 00000000 103:02 9727968                   /usr/lib/x86_64-linux-gnu/libc.so.6
76cb13a28000-76cb13bb0000 r-xp 00028000 103:02 9727968                   /usr/lib/x86_64-linux-gnu/libc.so.6
76cb13bb0000-76cb13bff000 r--p 001b0000 103:02 9727968                   /usr/lib/x86_64-linux-gnu/libc.so.6
76cb13bff000-76cb13c03000 r--p 001fe000 103:02 9727968                   /usr/lib/x86_64-linux-gnu/libc.so.6
76cb13c03000-76cb13c05000 rw-p 00202000 103:02 9727968                   /usr/lib/x86_64-linux-gnu/libc.so.6
76cb13c05000-76cb13c12000 rw-p 00000000 00:00 0 
76cb13c12000-76cb13c13000 r--p 00000000 103:02 9728011                   /usr/lib/x86_64-linux-gnu/libdl.so.2
76cb13c13000-76cb13c14000 r-xp 00001000 103:02 9728011                   /usr/lib/x86_64-linux-gnu/libdl.so.2
76cb13c14000-76cb13c15000 r--p 00002000 103:02 9728011                   /usr/lib/x86_64-linux-gnu/libdl.so.2
76cb13c15000-76cb13c16000 r--p 00002000 103:02 9728011                   /usr/lib/x86_64-linux-gnu/libdl.so.2
76cb13c16000-76cb13c17000 rw-p 00003000 103:02 9728011                   /usr/lib/x86_64-linux-gnu/libdl.so.2
76cb13c17000-76cb13c18000 r--p 00000000 103:02 9728079                   /usr/lib/x86_64-linux-gnu/libpthread.so.0
76cb13c18000-76cb13c19000 r-xp 00001000 103:02 9728079                   /usr/lib/x86_64-linux-gnu/libpthread.so.0
76cb13c19000-76cb13c1a000 r--p 00002000 103:02 9728079                   /usr/lib/x86_64-linux-gnu/libpthread.so.0
76cb13c1a000-76cb13c1b000 r--p 00002000 103:02 9728079                   /usr/lib/x86_64-linux-gnu/libpthread.so.0
76cb13c1b000-76cb13c1c000 rw-p 00003000 103:02 9728079                   /usr/lib/x86_64-linux-gnu/libpthread.so.0
76cb13c1c000-76cb13c1e000 r--p 00000000 103:02 10096589                  /usr/lib/jvm/java-21-openjdk-amd64/lib/libzip.so
76cb13c1e000-76cb13c23000 r-xp 00002000 103:02 10096589                  /usr/lib/jvm/java-21-openjdk-amd64/lib/libzip.so
76cb13c23000-76cb13c25000 r--p 00007000 103:02 10096589                  /usr/lib/jvm/java-21-openjdk-amd64/lib/libzip.so
76cb13c25000-76cb13c26000 r--p 00008000 103:02 10096589                  /usr/lib/jvm/java-21-openjdk-amd64/lib/libzip.so
76cb13c26000-76cb13c27000 rw-p 00009000 103:02 10096589                  /usr/lib/jvm/java-21-openjdk-amd64/lib/libzip.so
76cb13c27000-76cb13c2a000 r--p 00000000 103:02 10096579                  /usr/lib/jvm/java-21-openjdk-amd64/lib/libnet.so
76cb13c2a000-76cb13c32000 r-xp 00003000 103:02 10096579                  /usr/lib/jvm/java-21-openjdk-amd64/lib/libnet.so
76cb13c32000-76cb13c34000 r--p 0000b000 103:02 10096579                  /usr/lib/jvm/java-21-openjdk-amd64/lib/libnet.so
76cb13c34000-76cb13c35000 r--p 0000c000 103:02 10096579                  /usr/lib/jvm/java-21-openjdk-amd64/lib/libnet.so
76cb13c35000-76cb13c36000 rw-p 0000d000 103:02 10096579                  /usr/lib/jvm/java-21-openjdk-amd64/lib/libnet.so
76cb13c36000-76cb13c3d000 r--p 00000000 103:02 10096581                  /usr/lib/jvm/java-21-openjdk-amd64/lib/libnio.so
76cb13c3d000-76cb13c46000 r-xp 00007000 103:02 10096581                  /usr/lib/jvm/java-21-openjdk-amd64/lib/libnio.so
76cb13c46000-76cb13c4a000 r--p 00010000 103:02 10096581                  /usr/lib/jvm/java-21-openjdk-amd64/lib/libnio.so
76cb13c4a000-76cb13c4b000 r--p 00014000 103:02 10096581                  /usr/lib/jvm/java-21-openjdk-amd64/lib/libnio.so
76cb13c4b000-76cb13c4c000 rw-p 00015000 103:02 10096581                  /usr/lib/jvm/java-21-openjdk-amd64/lib/libnio.so
76cb13c4c000-76cb13cb5000 rw-p 00000000 00:00 0 
76cb13cb5000-76cb13cbc000 ---p 00000000 00:00 0 
76cb13cbc000-76cb13cc9000 r--p 00000000 103:02 10096554                  /usr/lib/jvm/java-21-openjdk-amd64/lib/libjava.so
76cb13cc9000-76cb13cd8000 r-xp 0000d000 103:02 10096554                  /usr/lib/jvm/java-21-openjdk-amd64/lib/libjava.so
76cb13cd8000-76cb13cdd000 r--p 0001c000 103:02 10096554                  /usr/lib/jvm/java-21-openjdk-amd64/lib/libjava.so
76cb13cdd000-76cb13cde000 r--p 00021000 103:02 10096554                  /usr/lib/jvm/java-21-openjdk-amd64/lib/libjava.so
76cb13cde000-76cb13cdf000 rw-p 00022000 103:02 10096554                  /usr/lib/jvm/java-21-openjdk-amd64/lib/libjava.so
76cb13cdf000-76cb13ce0000 rw-p 00000000 00:00 0 
76cb13ce0000-76cb13ce4000 r--p 00000000 103:02 9721870                   /usr/lib/x86_64-linux-gnu/libgcc_s.so.1
76cb13ce4000-76cb13d08000 r-xp 00004000 103:02 9721870                   /usr/lib/x86_64-linux-gnu/libgcc_s.so.1
76cb13d08000-76cb13d0c000 r--p 00028000 103:02 9721870                   /usr/lib/x86_64-linux-gnu/libgcc_s.so.1
76cb13d0c000-76cb13d0d000 r--p 0002b000 103:02 9721870                   /usr/lib/x86_64-linux-gnu/libgcc_s.so.1
76cb13d0d000-76cb13d0e000 rw-p 0002c000 103:02 9721870                   /usr/lib/x86_64-linux-gnu/libgcc_s.so.1
76cb13d0e000-76cb13d1e000 r--p 00000000 103:02 9728012                   /usr/lib/x86_64-linux-gnu/libm.so.6
76cb13d1e000-76cb13d9d000 r-xp 00010000 103:02 9728012                   /usr/lib/x86_64-linux-gnu/libm.so.6
76cb13d9d000-76cb13df5000 r--p 0008f000 103:02 9728012                   /usr/lib/x86_64-linux-gnu/libm.so.6
76cb13df5000-76cb13df6000 r--p 000e7000 103:02 9728012                   /usr/lib/x86_64-linux-gnu/libm.so.6
76cb13df6000-76cb13df7000 rw-p 000e8000 103:02 9728012                   /usr/lib/x86_64-linux-gnu/libm.so.6
76cb13df7000-76cb13df9000 rw-p 00000000 00:00 0 
76cb13df9000-76cb13dfb000 r--p 00000000 103:02 10096558                  /usr/lib/jvm/java-21-openjdk-amd64/lib/libjli.so
76cb13dfb000-76cb13e05000 r-xp 00002000 103:02 10096558                  /usr/lib/jvm/java-21-openjdk-amd64/lib/libjli.so
76cb13e05000-76cb13e08000 r--p 0000c000 103:02 10096558                  /usr/lib/jvm/java-21-openjdk-amd64/lib/libjli.so
76cb13e08000-76cb13e09000 r--p 0000f000 103:02 10096558                  /usr/lib/jvm/java-21-openjdk-amd64/lib/libjli.so
76cb13e09000-76cb13e0a000 rw-p 00010000 103:02 10096558                  /usr/lib/jvm/java-21-openjdk-amd64/lib/libjli.so
76cb13e0a000-76cb13e0c000 r--p 00000000 103:02 9711482                   /usr/lib/x86_64-linux-gnu/libz.so.1.3
76cb13e0c000-76cb13e1e000 r-xp 00002000 103:02 9711482                   /usr/lib/x86_64-linux-gnu/libz.so.1.3
76cb13e1e000-76cb13e24000 r--p 00014000 103:02 9711482                   /usr/lib/x86_64-linux-gnu/libz.so.1.3
76cb13e24000-76cb13e25000 r--p 0001a000 103:02 9711482                   /usr/lib/x86_64-linux-gnu/libz.so.1.3
76cb13e25000-76cb13e26000 rw-p 0001b000 103:02 9711482                   /usr/lib/x86_64-linux-gnu/libz.so.1.3
76cb13e26000-76cb13e2e000 rw-s 00000000 103:02 393276                    /tmp/hsperfdata_romaric/1321150
76cb13e2e000-76cb13e2f000 ---p 00000000 00:00 0 
76cb13e2f000-76cb13e30000 r--p 00000000 00:00 0 
76cb13e30000-76cb13e31000 ---p 00000000 00:00 0 
76cb13e31000-76cb13e33000 r--p 00000000 103:02 10096557                  /usr/lib/jvm/java-21-openjdk-amd64/lib/libjimage.so
76cb13e33000-76cb13e36000 r-xp 00002000 103:02 10096557                  /usr/lib/jvm/java-21-openjdk-amd64/lib/libjimage.so
76cb13e36000-76cb13e37000 r--p 00005000 103:02 10096557                  /usr/lib/jvm/java-21-openjdk-amd64/lib/libjimage.so
76cb13e37000-76cb13e38000 r--p 00006000 103:02 10096557                  /usr/lib/jvm/java-21-openjdk-amd64/lib/libjimage.so
76cb13e38000-76cb13e39000 rw-p 00007000 103:02 10096557                  /usr/lib/jvm/java-21-openjdk-amd64/lib/libjimage.so
76cb13e39000-76cb13e3b000 rw-p 00000000 00:00 0 
76cb13e3b000-76cb13e3f000 r--p 00000000 00:00 0                          [vvar]
76cb13e3f000-76cb13e41000 r--p 00000000 00:00 0                          [vvar_vclock]
76cb13e41000-76cb13e43000 r-xp 00000000 00:00 0                          [vdso]
76cb13e43000-76cb13e44000 r--p 00000000 103:02 9727965                   /usr/lib/x86_64-linux-gnu/ld-linux-x86-64.so.2
76cb13e44000-76cb13e6f000 r-xp 00001000 103:02 9727965                   /usr/lib/x86_64-linux-gnu/ld-linux-x86-64.so.2
76cb13e6f000-76cb13e79000 r--p 0002c000 103:02 9727965                   /usr/lib/x86_64-linux-gnu/ld-linux-x86-64.so.2
76cb13e79000-76cb13e7b000 r--p 00036000 103:02 9727965                   /usr/lib/x86_64-linux-gnu/ld-linux-x86-64.so.2
76cb13e7b000-76cb13e7d000 rw-p 00038000 103:02 9727965                   /usr/lib/x86_64-linux-gnu/ld-linux-x86-64.so.2
7ffd00e20000-7ffd00e42000 rw-p 00000000 00:00 0                          [stack]
ffffffffff600000-ffffffffff601000 --xp 00000000 00:00 0                  [vsyscall]
Total number of mappings: 1560

JVMTI agents: none


VM Arguments:
jvm_args: -Xms512m -Xmx1536m -Dfile.encoding=UTF-8 -Dosgi.requiredJavaVersion=11 -XX:+UseG1GC -XX:+UseStringDeduplication -XX:MaxMetaspaceSize=512m --add-opens=java.base/java.lang=ALL-UNNAMED --add-opens=java.base/java.util=ALL-UNNAMED --add-modules=ALL-SYSTEM 
java_command: /home/romaric/TOS_BD-20211109_1610-V8.0.1/plugins/org.eclipse.equinox.launcher_1.6.200.v20210416-2027.jar -os linux -ws gtk -arch x86_64 -showsplash -launcher /home/romaric/TOS_BD-20211109_1610-V8.0.1/TOS_BD-linux-gtk-x86_64 -name TOS_BD-linux-gtk-x86_64 --launcher.library /home/romaric/TOS_BD-20211109_1610-V8.0.1/plugins/org.eclipse.equinox.launcher.gtk.linux.x86_64_1.2.200.v20210429-1609/eclipse_11401.so -startup /home/romaric/TOS_BD-20211109_1610-V8.0.1/plugins/org.eclipse.equinox.launcher_1.6.200.v20210416-2027.jar --launcher.overrideVmargs -exitdata 20010 -vm /usr/bin/java -vmargs -Xms512m -Xmx1536m -Dfile.encoding=UTF-8 -Dosgi.requiredJavaVersion=11 -XX:+UseG1GC -XX:+UseStringDeduplication -XX:MaxMetaspaceSize=512m --add-opens java.base/java.lang=ALL-UNNAMED --add-opens java.base/java.util=ALL-UNNAMED --add-modules=ALL-SYSTEM -jar /home/romaric/TOS_BD-20211109_1610-V8.0.1/plugins/org.eclipse.equinox.launcher_1.6.200.v20210416-2027.jar
java_class_path (initial): /home/romaric/TOS_BD-20211109_1610-V8.0.1/plugins/org.eclipse.equinox.launcher_1.6.200.v20210416-2027.jar
Launcher Type: SUN_STANDARD

[Global flags]
     intx CICompilerCount                          = 4                                         {product} {ergonomic}
   size_t CompressedClassSpaceSize                 = 436207616                                 {product} {ergonomic}
     uint ConcGCThreads                            = 3                                         {product} {ergonomic}
     uint G1ConcRefinementThreads                  = 10                                        {product} {ergonomic}
   size_t G1HeapRegionSize                         = 1048576                                   {product} {ergonomic}
    uintx GCDrainStackTargetSize                   = 64                                        {product} {ergonomic}
   size_t InitialHeapSize                          = 536870912                                 {product} {command line}
   size_t MarkStackSize                            = 4194304                                   {product} {ergonomic}
   size_t MaxHeapSize                              = 1610612736                                {product} {command line}
   size_t MaxMetaspaceSize                         = 536870912                                 {product} {command line}
   size_t MaxNewSize                               = 965738496                                 {product} {ergonomic}
   size_t MinHeapDeltaBytes                        = 1048576                                   {product} {ergonomic}
   size_t MinHeapSize                              = 536870912                                 {product} {command line}
    uintx NonNMethodCodeHeapSize                   = 5839372                                {pd product} {ergonomic}
    uintx NonProfiledCodeHeapSize                  = 122909434                              {pd product} {ergonomic}
    uintx ProfiledCodeHeapSize                     = 122909434                              {pd product} {ergonomic}
    uintx ReservedCodeCacheSize                    = 251658240                              {pd product} {ergonomic}
     bool SegmentedCodeCache                       = true                                      {product} {ergonomic}
   size_t SoftMaxHeapSize                          = 1610612736                             {manageable} {ergonomic}
     bool UseCompressedOops                        = true                           {product lp64_product} {ergonomic}
     bool UseG1GC                                  = true                                      {product} {command line}
     bool UseStringDeduplication                   = true                                      {product} {command line}

Logging:
Log output configuration:
 #0: stdout all=warning uptime,level,tags foldmultilines=false
 #1: stderr all=off uptime,level,tags foldmultilines=false

Release file:
IMPLEMENTOR="Ubuntu"
JAVA_RUNTIME_VERSION="21.0.10+7-Ubuntu-124.04"
JAVA_VERSION="21.0.10"
JAVA_VERSION_DATE="2026-01-20"
LIBC="gnu"
MODULES="java.base java.compiler java.datatransfer java.xml java.prefs java.desktop java.instrument java.logging java.management java.security.sasl java.naming java.rmi java.management.rmi java.net.http java.scripting java.security.jgss java.transaction.xa java.sql java.sql.rowset java.xml.crypto java.se java.smartcardio jdk.accessibility jdk.internal.jvmstat jdk.attach jdk.charsets jdk.internal.opt jdk.zipfs jdk.compiler jdk.crypto.ec jdk.crypto.cryptoki jdk.dynalink jdk.internal.ed jdk.editpad jdk.hotspot.agent jdk.httpserver jdk.incubator.vector jdk.internal.le jdk.internal.vm.ci jdk.internal.vm.compiler jdk.internal.vm.compiler.management jdk.jartool jdk.javadoc jdk.jcmd jdk.management jdk.management.agent jdk.jconsole jdk.jdeps jdk.jdwp.agent jdk.jdi jdk.jfr jdk.jlink jdk.jpackage jdk.jshell jdk.jsobject jdk.jstatd jdk.localedata jdk.management.jfr jdk.naming.dns jdk.naming.rmi jdk.net jdk.nio.mapmode jdk.random jdk.sctp jdk.security.auth jdk.security.jgss jdk.unsupported jdk.unsupported.desktop jdk.xml.dom"
OS_ARCH="x86_64"
OS_NAME="Linux"
SOURCE=""

Environment Variables:
PATH=/home/romaric/.local/share/pnpm:/home/romaric/.nvm/versions/node/v22.21.0/bin:/usr/local/sbin:/usr/local/bin:/usr/sbin:/usr/bin:/sbin:/bin:/usr/games:/usr/local/games:/snap/bin:/snap/bin
USERNAME=romaric
SHELL=/bin/bash
DISPLAY=:0
WAYLAND_DISPLAY=wayland-0
LANG=en_US.UTF-8
LC_NUMERIC=en_US.UTF-8
LC_TIME=en_US.UTF-8
TERM=xterm-256color

Active Locale:
LC_ALL=en_US.UTF-8
LC_COLLATE=en_US.UTF-8
LC_CTYPE=en_US.UTF-8
LC_MESSAGES=en_US.UTF-8
LC_MONETARY=en_US.UTF-8
LC_NUMERIC=en_US.UTF-8
LC_TIME=en_US.UTF-8

Signal Handlers:
   SIGSEGV: crash_handler in libjvm.so, mask=11100100010111111101111111111110, flags=SA_RESTART|SA_SIGINFO, unblocked
    SIGBUS: crash_handler in libjvm.so, mask=11100100010111111101111111111110, flags=SA_RESTART|SA_SIGINFO, unblocked
    SIGFPE: crash_handler in libjvm.so, mask=11100100010111111101111111111110, flags=SA_RESTART|SA_SIGINFO, unblocked
   SIGPIPE: SIG_IGN, mask=00000000000010000000000000000000, flags=SA_RESTART, blocked
  *** Handler was modified!
  *** Expected: javaSignalHandler in libjvm.so, mask=11100100110111111111111111111110, flags=SA_RESTART|SA_SIGINFO
   SIGXFSZ: javaSignalHandler in libjvm.so, mask=11100100010111111101111111111110, flags=SA_RESTART|SA_SIGINFO, blocked
    SIGILL: crash_handler in libjvm.so, mask=11100100010111111101111111111110, flags=SA_RESTART|SA_SIGINFO, unblocked
   SIGUSR2: SR_handler in libjvm.so, mask=00000000000000000000000000000000, flags=SA_RESTART|SA_SIGINFO, blocked
    SIGHUP: UserHandler in libjvm.so, mask=11100100010111111101111111111110, flags=SA_RESTART|SA_SIGINFO, blocked
    SIGINT: UserHandler in libjvm.so, mask=11100100010111111101111111111110, flags=SA_RESTART|SA_SIGINFO, blocked
   SIGTERM: UserHandler in libjvm.so, mask=11100100010111111101111111111110, flags=SA_RESTART|SA_SIGINFO, blocked
   SIGQUIT: UserHandler in libjvm.so, mask=11100100010111111101111111111110, flags=SA_RESTART|SA_SIGINFO, blocked
   SIGTRAP: crash_handler in libjvm.so, mask=11100100010111111101111111111110, flags=SA_RESTART|SA_SIGINFO, unblocked


Periodic native trim disabled

---------------  S Y S T E M  ---------------

OS:
DISTRIB_ID=Ubuntu
DISTRIB_RELEASE=24.04
DISTRIB_CODENAME=noble
DISTRIB_DESCRIPTION="Ubuntu 24.04.4 LTS"
uname: Linux 6.17.0-22-generic #22~24.04.1-Ubuntu SMP PREEMPT_DYNAMIC Thu Mar 26 15:25:54 UTC 2 x86_64
OS uptime: 4 days 20:21 hours
libc: glibc 2.39 NPTL 2.39 
rlimit (soft/hard): STACK 8192k/infinity , CORE 0k/infinity , NPROC 61808/61808 , NOFILE 1048576/1048576 , AS infinity/infinity , CPU infinity/infinity , DATA infinity/infinity , FSIZE infinity/infinity , MEMLOCK 2006556k/2006556k
load average: 3.32 1.90 1.36

/proc/meminfo:
MemTotal:       16052468 kB
MemFree:          422892 kB
MemAvailable:    3863552 kB
Buffers:          197600 kB
Cached:          4053328 kB
SwapCached:        79672 kB
Active:          4364996 kB
Inactive:        9524076 kB
Active(anon):    3722448 kB
Inactive(anon):  7139596 kB
Active(file):     642548 kB
Inactive(file):  2384480 kB
Unevictable:      152148 kB
Mlocked:             104 kB
SwapTotal:       4194300 kB
SwapFree:        3056920 kB
Zswap:                 0 kB
Zswapped:              0 kB
Dirty:             14016 kB
Writeback:             0 kB
AnonPages:       9774696 kB
Mapped:          1486764 kB
Shmem:           1223520 kB
KReclaimable:     785156 kB
Slab:            1193996 kB
SReclaimable:     785156 kB
SUnreclaim:       408840 kB
KernelStack:       37936 kB
PageTables:       132560 kB
SecPageTables:      7108 kB
NFS_Unstable:          0 kB
Bounce:                0 kB
WritebackTmp:          0 kB
CommitLimit:    12220532 kB
Committed_AS:   60450532 kB
VmallocTotal:   34359738367 kB
VmallocUsed:       91048 kB
VmallocChunk:          0 kB
Percpu:            16080 kB
HardwareCorrupted:     0 kB
AnonHugePages:         0 kB
ShmemHugePages:   389120 kB
ShmemPmdMapped:        0 kB
FileHugePages:     65536 kB
FilePmdMapped:     63488 kB
CmaTotal:              0 kB
CmaFree:               0 kB
Unaccepted:            0 kB
Balloon:               0 kB
HugePages_Total:       0
HugePages_Free:        0
HugePages_Rsvd:        0
HugePages_Surp:        0
Hugepagesize:       2048 kB
Hugetlb:               0 kB
DirectMap4k:      443480 kB
DirectMap2M:    11816960 kB
DirectMap1G:     5242880 kB

/sys/kernel/mm/transparent_hugepage/enabled: always [madvise] never
/sys/kernel/mm/transparent_hugepage/hpage_pmd_size: 2097152
/sys/kernel/mm/transparent_hugepage/defrag (defrag/compaction efforts parameter): always defer defer+madvise [madvise] never

Process Memory:
Virtual Size: 11114916K (peak: 11115440K)
Resident Set Size: 2240456K (peak: 2240456K) (anon: 1863540K, file: 177404K, shmem: 199512K)
Swapped out: 0K
C-Heap outstanding allocations: 247483K, retained: 373504K
glibc malloc tunables: (default)

/proc/sys/kernel/threads-max (system-wide limit on the number of threads): 123616
/proc/sys/vm/max_map_count (maximum number of memory map areas a process may have): 1048576
/proc/sys/vm/swappiness (control to define how aggressively the kernel swaps out anonymous memory): 60
/proc/sys/kernel/pid_max (system-wide limit on number of process identifiers): 4194304

container information not found.
Steal ticks since vm start: 0
Steal ticks percentage since vm start:  0.000

CPU: total 12 (initial active 12) (12 cores per cpu, 1 threads per core) family 6 model 186 stepping 3 microcode 0x6134, cx8, cmov, fxsr, mmx, 3dnowpref, sse, sse2, sse3, ssse3, sse4.1, sse4.2, popcnt, lzcnt, tsc, tscinvbit, avx, avx2, aes, erms, clmul, bmi1, bmi2, adx, sha, fma, vzeroupper, clflush, clflushopt, clwb, serialize, rdtscp, rdpid, fsrm, f16c, pku, ospke, cet_ibt, cet_ss
CPU Model and flags from /proc/cpuinfo:
model name	: 13th Gen Intel(R) Core(TM) i7-1355U
flags		: fpu vme de pse tsc msr pae mce cx8 apic sep mtrr pge mca cmov pat pse36 clflush dts acpi mmx fxsr sse sse2 ss ht tm pbe syscall nx pdpe1gb rdtscp lm constant_tsc art arch_perfmon pebs bts rep_good nopl xtopology nonstop_tsc cpuid aperfmperf tsc_known_freq pni pclmulqdq dtes64 monitor ds_cpl vmx smx est tm2 ssse3 sdbg fma cx16 xtpr pdcm pcid sse4_1 sse4_2 x2apic movbe popcnt tsc_deadline_timer aes xsave avx f16c rdrand lahf_lm abm 3dnowprefetch cpuid_fault epb ssbd ibrs ibpb stibp ibrs_enhanced tpr_shadow flexpriority ept vpid ept_ad fsgsbase tsc_adjust bmi1 avx2 smep bmi2 erms invpcid rdseed adx smap clflushopt clwb intel_pt sha_ni xsaveopt xsavec xgetbv1 xsaves split_lock_detect user_shstk avx_vnni dtherm ida arat pln pts hwp hwp_notify hwp_act_window hwp_epp hwp_pkg_req hfi vnmi umip pku ospke waitpkg gfni vaes vpclmulqdq rdpid movdiri movdir64b fsrm md_clear serialize arch_lbr ibt flush_l1d arch_capabilities

Online cpus: 0-11
Offline cpus: 
BIOS frequency limitation: <Not Available>
Frequency switch latency (ns): 0
Available cpu frequencies: <Not Available>
Current governor: powersave
Core performance/turbo boost: <Not Available>

Memory: 4k page, physical 16052468k(3863552k free), swap 4194300k(3056920k free)
Page Sizes: 4k

vm_info: OpenJDK 64-Bit Server VM (21.0.10+7-Ubuntu-124.04) for linux-amd64 JRE (21.0.10+7-Ubuntu-124.04), built on 2026-01-22T23:46:23Z by "buildd" with gcc 13.3.0

END.
